device_id,ipei,battery_level,device_location,model_hardware,signal_level,status,last_active,timestamp,location_name
VOCO_K101,0328E7B7E6,87.0,Fragrance 1,Callpoint 8910,-60.0,online,2026-08-14 04:12:15.147000+00:00,2026-08-14 04:26:14.561000+00:00,STUKTK_408(47/02/05)_Covent Garden
VOCO_K102,0328E8409F,55.0,,Callpoint 8910,-66.0,online,2026-08-14 04:16:57.360000+00:00,2026-08-14 04:26:14.561000+00:00,STUKTK_408(47/02/05)_Covent Garden
VOCO_K103,0328EA1184,83.0,Mens gold label,Callpoint 8910,-40.0,online,2026-08-14 04:13:38.295000+00:00,2026-08-14 04:26:14.561000+00:00,STUKTK_408(47/02/05)_Covent Garden
VOCO_K104,0328E7B836,100.0,Gold Label Handbags,Callpoint 8910,-58.0,online,2026-08-14 04:23:35.484000+00:00,2026-08-14 04:26:14.561000+00:00,STUKTK_408(47/02/05)_Covent Garden
VOCO_K105,0328E842C1,99.0,Handbags 1,Callpoint 8910,-34.0,online,2026-08-14 04:22:47.650000+00:00,2026-08-14 04:26:14.561000+00:00,STUKTK_408(47/02/05)_Covent Garden
VOCO_K106,0328E840CF,100.0,Handbags 2,Callpoint 8910,-64.0,online,2026-08-14 04:12:33.085000+00:00,2026-08-14 04:26:14.561000+00:00,STUKTK_408(47/02/05)_Covent Garden
VOCO_K107,0328E840FA,6.0,Handbags 3,Callpoint 8910,-68.0,online,2026-08-14 04:25:55.630000+00:00,2026-08-14 04:26:14.561000+00:00,STUKTK_408(47/02/05)_Covent Garden
VOCO_K108,0328E840F9,100.0,Handbags 4,Callpoint 8910,-64.0,online,2026-08-14 04:23:12.019000+00:00,2026-08-14 04:26:14.561000+00:00,STUKTK_408(47/02/05)_Covent Garden
VOCO_K109,0328E8407E,100.0,Handbags 6,Callpoint 8910,-62.0,online,2026-08-14 04:20:10.611000+00:00,2026-08-14 04:26:14.561000+00:00,STUKTK_408(47/02/05)_Covent Garden
VOCO_K110,0328E840EA,95.0,Handbags 5,Callpoint 8910,-40.0,offline,2026-08-14 04:21:34.669000+00:00,2026-08-14 04:26:14.561000+00:00,STUKTK_408(47/02/05)_Covent Garden
VOCO_K111,0328E84053,76.0,Click and collect,Callpoint 8910,-82.0,online,2026-08-14 04:13:37.769000+00:00,2026-08-14 04:26:14.561000+00:00,STUKTK_408(47/02/05)_Covent Garden
VOCO_K112,0328E84162,100.0,Handbags 7,Callpoint 8910,-60.0,offline,2026-08-14 04:24:47.302000+00:00,2026-08-14 04:26:14.561000+00:00,STUKTK_408(47/02/05)_Covent Garden
VOCO_K113,0328E84082,0.0,Fragrance 3,Callpoint 8910,-82.0,online,2026-08-14 04:25:55.781000+00:00,2026-08-14 04:26:14.561000+00:00,STUKTK_408(47/02/05)_Covent Garden
VOCO_K101,0328EA10A5,95.0,Jewellery 1 ,Callpoint 8910,-34.0,offline,2026-08-14 04:08:37.838000+00:00,2026-08-14 04:28:12.986000+00:00,ST_UKTKM_190_(25/3/4)Charlton
VOCO_K103,0328E329DB,100.0,Click and Collect,Callpoint 8910,-28.0,online,2026-08-14 04:15:49.246000+00:00,2026-08-14 04:28:12.986000+00:00,ST_UKTKM_190_(25/3/4)Charlton
VOCO_K104,0328E7BC8C,82.0,Jewellery 2,Callpoint 8910,-42.0,online,2026-08-14 04:28:05.003000+00:00,2026-08-14 04:28:12.986000+00:00,ST_UKTKM_190_(25/3/4)Charlton
VOCO_K101,0328E9CC6F,12.0,Click and Collect,Callpoint 8910,-34.0,online,2026-08-14 04:14:50.015000+00:00,2026-08-14 04:25:44.453000+00:00,ST_UKTK_0003(20/03/01)_Bristol Imperial
VOCO_K102,0328E9CC4A,100.0,Click and Collect 2,Callpoint 8910,-44.0,online,2026-08-14 04:19:35.536000+00:00,2026-08-14 04:25:44.453000+00:00,ST_UKTK_0003(20/03/01)_Bristol Imperial
VOCO_K101,0328E9CC8D,100.0,Sales Floor 1,Callpoint 8910,-32.0,online,2026-08-14 04:12:38.698000+00:00,2026-08-14 04:27:20.104000+00:00,ST_UKTK_0006(15/03/01)_Bishops Stortford_S5
VOCO_K103,0328E9CC8F,100.0,Click and Collect,Callpoint 8910,-32.0,online,2026-08-14 04:26:44.707000+00:00,2026-08-14 04:27:20.104000+00:00,ST_UKTK_0006(15/03/01)_Bishops Stortford_S5
VOCO_K103,0328E9CE58,100.0,Click and Collect,Callpoint 8910,-42.0,online,2026-08-14 04:18:37.907000+00:00,2026-08-14 04:28:55.315000+00:00,ST_UKTK_0007(25/03/01)_Eastbourne
VOCO_K104,0328EA74F9,0.0,sales floor 2,Callpoint 8910,-50.0,online,2026-08-14 04:16:43.986000+00:00,2026-08-14 04:28:55.315000+00:00,ST_UKTK_0007(25/03/01)_Eastbourne
VOCO_K103,0328E88D4E,100.0,Click and Collect,Callpoint 8910,-32.0,online,2026-08-14 04:23:20.874000+00:00,2026-08-14 04:28:33.636000+00:00,ST_UKTK_0103(60/04/01)_Reading
VOCO_K103,0328E89381,94.0,Click and Collect,Callpoint 8910,-42.0,online,2026-08-14 04:15:34.726000+00:00,2026-08-14 04:25:29.875000+00:00,ST_UKTK_0106(30/05/01)_Belfast
VOCO_K105,0328E89391,80.0,Jewellery 3,Callpoint 8910,-40.0,online,2026-08-14 04:23:07.298000+00:00,2026-08-14 04:25:29.875000+00:00,ST_UKTK_0106(30/05/01)_Belfast
VOCO_K101,0328E408DB,100.0,sales floor,Callpoint 8910,-36.0,online,2026-08-14 04:19:29.747000+00:00,2026-08-14 04:25:44.767000+00:00,ST_UKTK_0108(20/03/01)_Hanley_S5
VOCO_K102,0328E408EC,42.0,Click & Collect,Callpoint 8910,-34.0,online,2026-08-14 04:11:58.537000+00:00,2026-08-14 04:25:44.767000+00:00,ST_UKTK_0108(20/03/01)_Hanley_S5
VOCO_K103,0328E408C8,67.0,Fragrance,Callpoint 8910,-38.0,online,2026-08-14 04:20:36.939000+00:00,2026-08-14 04:25:44.767000+00:00,ST_UKTK_0108(20/03/01)_Hanley_S5
VOCO_K102,0328E40800,70.0,Handbags 4,Callpoint 8910,-54.0,online,2026-08-14 04:23:30.266000+00:00,2026-08-14 04:25:55.155000+00:00,ST_UKTK_0111(20/3)_Bournemouth
VOCO_K103,0328E84133,100.0,Handbags 2,Callpoint 8910,-32.0,online,2026-08-14 04:13:56.390000+00:00,2026-08-14 04:25:55.155000+00:00,ST_UKTK_0111(20/3)_Bournemouth
VOCO_K101,0328EA7454,100.0,Fragrance 1,Callpoint 8910,-44.0,online,2026-08-14 04:26:13.175000+00:00,2026-08-14 04:28:10.568000+00:00,ST_UKTK_0129(46/06)_Ealing
VOCO_K102,02EB63D37D,82.0,Mens Outerwear,Callpoint 8910,-42.0,offline,2026-08-13 09:13:04.215000+00:00,2026-08-14 04:28:10.568000+00:00,ST_UKTK_0129(46/06)_Ealing
VOCO_K103,0328EA742A,100.0,Fragrance 2,Callpoint 8910,-42.0,online,2026-08-14 04:24:36.484000+00:00,2026-08-14 04:28:10.568000+00:00,ST_UKTK_0129(46/06)_Ealing
VOCO_K104,0328EA7453,100.0,Fragrance 3 ,Callpoint 8910,-38.0,online,2026-08-14 04:27:24.186000+00:00,2026-08-14 04:28:10.568000+00:00,ST_UKTK_0129(46/06)_Ealing
VOCO_K105,0328E88BE9,0.0,Womens Outerwear,Callpoint 8910,-38.0,online,2026-08-14 04:13:26.393000+00:00,2026-08-14 04:28:10.568000+00:00,ST_UKTK_0129(46/06)_Ealing
VOCO_K106,0328E88D19,26.0,Click and Collect 2,Callpoint 8910,-48.0,online,2026-08-14 04:21:54.577000+00:00,2026-08-14 04:28:10.568000+00:00,ST_UKTK_0129(46/06)_Ealing
VOCO_K107,0328E88BF2,95.0,Gold Label Handbags 1,Callpoint 8910,-44.0,online,2026-08-14 04:17:01.471000+00:00,2026-08-14 04:28:10.568000+00:00,ST_UKTK_0129(46/06)_Ealing
VOCO_K108,0328EA752B,94.0,Jewellery 1,Callpoint 8910,-44.0,online,2026-08-14 04:17:04.073000+00:00,2026-08-14 04:28:10.568000+00:00,ST_UKTK_0129(46/06)_Ealing
VOCO_K102,0328E9CE52,0.0,Fragrance ,Callpoint 8910,-44.0,online,2026-08-14 04:17:59.923000+00:00,2026-08-14 04:26:57.220000+00:00,ST_UKTK_0142(20/02)_Southport_New
VOCO_K103,0328E7458D,0.0,Click collect,Callpoint 8910,-62.0,offline,2026-08-13 19:55:45.420000+00:00,2026-08-14 04:26:57.220000+00:00,ST_UKTK_0142(20/02)_Southport_New
VOCO_K101,0328E9CF4E,32.0,Click and collect,Callpoint 8910,-44.0,online,2026-08-14 04:25:35.577000+00:00,2026-08-14 04:29:22.414000+00:00,ST_UKTK_0150(20/01/01)_Bedford
VOCO_K102,0328E9CC5E,100.0,Fragrance,Callpoint 8910,-32.0,online,2026-08-14 04:26:56.851000+00:00,2026-08-14 04:29:22.414000+00:00,ST_UKTK_0150(20/01/01)_Bedford
VOCO_K103,0328E0F6F6,32.0,Click and Collect,Callpoint 8910,-38.0,online,2026-08-14 04:29:18.212000+00:00,2026-08-14 04:29:52.117000+00:00,ST_UKTK_0152(25/5)_Hackney
VOCO_K105,0328E8435D,36.0,Handbags 4,Callpoint 8910,-42.0,online,2026-08-14 04:23:11.846000+00:00,2026-08-14 04:29:52.117000+00:00,ST_UKTK_0152(25/5)_Hackney
VOCO_K107,0328E84147,5.0,Handbags 6,Callpoint 8910,-42.0,online,2026-08-14 04:28:15.302000+00:00,2026-08-14 04:29:52.117000+00:00,ST_UKTK_0152(25/5)_Hackney
VOCO_K108,0328E7B73E,82.0,Sales Floor 4,Callpoint 8910,-44.0,online,2026-08-14 04:26:13.341000+00:00,2026-08-14 04:29:52.117000+00:00,ST_UKTK_0152(25/5)_Hackney
VOCO_K109,0328E843BE,34.0,Handbags 3,Callpoint 8910,-44.0,online,2026-08-14 04:15:13.754000+00:00,2026-08-14 04:29:52.117000+00:00,ST_UKTK_0152(25/5)_Hackney
VOCO_K101,0328E9CCDF,5.0,Jewellery Counter 1,Callpoint 8910,-28.0,online,2026-08-14 04:24:31.930000+00:00,2026-08-14 04:26:27.423000+00:00,ST_UKTK_0153(25/02/01)Harrow
VOCO_K102,0328E8407D,32.0,Fragrance 1,Callpoint 8910,-34.0,online,2026-08-14 04:20:28.079000+00:00,2026-08-14 04:26:27.423000+00:00,ST_UKTK_0153(25/02/01)Harrow
VOCO_K103,0328E9CC6A,0.0,Handbags 1,Callpoint 8910,-40.0,offline,2026-08-13 18:23:00.568000+00:00,2026-08-14 04:26:27.423000+00:00,ST_UKTK_0153(25/02/01)Harrow
VOCO_K104,0328EA113F,37.0,Click and Collect 1,Callpoint 8910,-46.0,online,2026-08-14 04:20:32.616000+00:00,2026-08-14 04:26:27.423000+00:00,ST_UKTK_0153(25/02/01)Harrow
VOCO_K106,0328E3285E,100.0,Click and Collect 2,Callpoint 8910,-30.0,online,2026-08-14 04:21:54.572000+00:00,2026-08-14 04:26:27.423000+00:00,ST_UKTK_0153(25/02/01)Harrow
VOCO_K107,0328E3275A,36.0,Fragrance 2,Callpoint 8910,-26.0,online,2026-08-14 04:17:54.510000+00:00,2026-08-14 04:26:27.423000+00:00,ST_UKTK_0153(25/02/01)Harrow
VOCO_K101,0328EA659B,95.0,Sales Floor 1,Callpoint 8910,-40.0,online,2026-08-14 04:17:06.358000+00:00,2026-08-14 04:25:21.776000+00:00,ST_UKTK_0161(25/03/01)_Sunderland_S5
VOCO_K103,0328EA660F,100.0,Click and Collect,Callpoint 8910,-44.0,offline,2026-08-13 17:06:12.726000+00:00,2026-08-14 04:25:21.776000+00:00,ST_UKTK_0161(25/03/01)_Sunderland_S5
VOCO_K101,0328D343F1,8.0,Sales Floor 1,Callpoint 8910,-64.0,online,2026-08-14 04:28:13.537000+00:00,2026-08-14 04:28:18.838000+00:00,ST_UKTK_0172(51/06)_Wood Green
VOCO_K103,0328EA12A8,0.0,Click & Collect,Callpoint 8910,-76.0,offline,2026-08-13 15:03:11.748000+00:00,2026-08-14 04:26:13.451000+00:00,ST_UKTK_0172(51/06)_Wood Green
VOCO_K105,0328E8416C,100.0,Fragrance,Callpoint 8910,-62.0,online,2026-08-14 04:25:54.495000+00:00,2026-08-14 04:26:13.451000+00:00,ST_UKTK_0172(51/06)_Wood Green
VOCO_K108,0328E8414B,68.0,Sales Floor 4,Callpoint 8910,-50.0,online,2026-08-14 04:22:50.798000+00:00,2026-08-14 04:26:13.451000+00:00,ST_UKTK_0172(51/06)_Wood Green
VOCO_K101,0328E7B816,93.0,Fragrance 1,Callpoint 8910,-28.0,online,2026-08-14 04:15:08.841000+00:00,2026-08-14 04:25:52.566000+00:00,ST_UKTK_0173(75/25/01)_Manchester_S5 No.2
VOCO_K104,0328E7446C,100.0,Click and collect,Callpoint 8910,-70.0,online,2026-08-14 04:17:34.097000+00:00,2026-08-14 04:25:52.566000+00:00,ST_UKTK_0173(75/25/01)_Manchester_S5 No.2
VOCO_K105,0328E7B709,95.0,Fragrance 3,Callpoint 8910,-72.0,online,2026-08-14 04:18:51.346000+00:00,2026-08-14 04:25:52.566000+00:00,ST_UKTK_0173(75/25/01)_Manchester_S5 No.2
VOCO_K106,0328E842BA,95.0, womens outerwear.,Callpoint 8910,-68.0,online,2026-08-14 04:18:46.257000+00:00,2026-08-14 04:25:52.566000+00:00,ST_UKTK_0173(75/25/01)_Manchester_S5 No.2
VOCO_K107,0328E8930F,91.0,Mens outerwear,Callpoint 8910,-72.0,online,2026-08-14 04:18:31.464000+00:00,2026-08-14 04:25:52.566000+00:00,ST_UKTK_0173(75/25/01)_Manchester_S5 No.2
VOCO_K111,0328E7B744,0.0,Gold label handbags.,Callpoint 8910,-76.0,online,2026-08-13 20:23:58.916000+00:00,2026-08-14 04:25:52.566000+00:00,ST_UKTK_0173(75/25/01)_Manchester_S5 No.2
VOCO_K112,0328E84259,100.0,Handbags 3,Callpoint 8910,-66.0,online,2026-08-14 04:18:32.838000+00:00,2026-08-14 04:25:52.566000+00:00,ST_UKTK_0173(75/25/01)_Manchester_S5 No.2
VOCO_K119,0328E7B9EA,90.0,Gold label handbags 2,Callpoint 8910,-72.0,offline,2026-08-13 20:14:34.835000+00:00,2026-08-14 04:25:52.566000+00:00,ST_UKTK_0173(75/25/01)_Manchester_S5 No.2
VOCO_K121,0328E9CD91,100.0,Handbags ,Callpoint 8910,-66.0,online,2026-08-14 04:11:36.163000+00:00,2026-08-14 04:25:52.566000+00:00,ST_UKTK_0173(75/25/01)_Manchester_S5 No.2
VOCO_K101,0328E7B819,100.0,Handbags 1,Callpoint 8910,-34.0,online,2026-08-14 04:20:07.305000+00:00,2026-08-14 04:29:02.354000+00:00,ST_UKTK_0183(40/9)_Thurrock
VOCO_K102,0328E406E7,94.0,Mens Gold,Callpoint 8910,-38.0,online,2026-08-14 04:17:47.141000+00:00,2026-08-14 04:29:02.354000+00:00,ST_UKTK_0183(40/9)_Thurrock
VOCO_K103,0328E4084D,15.0,Fragrance ,Callpoint 8910,-44.0,online,2026-08-14 04:23:16.085000+00:00,2026-08-14 04:29:02.354000+00:00,ST_UKTK_0183(40/9)_Thurrock
VOCO_K104,0328E841FC,100.0,Jewellery 2,Callpoint 8910,-26.0,online,2026-08-14 04:26:09.072000+00:00,2026-08-14 04:29:02.354000+00:00,ST_UKTK_0183(40/9)_Thurrock
VOCO_K105,0328E84140,13.0,Fragrance 1,Callpoint 8910,-36.0,online,2026-08-14 04:25:19.501000+00:00,2026-08-14 04:29:02.354000+00:00,ST_UKTK_0183(40/9)_Thurrock
VOCO_K106,0328E406E6,89.0,Handbags 2,Callpoint 8910,-40.0,online,2026-08-14 04:20:49.504000+00:00,2026-08-14 04:29:02.354000+00:00,ST_UKTK_0183(40/9)_Thurrock
VOCO_K107,0328E8424C,100.0,Handbags 3,Callpoint 8910,-34.0,online,2026-08-14 04:22:29.931000+00:00,2026-08-14 04:29:02.354000+00:00,ST_UKTK_0183(40/9)_Thurrock
VOCO_K108,0328E84065,93.0,Handbags 4,Callpoint 8910,-36.0,online,2026-08-14 04:23:09.091000+00:00,2026-08-14 04:29:02.354000+00:00,ST_UKTK_0183(40/9)_Thurrock
VOCO_K109,0328E8405E,100.0,Home Dept,Callpoint 8910,-56.0,online,2026-08-14 04:24:30.301000+00:00,2026-08-14 04:29:02.354000+00:00,ST_UKTK_0183(40/9)_Thurrock
VOCO_K111,0328E84135,11.0,Handbags 5,Callpoint 8910,-44.0,online,2026-08-14 04:25:59.885000+00:00,2026-08-14 04:29:02.354000+00:00,ST_UKTK_0183(40/9)_Thurrock
VOCO_K101,0328E8434C,100.0,Handbags 1,Callpoint 8910,-44.0,online,2026-08-14 04:26:02.148000+00:00,2026-08-14 04:27:49.645000+00:00,ST_UKTK_0206(23/4)_Paisley
VOCO_K105,0328E9CD10,0.0,Fragrance 1,Callpoint 8910,-50.0,online,2026-08-14 04:26:08.607000+00:00,2026-08-14 04:27:49.645000+00:00,ST_UKTK_0206(23/4)_Paisley
VOCO_K101,0328EA13C9,100.0,Fragrance,Callpoint 8910,-40.0,offline,2026-08-13 11:02:15.017000+00:00,2026-08-14 04:26:51.104000+00:00,ST_UKTK_0224(25/05/02)_Uxbridge
VOCO_K102,0328E83381,82.0,Jewellery 1,Callpoint 8910,-38.0,online,2026-08-14 04:24:42.352000+00:00,2026-08-14 04:26:51.104000+00:00,ST_UKTK_0224(25/05/02)_Uxbridge
VOCO_K103,0328E7B9BE,4.0,Click and Collect 2,Callpoint 8910,-32.0,online,2026-08-14 04:25:20.843000+00:00,2026-08-14 04:26:51.104000+00:00,ST_UKTK_0224(25/05/02)_Uxbridge
VOCO_K105,0328E86F4D,100.0,Click and Collect 1,Callpoint 8910,-34.0,online,2026-08-14 04:19:55.125000+00:00,2026-08-14 04:26:51.104000+00:00,ST_UKTK_0224(25/05/02)_Uxbridge
VOCO_K106,0328E86FF4,95.0,Fragrance 1,Callpoint 8910,-52.0,offline,2026-08-13 13:06:29.161000+00:00,2026-08-14 04:26:51.104000+00:00,ST_UKTK_0224(25/05/02)_Uxbridge
VOCO_K101,0328E745E9,54.0,Fragrance,Callpoint 8910,-40.0,online,2026-08-14 04:18:47.263000+00:00,2026-08-14 04:26:59.872000+00:00,ST_UKTK_0238(35/05) Watford Atria
VOCO_K102,0328E745E5,95.0,Click and Collect 1,Callpoint 8910,-34.0,online,2026-08-14 04:16:18.712000+00:00,2026-08-14 04:26:59.872000+00:00,ST_UKTK_0238(35/05) Watford Atria
VOCO_K103,0328E745E6,81.0,Click and Collect,Callpoint 8910,-24.0,online,2026-08-14 04:21:52.402000+00:00,2026-08-14 04:26:59.872000+00:00,ST_UKTK_0238(35/05) Watford Atria
VOCO_K104,0328E84328,100.0,Gold Label Handbags,Callpoint 8910,-38.0,online,2026-08-14 04:14:01.133000+00:00,2026-08-14 04:26:59.872000+00:00,ST_UKTK_0238(35/05) Watford Atria
VOCO_K106,0328E88CD8,100.0,Fragrance 2,Callpoint 8910,-32.0,online,2026-08-14 04:15:35.228000+00:00,2026-08-14 04:26:59.872000+00:00,ST_UKTK_0238(35/05) Watford Atria
VOCO_K107,0328E407E5,69.0,Click & Collect 2,Callpoint 8910,-32.0,online,2026-08-14 04:16:01.493000+00:00,2026-08-14 04:26:59.872000+00:00,ST_UKTK_0238(35/05) Watford Atria
VOCO_K109,0328EA12C0,100.0,Mens Gold Label 1,Callpoint 8910,-32.0,online,2026-08-14 04:17:40.747000+00:00,2026-08-14 04:26:59.872000+00:00,ST_UKTK_0238(35/05) Watford Atria
VOCO_K110,0328E840A4,77.0,Jewellery 1,Callpoint 8910,-32.0,online,2026-08-14 04:16:46.891000+00:00,2026-08-14 04:26:59.872000+00:00,ST_UKTK_0238(35/05) Watford Atria
VOCO_K101,0328E9CD19,100.0,Fragrance 4,Callpoint 8910,-54.0,online,2026-08-14 04:15:09.286000+00:00,2026-08-14 04:25:26.831000+00:00,ST_UKTK_0249(73/10)_Hammersmith
VOCO_K102,0328E7B7E3,85.0,Jewellery 1,Callpoint 8910,-56.0,online,2026-08-14 04:15:36.087000+00:00,2026-08-14 04:25:26.831000+00:00,ST_UKTK_0249(73/10)_Hammersmith
VOCO_K103,0328E7B8CF,100.0,Click and Collect,Callpoint 8910,-62.0,offline,2026-08-13 21:25:35.887000+00:00,2026-08-14 04:25:26.831000+00:00,ST_UKTK_0249(73/10)_Hammersmith
VOCO_K104,0328E4083A,99.0,Jewellery 2,Callpoint 8910,-62.0,online,2026-08-14 04:15:26.466000+00:00,2026-08-14 04:25:26.831000+00:00,ST_UKTK_0249(73/10)_Hammersmith
VOCO_K105,0328E407DF,95.0,Jewellery 3,Callpoint 8910,-54.0,online,2026-08-14 04:15:32.922000+00:00,2026-08-14 04:25:26.831000+00:00,ST_UKTK_0249(73/10)_Hammersmith
VOCO_K106,0328E40892,100.0,Handbag 2,Callpoint 8910,-62.0,online,2026-08-14 04:15:13.026000+00:00,2026-08-14 04:25:26.831000+00:00,ST_UKTK_0249(73/10)_Hammersmith
VOCO_K107,0328E9CC76,100.0,Fragrance5,Callpoint 8910,-58.0,online,2026-08-14 04:21:49.901000+00:00,2026-08-14 04:25:26.831000+00:00,ST_UKTK_0249(73/10)_Hammersmith
VOCO_K108,0328E4081C,100.0,Fragrance 1,Callpoint 8910,-60.0,online,2026-08-14 04:17:22.986000+00:00,2026-08-14 04:25:26.831000+00:00,ST_UKTK_0249(73/10)_Hammersmith
VOCO_K110,0328E84061,100.0,Handbags 3,Callpoint 8910,-56.0,online,2026-08-14 04:14:10.458000+00:00,2026-08-14 04:25:26.831000+00:00,ST_UKTK_0249(73/10)_Hammersmith
VOCO_K112,0328E8416E,90.0,Handbags 4,Callpoint 8910,-50.0,offline,2026-08-13 20:10:22.934000+00:00,2026-08-14 04:25:26.831000+00:00,ST_UKTK_0249(73/10)_Hammersmith
VOCO_K113,0328E8414A,100.0,Handbags 5,Callpoint 8910,-58.0,online,2026-08-14 04:19:46.969000+00:00,2026-08-14 04:25:26.831000+00:00,ST_UKTK_0249(73/10)_Hammersmith
VOCO_K114,0328E8415F,71.0,Mens Gold,Callpoint 8910,-64.0,online,2026-08-14 04:22:37.278000+00:00,2026-08-14 04:25:26.831000+00:00,ST_UKTK_0249(73/10)_Hammersmith
VOCO_K115,0328E841AB,95.0,Handbags 7,Callpoint 8910,-56.0,online,2026-08-14 04:15:04.150000+00:00,2026-08-14 04:25:26.831000+00:00,ST_UKTK_0249(73/10)_Hammersmith
VOCO_K116,0328E841A6,94.0,Handbags 8,Callpoint 8910,-64.0,online,2026-08-14 04:15:05.403000+00:00,2026-08-14 04:25:26.831000+00:00,ST_UKTK_0249(73/10)_Hammersmith
VOCO_K119,0328E89399,100.0,Gold label Handbag 2,Callpoint 8910,-58.0,online,2026-08-14 04:16:36.204000+00:00,2026-08-14 04:25:26.831000+00:00,ST_UKTK_0249(73/10)_Hammersmith
VOCO_K101,0328E32759,95.0,Click and Collect,Callpoint 8910,-24.0,online,2026-08-14 04:24:17.776000+00:00,2026-08-14 04:26:06.018000+00:00,ST_UKTK_0256(34/5)_Leyton Mills
VOCO_K103,02EB63D089,55.0,click and collect2,Callpoint 8910,-40.0,online,2026-08-14 04:22:11.617000+00:00,2026-08-14 04:26:06.018000+00:00,ST_UKTK_0256(34/5)_Leyton Mills
VOCO_K108,0328E9CBF0,0.0,Fragrance,Callpoint 8910,-30.0,offline,2026-08-13 16:05:58.231000+00:00,2026-08-14 04:26:06.018000+00:00,ST_UKTK_0256(34/5)_Leyton Mills
VOCO_K109,0328E9CBBE,12.0,Handbags,Callpoint 8910,-40.0,online,2026-08-14 04:25:06.300000+00:00,2026-08-14 04:26:06.018000+00:00,ST_UKTK_0256(34/5)_Leyton Mills
VOCO_K102,0328E9CE45,100.0,Fragrance 1,Callpoint 8910,-26.0,online,2026-08-14 04:19:00.834000+00:00,2026-08-14 04:25:07.039000+00:00,ST_UKTK_0262(20/3)_Fareham
VOCO_K101,0328E842C5,53.0,Handbags 6,Callpoint 8910,-44.0,online,2026-08-14 04:19:03.412000+00:00,2026-08-14 04:26:09.679000+00:00,ST_UKTK_0270(77/7)_Bull Ring
VOCO_K102,0328E0F49E,79.0,Fragrance 1,Callpoint 8910,-58.0,online,2026-08-14 04:12:55.993000+00:00,2026-08-14 04:26:09.679000+00:00,ST_UKTK_0270(77/7)_Bull Ring
VOCO_K103,0328E97607,95.0,Handbags 2,Callpoint 8910,-50.0,online,2026-08-14 04:17:43.953000+00:00,2026-08-14 04:26:09.679000+00:00,ST_UKTK_0270(77/7)_Bull Ring
VOCO_K104,0328E843AB,95.0,Handbags 4,Callpoint 8910,-44.0,online,2026-08-14 04:23:34.742000+00:00,2026-08-14 04:26:09.679000+00:00,ST_UKTK_0270(77/7)_Bull Ring
VOCO_K105,0328E7B79D,100.0,Jewellery 1,Callpoint 8910,-46.0,online,2026-08-14 04:12:50.229000+00:00,2026-08-14 04:26:09.679000+00:00,ST_UKTK_0270(77/7)_Bull Ring
VOCO_K106,0328E86F73,23.0,Click and Collect,Callpoint 8910,-48.0,online,2026-08-14 04:20:39.924000+00:00,2026-08-14 04:26:09.679000+00:00,ST_UKTK_0270(77/7)_Bull Ring
VOCO_K107,0328E8706E,95.0,Handbags 7,Callpoint 8910,-48.0,offline,2026-08-13 12:33:20.473000+00:00,2026-08-14 04:26:09.679000+00:00,ST_UKTK_0270(77/7)_Bull Ring
VOCO_K108,0328E7B8FF,100.0,Handbags 8,Callpoint 8910,-50.0,online,2026-08-14 04:12:44.412000+00:00,2026-08-14 04:26:09.679000+00:00,ST_UKTK_0270(77/7)_Bull Ring
VOCO_K109,0328E8710B,61.0,Customer Toilets,Callpoint 8910,-52.0,online,2026-08-14 04:23:52.052000+00:00,2026-08-14 04:26:09.679000+00:00,ST_UKTK_0270(77/7)_Bull Ring
VOCO_K110,0328E9CD49,95.0,Hanbags 3 ,Callpoint 8910,-46.0,online,2026-08-14 04:11:58.306000+00:00,2026-08-14 04:26:09.679000+00:00,ST_UKTK_0270(77/7)_Bull Ring
VOCO_K112,0328EA1220,100.0,Mens Outerwear,Callpoint 8910,-50.0,online,2026-08-14 04:18:36.453000+00:00,2026-08-14 04:26:09.679000+00:00,ST_UKTK_0270(77/7)_Bull Ring
VOCO_K113,0328E84399,97.0,Handbags 5,Callpoint 8910,-46.0,online,2026-08-14 04:23:07.875000+00:00,2026-08-14 04:26:09.679000+00:00,ST_UKTK_0270(77/7)_Bull Ring
VOCO_K114,0328E842C4,0.0,Gold Label Handbags 1,Callpoint 8910,-44.0,online,2026-08-14 04:13:38.284000+00:00,2026-08-14 04:26:09.679000+00:00,ST_UKTK_0270(77/7)_Bull Ring
VOCO_K115,0328EA137C,100.0,Womens Outerwear,Callpoint 8910,-52.0,online,2026-08-14 04:22:32.576000+00:00,2026-08-14 04:26:09.679000+00:00,ST_UKTK_0270(77/7)_Bull Ring
VOCO_K117,0328E9CD5C,96.0,Handbags 1,Callpoint 8910,-56.0,online,2026-08-14 04:15:18.093000+00:00,2026-08-14 04:26:09.679000+00:00,ST_UKTK_0270(77/7)_Bull Ring
VOCO_K102,0328E840C2,4.0,Fragrance,Callpoint 8910,-48.0,online,2026-08-14 04:24:16.877000+00:00,2026-08-14 04:28:42.713000+00:00,ST_UKTK_0275(41/6)_Bromley
VOCO_K105,0328E9CC78,100.0,Click and Collect,Callpoint 8910,-50.0,online,2026-08-14 04:21:55.419000+00:00,2026-08-14 04:28:42.713000+00:00,ST_UKTK_0275(41/6)_Bromley
VOCO_K106,0328E9CC7A,100.0,Click and Collect,Callpoint 8910,-38.0,online,2026-08-14 04:25:56.149000+00:00,2026-08-14 04:28:42.713000+00:00,ST_UKTK_0275(41/6)_Bromley
VOCO_K104,0328EA73E5,82.0,Fragrance 2,Callpoint 8910,-70.0,offline,2026-08-13 17:20:37.601000+00:00,2026-08-14 04:26:52.907000+00:00,ST_UKTK_0279(40/5)_Clapham
VOCO_K105,0328E8406E,93.0,Click and Collect 2,Callpoint 8910,-56.0,online,2026-08-14 04:24:09.367000+00:00,2026-08-14 04:26:52.907000+00:00,ST_UKTK_0279(40/5)_Clapham
VOCO_K106,0328E7B8A6,95.0,Gold Label Handbags,Callpoint 8910,-42.0,online,2026-08-14 04:12:37.431000+00:00,2026-08-14 04:26:52.907000+00:00,ST_UKTK_0279(40/5)_Clapham
VOCO_K107,0328E87131,72.0,Handbag,Callpoint 8910,-44.0,online,2026-08-14 04:22:46.765000+00:00,2026-08-14 04:26:52.907000+00:00,ST_UKTK_0279(40/5)_Clapham
VOCO_K102,0328E891D7,100.0,Click and Collect 2,Callpoint 8910,-40.0,online,2026-08-14 04:26:15.257000+00:00,2026-08-14 04:29:14.121000+00:00,ST_UKTK_0285(30/5)_Kew
VOCO_K103,0328E891A7,100.0,Fragrance 1,Callpoint 8910,-40.0,online,2026-08-14 04:14:53.063000+00:00,2026-08-14 04:29:14.121000+00:00,ST_UKTK_0285(30/5)_Kew
VOCO_K101,0328E7BBE8,81.0,Click and Collect,Callpoint 8910,-24.0,online,2026-08-14 04:15:08.770000+00:00,2026-08-14 04:26:41.235000+00:00,ST_UKTK_0291(20/02/01)_Kettering
VOCO_K102,0328E96D3F,100.0,Fragerance,Callpoint 8910,-34.0,online,2026-08-14 04:24:14.502000+00:00,2026-08-14 04:26:41.235000+00:00,ST_UKTK_0291(20/02/01)_Kettering
VOCO_K103,0328E843B8,85.0,Handbags 3,Callpoint 8910,-42.0,offline,2026-08-13 19:52:42.782000+00:00,2026-08-14 04:27:46.121000+00:00,ST_UKTK_0292(41/7)_Lewisham
VOCO_K104,0328E86F9A,100.0,Handbags 2,Callpoint 8910,-44.0,online,2026-08-14 04:15:37.048000+00:00,2026-08-14 04:27:46.121000+00:00,ST_UKTK_0292(41/7)_Lewisham
VOCO_K105,0328E84024,0.0,Jewellery 1,Callpoint 8910,-56.0,online,2026-08-14 04:30:00.805000+00:00,2026-08-14 04:30:06.440000+00:00,ST_UKTK_0292(41/7)_Lewisham
VOCO_K107,0328E842CB,100.0,Fragrance 1,Callpoint 8910,-46.0,online,2026-08-14 04:22:36.182000+00:00,2026-08-14 04:27:46.121000+00:00,ST_UKTK_0292(41/7)_Lewisham
VOCO_K108,0328E84137,95.0,Handbags 5,Callpoint 8910,-38.0,online,2026-08-14 04:20:51.889000+00:00,2026-08-14 04:27:46.121000+00:00,ST_UKTK_0292(41/7)_Lewisham
VOCO_K109,0328E86F9E,98.0,Handbags 6,Callpoint 8910,-52.0,online,2026-08-14 04:25:07.135000+00:00,2026-08-14 04:27:46.121000+00:00,ST_UKTK_0292(41/7)_Lewisham
VOCO_K110,0328E86FED,0.0,Fragrance 2,Callpoint 8910,-40.0,offline,2026-08-13 19:55:44.022000+00:00,2026-08-14 04:27:46.121000+00:00,ST_UKTK_0292(41/7)_Lewisham
VOCO_K111,0328E894A4,100.0,Fragrance 3,Callpoint 8910,-44.0,online,2026-08-14 04:13:48.797000+00:00,2026-08-14 04:27:46.121000+00:00,ST_UKTK_0292(41/7)_Lewisham
VOCO_K102,0328E7B6C3,96.0,C&C 2,Callpoint 8910,-58.0,online,2026-08-14 04:29:48.489000+00:00,2026-08-14 04:30:00.646000+00:00,ST_UKTK_0301(20/05/01)_Hemel Hempstead_S5
VOCO_K102,0328E892AC,100.0,Sales Floor,Callpoint 8910,-56.0,online,2026-08-14 04:19:31.989000+00:00,2026-08-14 04:28:35.634000+00:00,ST_UKTK_0317(30/4)_Farnborough
VOCO_K106,0328E7B849,3.0,Sales Floor 1,Callpoint 8910,-36.0,offline,2026-08-13 15:18:03.646000+00:00,2026-08-14 04:28:35.634000+00:00,ST_UKTK_0317(30/4)_Farnborough
VOCO_K107,0328E89311,95.0,Click & Collect,Callpoint 8910,-58.0,online,2026-08-14 04:20:20.560000+00:00,2026-08-14 04:28:35.634000+00:00,ST_UKTK_0317(30/4)_Farnborough
VOCO_K101,0328EA662A,73.0,Fragrance,Callpoint 8910,-26.0,online,2026-08-14 04:18:55.656000+00:00,2026-08-14 04:27:29.648000+00:00,ST_UKTK_0323(25/03/01)_Ayr_S5
VOCO_K102,0328EA64F6,90.0,Jewellery 1,Callpoint 8910,-52.0,online,2026-08-14 04:20:55.956000+00:00,2026-08-14 04:27:29.648000+00:00,ST_UKTK_0323(25/03/01)_Ayr_S5
VOCO_K103,0328EA661A,93.0,Click and Collect,Callpoint 8910,-42.0,online,2026-08-14 04:19:04.586000+00:00,2026-08-14 04:27:29.648000+00:00,ST_UKTK_0323(25/03/01)_Ayr_S5
VOCO_K102,0328E40887,100.0,Fragrance,Callpoint 8910,-26.0,online,2026-08-14 04:14:21.049000+00:00,2026-08-14 04:27:09.419000+00:00,ST_UKTK_0330(20/3)_Corby
VOCO_K104,0328EA64B4,100.0,Click & Collect,Callpoint 8910,-28.0,online,2026-08-14 04:22:50.494000+00:00,2026-08-14 04:27:09.419000+00:00,ST_UKTK_0330(20/3)_Corby
VOCO_K102,0328D3377C,4.0,Jewellery 1,Callpoint 8910,-48.0,online,2026-08-14 04:26:40.075000+00:00,2026-08-14 04:27:52.028000+00:00,ST_UKTK_0344(30/6)_Wembley
VOCO_K103,0328E743E4,88.0,Click and Collect,Callpoint 8910,-46.0,online,2026-08-14 04:19:57.456000+00:00,2026-08-14 04:27:52.028000+00:00,ST_UKTK_0344(30/6)_Wembley
VOCO_K104,0328E4082D,4.0,Fragance,Callpoint 8910,-48.0,offline,2026-08-13 20:56:46.722000+00:00,2026-08-14 04:27:52.028000+00:00,ST_UKTK_0344(30/6)_Wembley
VOCO_K105,0328E843B1,83.0,Handbags 1,Callpoint 8910,-52.0,online,2026-08-14 04:25:35.339000+00:00,2026-08-14 04:27:52.028000+00:00,ST_UKTK_0344(30/6)_Wembley
VOCO_K106,0328E84351,90.0,Handbags 2,Callpoint 8910,-54.0,online,2026-08-14 04:26:39.334000+00:00,2026-08-14 04:27:52.028000+00:00,ST_UKTK_0344(30/6)_Wembley
VOCO_K108,0328E843C0,57.0,Handbags 4,Callpoint 8910,-38.0,online,2026-08-14 04:17:09.178000+00:00,2026-08-14 04:27:52.028000+00:00,ST_UKTK_0344(30/6)_Wembley
VOCO_K109,0328E84150,89.0,Handbags 5,Callpoint 8910,-34.0,online,2026-08-14 04:19:18.475000+00:00,2026-08-14 04:27:52.028000+00:00,ST_UKTK_0344(30/6)_Wembley
VOCO_K101,0328E9CE9E,0.0,Handbags 1,Callpoint 8910,-34.0,offline,2026-08-13 19:04:20.487000+00:00,2026-08-14 04:26:55.690000+00:00,ST_UKTK_0346(35/5)_Milton Keynes Centre
VOCO_K103,0328E8703D,100.0,Sales Floor 1,Callpoint 8910,-26.0,online,2026-08-14 04:12:34.198000+00:00,2026-08-14 04:26:55.690000+00:00,ST_UKTK_0346(35/5)_Milton Keynes Centre
VOCO_K105,0328E9CCBB,6.0,Click and Collect,Callpoint 8910,-42.0,online,2026-08-14 04:22:22.992000+00:00,2026-08-14 04:26:55.690000+00:00,ST_UKTK_0346(35/5)_Milton Keynes Centre
VOCO_K106,0328E9CCB1,100.0,Click and collect 2,Callpoint 8910,-26.0,online,2026-08-14 04:23:54.569000+00:00,2026-08-14 04:26:55.690000+00:00,ST_UKTK_0346(35/5)_Milton Keynes Centre
VOCO_K107,0328E9CCBC,0.0,fragrance,Callpoint 8910,-50.0,online,2026-08-14 04:25:14.589000+00:00,2026-08-14 04:26:55.690000+00:00,ST_UKTK_0346(35/5)_Milton Keynes Centre
VOCO_K102,0328E3216F,99.0,Jewellery 1,Callpoint 8910,-60.0,online,2026-08-14 04:17:59.300000+00:00,2026-08-14 04:25:29.936000+00:00,ST_UKTK_0353(30/4)_Windsor
VOCO_K102,0328E870DA,63.0,Jewellery,Callpoint 8910,-52.0,online,2026-08-14 04:25:06.073000+00:00,2026-08-14 04:25:10.760000+00:00,ST_UKTK_0358(30/4)_Wimbledon
VOCO_K105,0328EA6457,38.0,Click and collect,Callpoint 8910,-46.0,online,2026-08-14 04:18:48.568000+00:00,2026-08-14 04:25:10.760000+00:00,ST_UKTK_0358(30/4)_Wimbledon
VOCO_K103,0328E7433B,94.0,Click and Collect,Callpoint 8910,-42.0,online,2026-08-14 04:25:33.449000+00:00,2026-08-14 04:26:05.086000+00:00,ST_UKTK_0376(25/01)_Peterborough Queensgate_New
VOCO_K104,0328E9CBCE,0.0,Jewellery 2,Callpoint 8910,-46.0,offline,2026-08-13 17:11:39.321000+00:00,2026-08-14 04:26:05.086000+00:00,ST_UKTK_0376(25/01)_Peterborough Queensgate_New
VOCO_K105,0328E9CBB6,82.0,Jewellery 3,Callpoint 8910,-42.0,online,2026-08-14 04:25:46.843000+00:00,2026-08-14 04:26:05.086000+00:00,ST_UKTK_0376(25/01)_Peterborough Queensgate_New
VOCO_K107,0328E8930B,19.0,Sales Floor 3,Callpoint 8910,-46.0,online,2026-08-14 04:25:44.365000+00:00,2026-08-14 04:26:05.086000+00:00,ST_UKTK_0376(25/01)_Peterborough Queensgate_New
VOCO_K102,0328E9CDC4,100.0,Click and collect,Callpoint 8910,-38.0,online,2026-08-14 04:13:24.170000+00:00,2026-08-14 04:28:10.474000+00:00,ST_UKTK_0377(30/6)_Kilburn
VOCO_K104,0328E9CD8F,95.0,Click and collect 2,Callpoint 8910,-32.0,offline,2026-08-13 16:16:51.929000+00:00,2026-08-14 04:28:10.474000+00:00,ST_UKTK_0377(30/6)_Kilburn
VOCO_K105,0328E9CBE0,97.0,Fragrance,Callpoint 8910,-44.0,online,2026-08-14 04:14:49.344000+00:00,2026-08-14 04:28:10.474000+00:00,ST_UKTK_0377(30/6)_Kilburn
VOCO_K106,0328E9CE4C,100.0,Fragrance 1 ,Callpoint 8910,-50.0,online,2026-08-14 04:22:19.216000+00:00,2026-08-14 04:28:10.474000+00:00,ST_UKTK_0377(30/6)_Kilburn
VOCO_K101,0328E9CF07,82.0,Sales Floor 1,Callpoint 8910,-50.0,online,2026-08-14 04:25:56.655000+00:00,2026-08-14 04:27:26.593000+00:00,ST_UKTK_0383(70/08/01)_Meadowhall_New
VOCO_K103,0328E9CE67,100.0,Click and Collect,Callpoint 8910,-54.0,online,2026-08-14 04:14:40.920000+00:00,2026-08-14 04:27:26.593000+00:00,ST_UKTK_0383(70/08/01)_Meadowhall_New
VOCO_K105,0328EA11BF,100.0,Click and collect,Callpoint 8910,-62.0,online,2026-08-14 04:21:18.960000+00:00,2026-08-14 04:27:26.593000+00:00,ST_UKTK_0383(70/08/01)_Meadowhall_New
VOCO_K106,0328EA1196,100.0,Jewellery 3,Callpoint 8910,-54.0,online,2026-08-14 04:23:44.334000+00:00,2026-08-14 04:27:26.593000+00:00,ST_UKTK_0383(70/08/01)_Meadowhall_New
VOCO_K107,0328EA11AC,100.0,Sales floor ,Callpoint 8910,-50.0,online,2026-08-14 04:26:20.475000+00:00,2026-08-14 04:27:26.593000+00:00,ST_UKTK_0383(70/08/01)_Meadowhall_New
VOCO_K104,0328E843BD,100.0,Handbags 2,Callpoint 8910,-44.0,online,2026-08-14 04:15:33.152000+00:00,2026-08-14 04:28:16.389000+00:00,ST_UKTK_0757(20/3)_Derby Albion Street
VOCO_K101,0328E7B6F4,100.0,Click & Collect,Callpoint 8910,-40.0,online,2026-08-14 04:19:30.956000+00:00,2026-08-14 04:29:42.006000+00:00,ST_UKTK_0786(115/22/1)_Oxford Street London -1
VOCO_K102,0328E840A3,100.0,Fragrance 1,Callpoint 8910,-36.0,online,2026-08-14 04:15:23.037000+00:00,2026-08-14 04:29:42.006000+00:00,ST_UKTK_0786(115/22/1)_Oxford Street London -1
VOCO_K103,0328D338CC,100.0,Handbags 2,Callpoint 8910,-44.0,online,2026-08-14 04:28:13.548000+00:00,2026-08-14 04:29:42.006000+00:00,ST_UKTK_0786(115/22/1)_Oxford Street London -1
VOCO_K104,0328D3378E,99.0,Jewellery 2,Callpoint 8910,-58.0,offline,2026-08-13 07:26:25.354000+00:00,2026-08-14 04:29:42.006000+00:00,ST_UKTK_0786(115/22/1)_Oxford Street London -1
VOCO_K106,0328EA10E0,100.0,Handbags 7,Callpoint 8910,-40.0,online,2026-08-14 04:28:42.366000+00:00,2026-08-14 04:29:42.006000+00:00,ST_UKTK_0786(115/22/1)_Oxford Street London -1
VOCO_K108,0328EA74D9,83.0,Gold label handbags 4,Callpoint 8910,-38.0,online,2026-08-14 04:23:56.613000+00:00,2026-08-14 04:29:42.006000+00:00,ST_UKTK_0786(115/22/1)_Oxford Street London -1
VOCO_K112,0328E88CBE,100.0,Fragrance 3,Callpoint 8910,-44.0,online,2026-08-14 04:17:00.440000+00:00,2026-08-14 04:29:42.006000+00:00,ST_UKTK_0786(115/22/1)_Oxford Street London -1
VOCO_K113,0328E9CCBE,73.0,Gold Label Handbags 3,Callpoint 8910,-40.0,online,2026-08-14 04:28:31.423000+00:00,2026-08-14 04:29:42.006000+00:00,ST_UKTK_0786(115/22/1)_Oxford Street London -1
VOCO_K114,0328E89396,80.0,Mens Gold Label 2,Callpoint 8910,-44.0,online,2026-08-14 04:23:28.757000+00:00,2026-08-14 04:29:42.006000+00:00,ST_UKTK_0786(115/22/1)_Oxford Street London -1
VOCO_K115,0328E88CEA,100.0,handbags 4,Callpoint 8910,-38.0,online,2026-08-14 04:15:58.778000+00:00,2026-08-14 04:29:42.006000+00:00,ST_UKTK_0786(115/22/1)_Oxford Street London -1
VOCO_K117,0328EA76AD,100.0,Handbag 5,Callpoint 8910,-34.0,online,2026-08-14 04:25:41.673000+00:00,2026-08-14 04:29:42.006000+00:00,ST_UKTK_0786(115/22/1)_Oxford Street London -1
VOCO_K119,0328E88C47,100.0,Handbags 6,Callpoint 8910,-42.0,online,2026-08-14 04:17:27.213000+00:00,2026-08-14 04:29:42.006000+00:00,ST_UKTK_0786(115/22/1)_Oxford Street London -1
VOCO_K120,0328E89389,100.0,Gold Label Handbags 2,Callpoint 8910,-36.0,online,2026-08-14 04:21:11.523000+00:00,2026-08-14 04:29:42.006000+00:00,ST_UKTK_0786(115/22/1)_Oxford Street London -1
VOCO_K122,0328E9CD22,100.0,Gold Label Handbags 5,Callpoint 8910,-34.0,online,2026-08-14 04:29:04.130000+00:00,2026-08-14 04:29:42.006000+00:00,ST_UKTK_0786(115/22/1)_Oxford Street London -1
VOCO_K126,0328E88CFB,100.0,Mens Gold Label,Callpoint 8910,-40.0,online,2026-08-14 04:15:30.179000+00:00,2026-08-14 04:29:42.006000+00:00,ST_UKTK_0786(115/22/1)_Oxford Street London -1
VOCO_K129,0328E9CCC1,100.0,Handbags 1,Callpoint 8910,-36.0,online,2026-08-14 04:29:13.356000+00:00,2026-08-14 04:29:42.006000+00:00,ST_UKTK_0786(115/22/1)_Oxford Street London -1
VOCO_K130,0328E9CECC,20.0,Handbags 3,Callpoint 8910,-38.0,online,2026-08-14 04:16:44.376000+00:00,2026-08-14 04:29:42.006000+00:00,ST_UKTK_0786(115/22/1)_Oxford Street London -1
VOCO_K102,0328E843B7,5.0,Sales Floor 2,Callpoint 8910,-52.0,online,2026-08-14 04:25:03.917000+00:00,2026-08-14 04:29:20.628000+00:00,ST_UKTK_0787(20/3)_Bracknell
VOCO_K103,0328E40642,100.0,Fragrance,Callpoint 8910,-50.0,online,2026-08-14 04:21:32.018000+00:00,2026-08-14 04:29:20.628000+00:00,ST_UKTK_0787(20/3)_Bracknell
VOCO_K104,0328E32865,14.0,Click and Collect 1,Callpoint 8910,-48.0,online,2026-08-14 04:26:07.858000+00:00,2026-08-14 04:29:20.628000+00:00,ST_UKTK_0787(20/3)_Bracknell
VOCO_K105,0328EB7A08,100.0,Sales floor 1,Callpoint 8910,-44.0,online,2026-08-14 04:19:06.674000+00:00,2026-08-14 04:29:20.628000+00:00,ST_UKTK_0787(20/3)_Bracknell
VOCO_K106,0328E842A1,76.0,Sales floor 3,Callpoint 8910,-46.0,online,2026-08-14 04:16:47.185000+00:00,2026-08-14 04:29:20.628000+00:00,ST_UKTK_0787(20/3)_Bracknell
VOCO_K101,0328D3387C,48.0,click and collect,Callpoint 8910,-42.0,online,2026-08-14 04:15:41.240000+00:00,2026-08-14 04:28:36.566000+00:00,ST_UKTK_0788_(30/03/06)_Oxford_Westgate
VOCO_K102,0328E745E7,0.0,Jewellery 1,Callpoint 8910,-28.0,offline,2026-08-14 03:13:50.988000+00:00,2026-08-14 04:28:36.566000+00:00,ST_UKTK_0788_(30/03/06)_Oxford_Westgate
VOCO_K104,0328E84325,0.0,Fragrance,Callpoint 8910,-42.0,offline,2026-08-13 19:09:19.418000+00:00,2026-08-14 04:28:36.566000+00:00,ST_UKTK_0788_(30/03/06)_Oxford_Westgate
VOCO_K101,0328E745CF,44.0,Sales Floor 1,Callpoint 8910,-48.0,online,2026-08-14 04:29:50.545000+00:00,2026-08-14 04:30:01.881000+00:00,ST_UKTK_0798(20/02/03)_Workington
VOCO_K102,0328E74615,8.0,Jewellery 1,Callpoint 8910,-56.0,online,2026-08-14 04:20:09.940000+00:00,2026-08-14 04:30:01.881000+00:00,ST_UKTK_0798(20/02/03)_Workington
VOCO_K101,0328E8732D,0.0,Click & Collect,Callpoint 8910,-44.0,online,2026-08-14 04:16:12.102000+00:00,2026-08-14 04:27:22.774000+00:00,ST_UKTK_0799(30/03/05)_Glasgow Braehead
VOCO_K103,0328E89469,93.0,,Callpoint 8910,-26.0,online,2026-08-14 04:22:55.937000+00:00,2026-08-14 04:27:22.774000+00:00,ST_UKTK_0799(30/03/05)_Glasgow Braehead
VOCO_K104,0328E9CBAA,90.0,Fragrance 1,Callpoint 8910,-42.0,online,2026-08-14 04:23:33.020000+00:00,2026-08-14 04:27:22.774000+00:00,ST_UKTK_0799(30/03/05)_Glasgow Braehead
VOCO_K101,0328E88C18,0.0,gold label handbags 6,Callpoint 8910,-68.0,offline,2026-08-13 07:24:41.114000+00:00,2026-08-14 04:29:53.165000+00:00,ST_UKTK_0878(65/03/01)_London Marble Arch
VOCO_K102,0328E86FCA,85.0,Handbags 4,Callpoint 8910,-42.0,online,2026-08-14 04:21:36.507000+00:00,2026-08-14 04:29:53.165000+00:00,ST_UKTK_0878(65/03/01)_London Marble Arch
VOCO_K105,0328E870A4,100.0,Fragrance 2,Callpoint 8910,-32.0,online,2026-08-14 04:16:34.451000+00:00,2026-08-14 04:29:53.165000+00:00,ST_UKTK_0878(65/03/01)_London Marble Arch
VOCO_K106,0328E870B8,93.0,Gold Label Handbags 1,Callpoint 8910,-46.0,online,2026-08-14 04:28:43.427000+00:00,2026-08-14 04:29:53.165000+00:00,ST_UKTK_0878(65/03/01)_London Marble Arch
VOCO_K108,0328E86F75,84.0,HANDBAGS 2,Callpoint 8910,-40.0,online,2026-08-14 04:15:52.223000+00:00,2026-08-14 04:29:53.165000+00:00,ST_UKTK_0878(65/03/01)_London Marble Arch
VOCO_K110,0328E8936A,100.0,Sales floor 1,Callpoint 8910,-38.0,online,2026-08-14 04:27:16.357000+00:00,2026-08-14 04:29:53.165000+00:00,ST_UKTK_0878(65/03/01)_London Marble Arch
VOCO_K112,0328E88D0F,95.0,Handbags 1,Callpoint 8910,-42.0,online,2026-08-14 04:20:23.649000+00:00,2026-08-14 04:29:53.165000+00:00,ST_UKTK_0878(65/03/01)_London Marble Arch
VOCO_K113,0328E8404C,100.0,Fragrance,Callpoint 8910,-44.0,online,2026-08-14 04:16:56.804000+00:00,2026-08-14 04:29:53.165000+00:00,ST_UKTK_0878(65/03/01)_London Marble Arch
VOCO_K114,0328E9CD50,86.0,sales floor 2,Callpoint 8910,-34.0,online,2026-08-14 04:23:41.357000+00:00,2026-08-14 04:29:53.165000+00:00,ST_UKTK_0878(65/03/01)_London Marble Arch
VOCO_K103,0328E74341,100.0,Click and Collect,Callpoint 8910,-48.0,online,2026-08-14 04:26:17.045000+00:00,2026-08-14 04:29:53.638000+00:00,ST_UKTK_101(35/02/04)_Bristol
VOCO_K104,0328E841C5,52.0,Fragrance,Callpoint 8910,-52.0,online,2026-08-14 04:15:37.577000+00:00,2026-08-14 04:29:53.638000+00:00,ST_UKTK_101(35/02/04)_Bristol
VOCO_K106,0328E88C81,100.0,Gold Label Handbag,Callpoint 8910,-50.0,online,2026-08-14 04:24:40.330000+00:00,2026-08-14 04:29:53.638000+00:00,ST_UKTK_101(35/02/04)_Bristol
VOCO_K101,0328E7B71E,0.0,Fragrance 2,Callpoint 8910,-86.0,online,2026-08-14 04:23:07.506000+00:00,2026-08-14 04:26:34.282000+00:00,ST_UKTK_105(30/01/03)_Hatfield
VOCO_K102,0328E9CBE9,81.0,Handbags,Callpoint 8910,-58.0,offline,2026-08-13 08:02:47.103000+00:00,2026-08-14 04:26:34.282000+00:00,ST_UKTK_105(30/01/03)_Hatfield
VOCO_K104,0328E9CBEB,100.0,Click and collect 2,Callpoint 8910,-88.0,online,2026-08-14 04:15:11.347000+00:00,2026-08-14 04:26:34.282000+00:00,ST_UKTK_105(30/01/03)_Hatfield
VOCO_K101,0328E32675,99.0,Mens Gold Label 1,Callpoint 8910,-32.0,online,2026-08-14 04:27:35.174000+00:00,2026-08-14 04:29:28.147000+00:00,ST_UKTK_107(35/02/04)_Newcastle
VOCO_K102,0328E7BE23,100.0,Fragrance 1,Callpoint 8910,-42.0,online,2026-08-14 04:25:05.971000+00:00,2026-08-14 04:29:28.147000+00:00,ST_UKTK_107(35/02/04)_Newcastle
VOCO_K103,0328E871A6,100.0,Click and Collect,Callpoint 8910,-62.0,online,2026-08-14 04:19:44.326000+00:00,2026-08-14 04:29:28.147000+00:00,ST_UKTK_107(35/02/04)_Newcastle
VOCO_K101,0328E7B90F,95.0,Sales Floor 1,Callpoint 8910,-64.0,online,2026-08-14 04:20:57.765000+00:00,2026-08-14 04:29:12.688000+00:00,ST_UKTK_109(23/03/02)_Woking
VOCO_K102,0328E7B8FD,95.0,Click and Collect 1,Callpoint 8910,-68.0,online,2026-08-14 04:26:00.488000+00:00,2026-08-14 04:29:12.688000+00:00,ST_UKTK_109(23/03/02)_Woking
VOCO_K104,0328D33975,0.0,Jewellery 2,Callpoint 8910,-68.0,offline,2026-08-13 19:34:09.887000+00:00,2026-08-14 04:29:12.688000+00:00,ST_UKTK_109(23/03/02)_Woking
VOCO_K105,0328E407A5,90.0,Jewellery 3,Callpoint 8910,-50.0,online,2026-08-14 04:28:32.339000+00:00,2026-08-14 04:29:12.688000+00:00,ST_UKTK_109(23/03/02)_Woking
VOCO_K101,0328E89377,5.0,Sales Floor 1,Callpoint 8910,-52.0,online,2026-08-14 04:23:32.674000+00:00,2026-08-14 04:26:49.534000+00:00,ST_UKTK_112(25/03/)_Hull
VOCO_K102,0328E89373,100.0,Fragrance,Callpoint 8910,-72.0,online,2026-08-14 04:26:34.289000+00:00,2026-08-14 04:26:49.534000+00:00,ST_UKTK_112(25/03/)_Hull
VOCO_K103,0328E0F774,68.0,Click and Collect,Callpoint 8910,-56.0,online,2026-08-14 04:21:43.351000+00:00,2026-08-14 04:26:49.534000+00:00,ST_UKTK_112(25/03/)_Hull
VOCO_K103,0328E32860,95.0,Click and Collect,Callpoint 8910,-52.0,online,2026-08-14 04:29:04.211000+00:00,2026-08-14 04:29:21.096000+00:00,ST_UKTK_114(18/4)_Salisbury
VOCO_K104,0328E32619,95.0,Fragrance,Callpoint 8910,-54.0,offline,2026-08-13 16:21:53.320000+00:00,2026-08-14 04:29:21.096000+00:00,ST_UKTK_114(18/4)_Salisbury
VOCO_K103,0328E7438C,32.0,Click and Collect,Callpoint 8910,-36.0,online,2026-08-14 04:24:18.134000+00:00,2026-08-14 04:27:28.247000+00:00,ST_UKTK_115(25/02/04)_Banbury
VOCO_K101,0328E4078B,100.0,Jewellery,Callpoint 8910,-36.0,online,2026-08-14 04:26:25.059000+00:00,2026-08-14 04:29:37.448000+00:00,ST_UKTK_116(20/2)_Preston
VOCO_K104,0328E0F6C4,100.0,Click and collect,Callpoint 8910,-42.0,online,2026-08-14 04:27:38.738000+00:00,2026-08-14 04:29:37.448000+00:00,ST_UKTK_116(20/2)_Preston
VOCO_K105,0328D2FA47,71.0,Fragrance,Callpoint 8910,-54.0,online,2026-08-14 04:26:27.104000+00:00,2026-08-14 04:29:37.448000+00:00,ST_UKTK_116(20/2)_Preston
VOCO_K101,0328E7B91F,49.0,Fragrance,Callpoint 8910,-52.0,online,2026-08-14 04:28:30.538000+00:00,2026-08-14 04:29:16.609000+00:00,ST_UKTK_117(30/03/05)_Ilford
VOCO_K103,0328E7B92A,95.0,Click and Collect,Callpoint 8910,-30.0,online,2026-08-14 04:24:52.589000+00:00,2026-08-14 04:29:16.609000+00:00,ST_UKTK_117(30/03/05)_Ilford
VOCO_K106,0328E9CC65,9.0,Mens Department,Callpoint 8910,-36.0,offline,2026-08-14 04:23:32.841000+00:00,2026-08-14 04:29:16.609000+00:00,ST_UKTK_117(30/03/05)_Ilford
VOCO_K107,0328E9CCC8,100.0,Womens Department,Callpoint 8910,-52.0,online,2026-08-14 04:27:59.172000+00:00,2026-08-14 04:29:16.609000+00:00,ST_UKTK_117(30/03/05)_Ilford
VOCO_K103,02EB63D1D0,90.0,Click and Collect,Callpoint 8910,-42.0,online,2026-08-14 04:25:54.407000+00:00,2026-08-14 04:26:52.078000+00:00,ST_UKTK_118(28/05/02)_Glasgow
VOCO_K105,02EB63D29C,0.0,Sales Floor 3,Callpoint 8910,-34.0,offline,2026-08-14 04:23:16.129000+00:00,2026-08-14 04:26:52.078000+00:00,ST_UKTK_118(28/05/02)_Glasgow
VOCO_K101,0328E834D7,87.0,Fragrance,Callpoint 8910,-50.0,online,2026-08-14 04:21:58.548000+00:00,2026-08-14 04:25:12.557000+00:00,ST_UKTK_119(25/01/04)_Harrogate
VOCO_K102,0328D343A0,94.0,Click and Collect,Callpoint 8910,-46.0,online,2026-08-14 04:17:07.913000+00:00,2026-08-14 04:25:12.557000+00:00,ST_UKTK_119(25/01/04)_Harrogate
VOCO_K101,0328E329CE,82.0,Click and Collect,Callpoint 8910,-42.0,online,2026-08-14 04:25:50.906000+00:00,2026-08-14 04:27:42.069000+00:00,ST_UKTK_120(30/3/5)_Merry Hill
VOCO_K102,0328E329D9,84.0,Fragrance,Callpoint 8910,-42.0,online,2026-08-14 04:14:40.326000+00:00,2026-08-14 04:27:42.069000+00:00,ST_UKTK_120(30/3/5)_Merry Hill
VOCO_K102,0328DAC08A,100.0,Click and collect 2,Callpoint 8910,-50.0,online,2026-08-14 04:15:41.582000+00:00,2026-08-14 04:28:51.761000+00:00,ST_UKTK_121(35/02/05)_Leicester
VOCO_K103,0328E7B74B,68.0,Click and Collect,Callpoint 8910,-46.0,online,2026-08-14 04:28:27.631000+00:00,2026-08-14 04:28:51.761000+00:00,ST_UKTK_121(35/02/05)_Leicester
VOCO_K101,0328D343E1,82.0,Sales Floor 1,Callpoint 8910,-70.0,online,2026-08-14 04:22:42.789000+00:00,2026-08-14 04:28:32.101000+00:00,ST_UKTK_122(30/2)_Plymouth
VOCO_K102,0328EA13B6,11.0,Fragrance,Callpoint 8910,-52.0,online,2026-08-14 04:15:54.141000+00:00,2026-08-14 04:28:32.101000+00:00,ST_UKTK_122(30/2)_Plymouth
VOCO_K102,0328E88CF6,29.0,Fragrance 2,Callpoint 8910,-32.0,online,2026-08-14 04:16:20.108000+00:00,2026-08-14 04:25:58.185000+00:00,ST_UKTK_123(35/02/06)_Sheffield
VOCO_K103,0328DAC096,40.0,Click and Collect,Callpoint 8910,-42.0,online,2026-08-14 04:24:13.733000+00:00,2026-08-14 04:25:58.185000+00:00,ST_UKTK_123(35/02/06)_Sheffield
VOCO_K104,0328E832FF,94.0,Fragrance 1 ,Callpoint 8910,-46.0,online,2026-08-14 04:25:43.966000+00:00,2026-08-14 04:25:58.185000+00:00,ST_UKTK_123(35/02/06)_Sheffield
VOCO_K101,0328E744B9,100.0,Click and Collect,Callpoint 8910,-72.0,online,2026-08-14 04:17:19.856000+00:00,2026-08-14 04:28:33.765000+00:00,ST_UKTK_127(41/03/04)_Leeds
VOCO_K102,0328E74335,95.0,Fragrance 1,Callpoint 8910,-66.0,offline,2026-08-13 06:57:07.556000+00:00,2026-08-14 04:28:33.765000+00:00,ST_UKTK_127(41/03/04)_Leeds
VOCO_K104,0328E744B4,100.0,Sales Floor 1,Callpoint 8910,-74.0,online,2026-08-14 04:13:38.461000+00:00,2026-08-14 04:28:33.765000+00:00,ST_UKTK_127(41/03/04)_Leeds
VOCO_K109,0328EA1115,95.0,Sales floor 3,Callpoint 8910,-68.0,online,2026-08-14 04:15:24.029000+00:00,2026-08-14 04:28:33.765000+00:00,ST_UKTK_127(41/03/04)_Leeds
VOCO_K102,0328E7BE0B,100.0,Click and Collect 1,Callpoint 8910,-40.0,online,2026-08-14 04:19:55.288000+00:00,2026-08-14 04:26:45.330000+00:00,ST_UKTK_128(25/02/04)_Cheltenham
VOCO_K103,0328D33AF0,81.0,Fragrance 2,Callpoint 8910,-60.0,online,2026-08-14 04:23:32.286000+00:00,2026-08-14 04:26:45.330000+00:00,ST_UKTK_128(25/02/04)_Cheltenham
VOCO_K104,0328EA1315,5.0,Jewellery 1,Callpoint 8910,-56.0,online,2026-08-14 04:22:41.730000+00:00,2026-08-14 04:26:45.330000+00:00,ST_UKTK_128(25/02/04)_Cheltenham
VOCO_K101,0328D33951,68.0,Sales Floor 1,Callpoint 8910,-44.0,online,2026-08-14 04:26:27.440000+00:00,2026-08-14 04:28:38.603000+00:00,ST_UKTK_130(25/02/04)_Lincoln
VOCO_K102,0328D33970,100.0,Jewellery 1,Callpoint 8910,-44.0,online,2026-08-14 04:28:26.225000+00:00,2026-08-14 04:28:38.603000+00:00,ST_UKTK_130(25/02/04)_Lincoln
VOCO_K103,0328D3397A,9.0,Click and Collect,Callpoint 8910,-50.0,online,2026-08-14 04:24:49.534000+00:00,2026-08-14 04:28:38.603000+00:00,ST_UKTK_130(25/02/04)_Lincoln
VOCO_K104,0328E9CCAB,3.0,Fragrance,Callpoint 8910,-58.0,online,2026-08-14 04:13:46.105000+00:00,2026-08-14 04:28:38.603000+00:00,ST_UKTK_130(25/02/04)_Lincoln
VOCO_K101,0328E9CC9B,0.0,Fragrance 1,Callpoint 8910,-44.0,offline,2026-08-13 09:31:09.909000+00:00,2026-08-14 04:26:16.427000+00:00,ST_UKTK_131(15/1)_Sheffield Wadsley Bridge
VOCO_K101,0328E742A2,100.0,Click and collect,Callpoint 8910,-62.0,online,2026-08-14 04:21:49.687000+00:00,2026-08-14 04:26:03.894000+00:00,ST_UKTK_135(20/3/4)_Team Valley
VOCO_K102,0328DABB28,98.0,Fragrance,Callpoint 8910,-58.0,online,2026-08-14 04:12:15.639000+00:00,2026-08-14 04:26:03.894000+00:00,ST_UKTK_135(20/3/4)_Team Valley
VOCO_K103,0328E9CC6C,100.0,Home Department ,Callpoint 8910,-52.0,online,2026-08-14 04:23:30.112000+00:00,2026-08-14 04:26:03.894000+00:00,ST_UKTK_135(20/3/4)_Team Valley
VOCO_K109,0328DAC0B9,100.0,Home Dept,Callpoint 8910,-58.0,online,2026-08-14 04:24:52.129000+00:00,2026-08-14 04:26:03.894000+00:00,ST_UKTK_135(20/3/4)_Team Valley
VOCO_K101,0328E405F9,92.0,Click and collect,Callpoint 8910,-52.0,online,2026-08-14 04:17:20.635000+00:00,2026-08-14 04:29:54.530000+00:00,ST_UKTK_136(20/03/04)_Falkirk
VOCO_K104,0328E8947D,97.0,Click and Collect,Callpoint 8910,-62.0,online,2026-08-14 04:24:59.635000+00:00,2026-08-14 04:29:03.911000+00:00,ST_UKTK_138(41/03/10)_Cardiff
VOCO_K106,0328E89369,100.0,Jewellery,Callpoint 8910,-48.0,online,2026-08-14 04:27:57.452000+00:00,2026-08-14 04:29:03.911000+00:00,ST_UKTK_138(41/03/10)_Cardiff
VOCO_K101,0328E86FB7,100.0,Click and Collect,Callpoint 8910,-52.0,online,2026-08-14 04:23:13.774000+00:00,2026-08-14 04:25:51.923000+00:00,ST_UKTK_140(23/03/02)_Ipswich
VOCO_K103,0328E86FC9,0.0,Jewellery 2,Callpoint 8910,-50.0,offline,2026-08-13 06:16:20.591000+00:00,2026-08-14 04:25:51.923000+00:00,ST_UKTK_140(23/03/02)_Ipswich
VOCO_K104,0328E86D9E,28.0,Fragrance,Callpoint 8910,-52.0,online,2026-08-14 04:23:57.375000+00:00,2026-08-14 04:25:51.923000+00:00,ST_UKTK_140(23/03/02)_Ipswich
VOCO_K101,0328E86F7B,72.0,Jewellery,Callpoint 8910,-32.0,online,2026-08-14 04:26:09.391000+00:00,2026-08-14 04:26:44.113000+00:00,ST_UKTK_143(20/3)_Bury
VOCO_K103,0328D338EE,90.0,Click and Collect,Callpoint 8910,-24.0,online,2026-08-14 04:26:51.810000+00:00,2026-08-14 04:26:57.140000+00:00,ST_UKTK_143(20/3)_Bury
VOCO_K101,0328EA1211,2.0,Fragrance,Callpoint 8910,-52.0,online,2026-08-14 04:29:23.488000+00:00,2026-08-14 04:30:00.574000+00:00,ST_UKTK_146(20/01/03)_Carlisle
VOCO_K102,0328E9CD32,0.0,Click and Collect,Callpoint 8910,-66.0,offline,2026-08-13 05:33:21.289000+00:00,2026-08-14 04:30:00.574000+00:00,ST_UKTK_146(20/01/03)_Carlisle
VOCO_K101,0328E7B8DC,68.0,Sales Floor 1,Callpoint 8910,-38.0,online,2026-08-14 04:20:37.422000+00:00,2026-08-14 04:28:25.437000+00:00,ST_UKTK_147(20/1)_Wrexham
VOCO_K101,0328E9CE5D,95.0,Fragrance,Callpoint 8910,-30.0,online,2026-08-14 04:25:37.666000+00:00,2026-08-14 04:26:09.634000+00:00,ST_UKTK_148_Middlesbrough N/S 20/02/04
VOCO_K101,0328D338AE,100.0,Sales Floor 1,Callpoint 8910,-40.0,online,2026-08-14 04:33:12.897000+00:00,2026-08-14 04:27:23.076000+00:00,ST_UKTK_149(35/02/04)_Dundee
VOCO_K102,0328E9CE54,0.0,Fragrance 2,Callpoint 8910,-44.0,offline,2026-08-13 19:36:59.778000+00:00,2026-08-14 04:27:23.076000+00:00,ST_UKTK_149(35/02/04)_Dundee
VOCO_K104,0328E894CA,93.0,Fragrance 1,Callpoint 8910,-42.0,online,2026-08-14 04:20:33.096000+00:00,2026-08-14 04:27:23.076000+00:00,ST_UKTK_149(35/02/04)_Dundee
VOCO_K101,0328D343E8,44.0,Sales Floor 1,Callpoint 8910,-34.0,online,2026-08-14 04:25:29.127000+00:00,2026-08-14 04:26:06.095000+00:00,ST_UKTK_151(20/02/03)_Newbury
VOCO_K103,0328E7B6CA,83.0,Click and Collect,Callpoint 8910,-38.0,online,2026-08-14 04:24:45.750000+00:00,2026-08-14 04:25:11.981000+00:00,ST_UKTK_154(25/03/03)_Telford
VOCO_K104,0328E0F63B,95.0,Sales Floor 1,Callpoint 8910,-44.0,online,2026-08-14 04:24:54.408000+00:00,2026-08-14 04:25:11.981000+00:00,ST_UKTK_154(25/03/03)_Telford
VOCO_K101,0328E9CEA9,81.0,Fragrance,Callpoint 8910,-52.0,online,2026-08-14 04:18:44.394000+00:00,2026-08-14 04:26:25.021000+00:00,ST_UKTK_155(20/1)_Salford
VOCO_K103,0328DAC07B,82.0,Click and Collect,Callpoint 8910,-56.0,online,2026-08-14 04:20:06.537000+00:00,2026-08-14 04:26:25.021000+00:00,ST_UKTK_155(20/1)_Salford
VOCO_K101,0328E892A8,44.0,Fragrance,Callpoint 8910,-60.0,online,2026-08-14 04:20:27.172000+00:00,2026-08-14 04:26:20.498000+00:00,ST_UKTK_158(23/03/02)_St Albans
VOCO_K102,02EB63D3D0,71.0,Click and Collect 2,Callpoint 8910,-38.0,online,2026-08-14 04:16:02.153000+00:00,2026-08-14 04:26:20.498000+00:00,ST_UKTK_158(23/03/02)_St Albans
VOCO_K106,0328E89298,100.0,Click and Collect,Callpoint 8910,-34.0,online,2026-08-14 04:20:23.307000+00:00,2026-08-14 04:26:20.498000+00:00,ST_UKTK_158(23/03/02)_St Albans
VOCO_K101,0328D33A0B,41.0,Sales Floor 1,Callpoint 8910,-32.0,online,2026-08-14 04:28:37.018000+00:00,2026-08-14 04:29:16.904000+00:00,ST_UKTK_159(20/1)_Kirkcaldy
VOCO_K102,0328E9CD0D,6.0,Fragrance,Callpoint 8910,-46.0,online,2026-08-14 04:17:26.649000+00:00,2026-08-14 04:29:16.904000+00:00,ST_UKTK_159(20/1)_Kirkcaldy
VOCO_K103,0328E40929,100.0,Click and Collect,Callpoint 8910,-36.0,online,2026-08-14 04:26:33.920000+00:00,2026-08-14 04:26:42.738000+00:00,ST_UKTK_162(23/03/02)_Craigavon
VOCO_K102,0328E87111,100.0,Sales floor,Callpoint 8910,-30.0,online,2026-08-14 04:19:19.541000+00:00,2026-08-14 04:27:44.022000+00:00,ST_UKTK_163(30/02/04)_Bradford
VOCO_K103,0328E86BBA,35.0,Fragrance,Callpoint 8910,-44.0,online,2026-08-14 04:15:22.249000+00:00,2026-08-14 04:27:44.022000+00:00,ST_UKTK_163(30/02/04)_Bradford
VOCO_K102,0328EA750C,0.0,Fragrance 3,Callpoint 8910,-44.0,online,2026-08-14 04:25:14.441000+00:00,2026-08-14 04:27:46.788000+00:00,ST_UKTK_164(23/03/04)_Hereford
VOCO_K104,0328EA73D2,11.0,Fragrance,Callpoint 8910,-54.0,online,2026-08-14 04:14:20.360000+00:00,2026-08-14 04:27:46.788000+00:00,ST_UKTK_164(23/03/04)_Hereford
VOCO_K101,0328D33B11,0.0,Sales Floor 1,Callpoint 8910,-52.0,online,2026-08-14 04:21:26.416000+00:00,2026-08-14 04:24:19.192000+00:00,ST_UKTK_165(15/2)_Coatbridge
VOCO_K102,0328E40728,95.0,Jewellery 1,Callpoint 8910,-40.0,offline,2026-08-13 13:44:05.985000+00:00,2026-08-14 04:24:17.098000+00:00,ST_UKTK_165(15/2)_Coatbridge
VOCO_K103,0328E9CE6C,73.0,Click and Collect,Callpoint 8910,-38.0,online,2026-08-14 04:17:42.868000+00:00,2026-08-14 04:24:17.098000+00:00,ST_UKTK_165(15/2)_Coatbridge
VOCO_K101,0328E88CB2,99.0,Click & Collect,Callpoint 8910,-60.0,online,2026-08-14 04:14:49.687000+00:00,2026-08-14 04:25:50.560000+00:00,ST_UKTK_167(20/1)_Warrington
VOCO_K102,0328EA13C8,70.0,Fragrance,Callpoint 8910,-62.0,online,2026-08-14 04:12:11.525000+00:00,2026-08-14 04:25:50.560000+00:00,ST_UKTK_167(20/1)_Warrington
VOCO_K101,0328E74299,71.0,Gold Label Handbags,Callpoint 8910,-58.0,online,2026-08-14 04:19:55.258000+00:00,2026-08-14 04:29:57.219000+00:00,ST_UKTK_168(48/4)_Kingston
VOCO_K102,0328E840A1,95.0,Click and collect,Callpoint 8910,-58.0,online,2026-08-14 04:27:20.688000+00:00,2026-08-14 04:29:57.219000+00:00,ST_UKTK_168(48/4)_Kingston
VOCO_K103,0328E88C66,98.0,Sales Floor 1,Callpoint 8910,-70.0,online,2026-08-14 04:29:04.964000+00:00,2026-08-14 04:29:57.219000+00:00,ST_UKTK_168(48/4)_Kingston
VOCO_K105,0328EA73F4,100.0,Fragrance,Callpoint 8910,-56.0,online,2026-08-14 04:18:00.041000+00:00,2026-08-14 04:29:57.219000+00:00,ST_UKTK_168(48/4)_Kingston
VOCO_K106,0328E86FA7,0.0,Click and Collect,Callpoint 8910,-64.0,offline,2026-08-14 03:31:24.240000+00:00,2026-08-14 04:29:57.219000+00:00,ST_UKTK_168(48/4)_Kingston
VOCO_K107,0328E74579,87.0,Sales Floor 2,Callpoint 8910,-72.0,offline,2026-08-13 20:16:29.695000+00:00,2026-08-14 04:29:57.219000+00:00,ST_UKTK_168(48/4)_Kingston
VOCO_K101,0328E9CEFA,100.0,Click and Collect,Callpoint 8910,-50.0,online,2026-08-14 04:26:06.520000+00:00,2026-08-14 04:27:32.400000+00:00,ST_UKTK_170(30/02/05)_Bletchley
VOCO_K101,0328D33A37,83.0,Sales Floor 1,Callpoint 8910,-48.0,online,2026-08-14 04:14:23.178000+00:00,2026-08-14 04:25:49.057000+00:00,ST_UKTK_174(20/01/02)_Andover
VOCO_K102,0328E7B8B0,32.0,Jewellery 1,Callpoint 8910,-54.0,online,2026-08-14 04:18:39.782000+00:00,2026-08-14 04:25:49.057000+00:00,ST_UKTK_174(20/01/02)_Andover
VOCO_K103,0328E7BE19,100.0,Fragrance,Callpoint 8910,-46.0,online,2026-08-14 04:24:09.333000+00:00,2026-08-14 04:25:49.057000+00:00,ST_UKTK_174(20/01/02)_Andover
VOCO_K102,0328E7BE08,100.0,Fragrance,Callpoint 8910,-36.0,online,2026-08-14 04:22:54.244000+00:00,2026-08-14 04:26:45.895000+00:00,ST_UKTK_175(20/01/03)_Coventry
VOCO_K101,0328EA138F,91.0,Fragrance 2,Callpoint 8910,-54.0,online,2026-08-14 04:23:24.641000+00:00,2026-08-14 04:29:51.977000+00:00,ST_UKTK_179(25/3)_Wolverhampton
VOCO_K106,0328E86FA4,72.0,Fragrance,Callpoint 8910,-52.0,online,2026-08-14 04:25:23.868000+00:00,2026-08-14 04:29:51.977000+00:00,ST_UKTK_179(25/3)_Wolverhampton
VOCO_K101,0328E9CD17,84.0,Click and Collect,Callpoint 8910,-32.0,online,2026-08-14 04:21:08.605000+00:00,2026-08-14 04:25:24.153000+00:00,ST_UKTK_180(20/2)_Worthing
VOCO_K101,0328E32155,100.0,Sales Floor 1,Callpoint 8910,-36.0,online,2026-08-14 04:24:21.774000+00:00,2026-08-14 04:28:08.732000+00:00,ST_UKTK_181(20/1/5)_Wakefield
VOCO_K101,0328E3285C,100.0,Sales Floor 1,Callpoint 8910,-38.0,online,2026-08-14 04:25:04.364000+00:00,2026-08-14 04:28:22.634000+00:00,ST_UKTK_185(20/1)_Torquay
VOCO_K102,0328E9CD2C,100.0,Fragrance,Callpoint 8910,-46.0,online,2026-08-14 04:27:03.435000+00:00,2026-08-14 04:28:22.634000+00:00,ST_UKTK_185(20/1)_Torquay
VOCO_K101,0328E9CF2F,67.0,Fragrance 1,Callpoint 8910,-34.0,online,2026-08-14 04:21:41.412000+00:00,2026-08-14 04:25:54.020000+00:00,ST_UKTK_186(20/02/03)_Inverness
VOCO_K101,0328E87004,100.0,Jewellery,Callpoint 8910,-54.0,online,2026-08-14 04:24:04.711000+00:00,2026-08-14 04:29:15.489000+00:00,ST_UKTK_187(23/03/02)_Bexleyheath
VOCO_K102,0328E7BD88,100.0,Fragrance,Callpoint 8910,-50.0,online,2026-08-14 04:29:11.341000+00:00,2026-08-14 04:29:15.489000+00:00,ST_UKTK_187(23/03/02)_Bexleyheath
VOCO_K103,0328E9CD5E,100.0,Handbags,Callpoint 8910,-44.0,online,2026-08-14 04:16:29.052000+00:00,2026-08-14 04:29:15.489000+00:00,ST_UKTK_187(23/03/02)_Bexleyheath
VOCO_K104,0328E9CD4D,100.0,Handbags,Callpoint 8910,-48.0,online,2026-08-14 04:15:42.964000+00:00,2026-08-14 04:29:15.489000+00:00,ST_UKTK_187(23/03/02)_Bexleyheath
VOCO_K105,0328D33849,100.0,Click and Collect,Callpoint 8910,-46.0,online,2026-08-14 04:23:37.322000+00:00,2026-08-14 04:29:15.489000+00:00,ST_UKTK_187(23/03/02)_Bexleyheath
VOCO_K103,0328E9CF24,83.0,Fragrance,Callpoint 8910,-48.0,online,2026-08-14 04:13:20.807000+00:00,2026-08-14 04:26:09.256000+00:00,ST_UKTK_188(20/2/4)_Birkenhead
VOCO_K101,0328E9CF2C,0.0,Fragrance,Callpoint 8910,-40.0,offline,2026-08-13 05:13:58.075000+00:00,2026-08-14 04:26:05.588000+00:00,ST_UKTK_189(15/1)_Runcorn
VOCO_K102,0328E9CD0B,10.0,Fragrance,Callpoint 8910,-34.0,online,2026-08-14 04:21:51.935000+00:00,2026-08-14 04:29:25.170000+00:00,ST_UKTK_194(20/01/03)_Perth
VOCO_K101,0328E9CC40,100.0,Click & Collect ,Callpoint 8910,-36.0,online,2026-08-14 04:21:21.670000+00:00,2026-08-14 04:27:37.846000+00:00,ST_UKTK_195(23/03/02)_Chilwell
VOCO_K102,0328E9CC41,50.0,Fragrance,Callpoint 8910,-48.0,online,2026-08-14 04:18:06.506000+00:00,2026-08-14 04:27:37.846000+00:00,ST_UKTK_195(23/03/02)_Chilwell
VOCO_K103,0328E9CDED,13.0,Click and collect 2,Callpoint 8910,-26.0,online,2026-08-14 04:16:22.743000+00:00,2026-08-14 04:27:37.846000+00:00,ST_UKTK_195(23/03/02)_Chilwell
VOCO_K103,0328E86FB3,0.0,jewellery,Callpoint 8910,-30.0,online,2026-08-14 04:21:55.506000+00:00,2026-08-14 04:29:34.106000+00:00,ST_UKTK_196(23/3)_Colchester
VOCO_K104,0328E9CBEA,72.0,Handbags,Callpoint 8910,-36.0,online,2026-08-14 04:27:09.133000+00:00,2026-08-14 04:29:34.106000+00:00,ST_UKTK_196(23/3)_Colchester
VOCO_K105,0328E9CD41,100.0,Fragrance,Callpoint 8910,-44.0,online,2026-08-14 04:20:11.292000+00:00,2026-08-14 04:29:34.106000+00:00,ST_UKTK_196(23/3)_Colchester
VOCO_K101,0328D3382B,47.0,Fragrance,Callpoint 8910,-54.0,online,2026-08-14 04:27:58.453000+00:00,2026-08-14 04:29:41.198000+00:00,ST_UKTK_197(25/1)_Blackpool
VOCO_K103,0328EA139C,34.0,Fragrance ,Callpoint 8910,-46.0,online,2026-08-14 04:22:08.984000+00:00,2026-08-14 04:27:19.502000+00:00,ST_UKTK_199(20/01/03)_Grimsby
VOCO_K104,0328E9CCCB,15.0,Click and collect,Callpoint 8910,-38.0,online,2026-08-14 04:16:47.678000+00:00,2026-08-14 04:27:19.502000+00:00,ST_UKTK_199(20/01/03)_Grimsby
VOCO_K101,0328E7B9C8,1.0,Sales Floor 1,Callpoint 8910,-42.0,online,2026-08-14 04:22:09.695000+00:00,2026-08-14 04:26:41.547000+00:00,ST_UKTK_200(20/01/03)_Rochdale
VOCO_K101,0328DEFF31,89.0,Click & Collect,Callpoint 8910,-44.0,online,2026-08-14 04:24:37.760000+00:00,2026-08-14 04:28:10.623000+00:00,ST_UKTK_201(20/1)_Aberdeen
VOCO_K102,0328EA76AA,99.0,Fragrance,Callpoint 8910,-58.0,offline,2026-08-13 14:56:40.022000+00:00,2026-08-14 04:28:10.623000+00:00,ST_UKTK_201(20/1)_Aberdeen
VOCO_K101,0328E3250E,92.0,Click & Collect,Callpoint 8910,-36.0,online,2026-08-14 04:19:00.937000+00:00,2026-08-14 04:27:32.024000+00:00,ST_UKTK_202(20/03/03)_Burnley
VOCO_K104,0328E9CE41,42.0,Fragrance,Callpoint 8910,-44.0,online,2026-08-14 04:26:56.496000+00:00,2026-08-14 04:27:32.024000+00:00,ST_UKTK_202(20/03/03)_Burnley
VOCO_K107,0328EA649A,12.0,Gold Label Handbags,Callpoint 8910,-46.0,online,2026-08-14 04:21:27.729000+00:00,2026-08-14 04:27:33.077000+00:00,ST_UKTK_203(30/01/03)_Cheadle
VOCO_K109,0328EA6462,16.0,Fragrance,Callpoint 8910,-62.0,online,2026-08-14 04:18:24.092000+00:00,2026-08-14 04:27:33.077000+00:00,ST_UKTK_203(30/01/03)_Cheadle
VOCO_K102,0328E9CD71,86.0,Fragrance,Callpoint 8910,-28.0,online,2026-08-14 04:25:42.212000+00:00,2026-08-14 04:26:36.673000+00:00,ST_UKTK_204(20/01/03)_Kilmarnock
VOCO_K103,0328EA10FC,100.0,Click and Collect 1,Callpoint 8910,-26.0,online,2026-08-14 04:17:24.934000+00:00,2026-08-14 04:26:36.673000+00:00,ST_UKTK_204(20/01/03)_Kilmarnock
VOCO_K101,0328E9CE43,100.0,Fragrance,Callpoint 8910,-38.0,online,2026-08-14 04:15:10.307000+00:00,2026-08-14 04:29:02.338000+00:00,ST_UKTK_205(23/03/02)_Newry
VOCO_K104,0328E7B765,9.0,Jewellery 2,Callpoint 8910,-48.0,online,2026-08-14 04:28:54.101000+00:00,2026-08-14 04:29:02.338000+00:00,ST_UKTK_205(23/03/02)_Newry
VOCO_K101,0328E871D7,63.0,Fragrance,Callpoint 8910,-36.0,online,2026-08-14 04:14:33.347000+00:00,2026-08-14 04:25:40.554000+00:00,ST_UKTK_207(20/3)_Selly Oak
VOCO_K103,0328E7BDF0,100.0,Click and Collect,Callpoint 8910,-48.0,online,2026-08-14 04:25:15.025000+00:00,2026-08-14 04:25:40.554000+00:00,ST_UKTK_207(20/3)_Selly Oak
VOCO_K104,0328E9CE26,71.0,Fragrance,Callpoint 8910,-30.0,offline,2026-08-13 18:29:48.554000+00:00,2026-08-14 04:25:40.554000+00:00,ST_UKTK_207(20/3)_Selly Oak
VOCO_K106,0328E8919F,100.0,Click and Collect,Callpoint 8910,-50.0,online,2026-08-14 04:22:06.586000+00:00,2026-08-14 04:25:40.554000+00:00,ST_UKTK_207(20/3)_Selly Oak
VOCO_K101,0328EA73FF,95.0,Click and Collect 1,Callpoint 8910,-46.0,online,2026-08-14 04:25:58.366000+00:00,2026-08-14 04:29:48.720000+00:00,ST_UKTK_208(20/2)_St Helens
VOCO_K102,0328E7B759,100.0,Sales Floor 2,Callpoint 8910,-46.0,online,2026-08-14 04:17:32.202000+00:00,2026-08-14 04:29:48.720000+00:00,ST_UKTK_208(20/2)_St Helens
VOCO_K101,02EB63CF29,100.0,Click and Collect,Callpoint 8910,-40.0,online,2026-08-14 04:17:44.703000+00:00,2026-08-14 04:30:03.754000+00:00,ST_UKTK_209(35/3/9)_Swindon
VOCO_K105,0328E9CD04,85.0,Jewellery 2,Callpoint 8910,-34.0,online,2026-08-13 08:17:07.277000+00:00,2026-08-14 04:30:03.754000+00:00,ST_UKTK_209(35/3/9)_Swindon
VOCO_K101,02EB63D127,44.0,Sales Floor 1,Callpoint 8910,-42.0,online,2026-08-14 04:57:11.141000+00:00,2026-08-14 04:26:09.878000+00:00,ST_UKTK_210(23/03/02)_Epsom
VOCO_K102,02EB63D38B,32.0,Jewellery 1,Callpoint 8910,-62.0,online,2026-08-14 04:55:03.715000+00:00,2026-08-14 04:26:09.878000+00:00,ST_UKTK_210(23/03/02)_Epsom
VOCO_K101,0328D84284,100.0,Sales Floor 1,Callpoint 8910,-26.0,online,2026-08-14 04:19:32.647000+00:00,2026-08-14 04:29:55.953000+00:00,ST_UKTK_213(23/03/04)_Waterlooville
VOCO_K102,0328EA13CE,100.0,Fragrance,Callpoint 8910,-24.0,online,2026-08-14 04:21:35.467000+00:00,2026-08-14 04:29:55.953000+00:00,ST_UKTK_213(23/03/04)_Waterlooville
VOCO_K103,0328DEFE8C,100.0,click and collect,Callpoint 8910,-28.0,online,2026-08-14 04:18:08.701000+00:00,2026-08-14 04:29:55.953000+00:00,ST_UKTK_213(23/03/04)_Waterlooville
VOCO_K104,0328E9CE47,100.0,Jewellery 1,Callpoint 8910,-28.0,online,2026-08-14 04:18:27.301000+00:00,2026-08-14 04:29:55.953000+00:00,ST_UKTK_213(23/03/04)_Waterlooville
VOCO_K102,0328E871E3,30.0,Click and Collect,Callpoint 8910,-46.0,online,2026-08-14 04:20:22.621000+00:00,2026-08-14 04:25:23.358000+00:00,ST_UKTK_214(23/03/02)_Doncaster
VOCO_K101,0328D3380D,0.0,Sales Floor 1,Callpoint 8910,-38.0,online,2026-08-14 04:24:56.694000+00:00,2026-08-14 04:27:17.499000+00:00,ST_UKTK_215(20/1)_Scunthorpe
VOCO_K102,0328E9CEA6,59.0,Fragrance,Callpoint 8910,-34.0,online,2026-08-14 04:26:40.787000+00:00,2026-08-14 04:27:17.499000+00:00,ST_UKTK_215(20/1)_Scunthorpe
VOCO_K101,0328D342D8,8.0,Sales Floor 1,Callpoint 8910,-50.0,online,2026-08-14 04:23:03.223000+00:00,2026-08-14 04:25:56.680000+00:00,ST_UKTK_216(25/02/06)_Huddersfield
VOCO_K102,0328E9CF25,100.0,Fragrance,Callpoint 8910,-48.0,online,2026-08-14 04:18:03.865000+00:00,2026-08-14 04:25:56.680000+00:00,ST_UKTK_216(25/02/06)_Huddersfield
VOCO_K101,0328E0F717,95.0,Click and Collect,Callpoint 8910,-50.0,online,2026-08-14 04:26:26.394000+00:00,2026-08-14 04:27:44.317000+00:00,ST_UKTK_218(25/1)_Chester
VOCO_K102,0328E84297,100.0,Handbags 1,Callpoint 8910,-58.0,online,2026-08-14 04:17:26.897000+00:00,2026-08-14 04:27:44.317000+00:00,ST_UKTK_218(25/1)_Chester
VOCO_K105,0328E843CB,98.0,Handbags 4,Callpoint 8910,-50.0,online,2026-08-14 04:24:42.700000+00:00,2026-08-14 04:27:44.317000+00:00,ST_UKTK_218(25/1)_Chester
VOCO_K106,0328E7BD9E,95.0,Fragrance,Callpoint 8910,-50.0,online,2026-08-14 04:24:46.621000+00:00,2026-08-14 04:27:44.317000+00:00,ST_UKTK_218(25/1)_Chester
VOCO_K107,0328EA1093,94.0,Fragrance,Callpoint 8910,-52.0,offline,2026-08-13 08:08:54.500000+00:00,2026-08-14 04:27:44.317000+00:00,ST_UKTK_218(25/1)_Chester
VOCO_K101,0328E834A1,47.0,Fragrance 1,Callpoint 8910,-54.0,online,2026-08-14 04:24:24.431000+00:00,2026-08-14 04:28:29.386000+00:00,ST_UKTK_219(20/3)_Solihull Sears
VOCO_K101,0328D2FBB6,95.0,Sales Floor 1,Callpoint 8910,-40.0,online,2026-08-14 04:17:11.652000+00:00,2026-08-14 04:28:25.129000+00:00,ST_UKTK_220(20/3)_Mansfield
VOCO_K102,0328E8708B,55.0,Fragrance,Callpoint 8910,-44.0,online,2026-08-14 04:23:06.174000+00:00,2026-08-14 04:28:25.129000+00:00,ST_UKTK_220(20/3)_Mansfield
VOCO_K103,0328D2FAEB,94.0,Click and Collect,Callpoint 8910,-46.0,online,2026-08-14 04:15:19.736000+00:00,2026-08-14 04:28:25.129000+00:00,ST_UKTK_220(20/3)_Mansfield
VOCO_K106,0328E87069,30.0,Sales Floor,Callpoint 8910,-40.0,online,2026-08-14 04:23:22.139000+00:00,2026-08-14 04:28:25.129000+00:00,ST_UKTK_220(20/3)_Mansfield
VOCO_K101,0328E406C7,100.0,Sales Floor 1,Callpoint 8910,-38.0,online,2026-08-14 04:18:26.450000+00:00,2026-08-14 04:28:27.220000+00:00,ST_UKTK_221(25/04/04)_Straiton
VOCO_K102,0328E407B0,68.0,Jewellery 1,Callpoint 8910,-38.0,online,2026-08-14 04:25:41.015000+00:00,2026-08-14 04:28:27.220000+00:00,ST_UKTK_221(25/04/04)_Straiton
VOCO_K103,0328EA138D,95.0,Fragrance,Callpoint 8910,-36.0,online,2026-08-14 04:18:49.494000+00:00,2026-08-14 04:28:27.220000+00:00,ST_UKTK_221(25/04/04)_Straiton
VOCO_K101,0328E7B79A,100.0,Sales Floor 1,Callpoint 8910,-32.0,online,2026-08-14 04:18:36.102000+00:00,2026-08-14 04:29:33.309000+00:00,ST_UKTK_223(20/1)_Rotherham (NEW)
VOCO_K102,0328EA13AF,5.0,Fragrance,Callpoint 8910,-28.0,online,2026-08-14 04:16:19.111000+00:00,2026-08-14 04:29:33.309000+00:00,ST_UKTK_223(20/1)_Rotherham (NEW)
VOCO_K101,0328E87016,100.0,Click and Collect 1,Callpoint 8910,-60.0,online,2026-08-14 04:12:57.706000+00:00,2026-08-14 04:26:10.813000+00:00,ST_UKTK_225(20/2)_Truro
VOCO_K102,0328E871C6,100.0,Click and Collect 2,Callpoint 8910,-60.0,online,2026-08-14 04:13:09.293000+00:00,2026-08-14 04:26:10.813000+00:00,ST_UKTK_225(20/2)_Truro
VOCO_K103,0328E86FC7,100.0,Jewellery 1,Callpoint 8910,-54.0,online,2026-08-14 04:23:45.411000+00:00,2026-08-14 04:26:10.813000+00:00,ST_UKTK_225(20/2)_Truro
VOCO_K104,0328E9CD06,5.0,Fragrance,Callpoint 8910,-54.0,online,2026-08-14 04:17:45.700000+00:00,2026-08-14 04:26:10.813000+00:00,ST_UKTK_225(20/2)_Truro
VOCO_K101,0328D339AC,9.0,Sales Floor 1,Callpoint 8910,-34.0,offline,2026-08-13 17:31:31.328000+00:00,2026-08-14 04:28:37.346000+00:00,ST_UKTK_228(20/1)_Dumfries
VOCO_K102,0328E9CEBF,40.0,Fragrance,Callpoint 8910,-36.0,online,2026-08-14 04:21:24.079000+00:00,2026-08-14 04:28:37.346000+00:00,ST_UKTK_228(20/1)_Dumfries
VOCO_K101,0328E89249,95.0,fitting rooms,Callpoint 8910,-38.0,online,2026-08-14 04:16:57.515000+00:00,2026-08-14 04:29:38.736000+00:00,ST_UKTK_229(20/2)_Bangor
VOCO_K102,0328E89242,100.0,Click and Collect,Callpoint 8910,-38.0,online,2026-08-14 04:19:05.338000+00:00,2026-08-14 04:29:38.736000+00:00,ST_UKTK_229(20/2)_Bangor
VOCO_K102,0328E9CD21,95.0,Click and Collect,Callpoint 8910,-40.0,online,2026-08-14 04:17:53.778000+00:00,2026-08-14 04:26:43.293000+00:00,ST_UKTK_230(30/02/03)_Exeter
VOCO_K103,0328E9CD15,84.0, Fragrance 1,Callpoint 8910,-40.0,online,2026-08-14 04:17:51.312000+00:00,2026-08-14 04:26:43.293000+00:00,ST_UKTK_230(30/02/03)_Exeter
VOCO_K105,0328E9CEEC,3.0,Click and Collect,Callpoint 8910,-36.0,offline,2026-08-13 13:59:19.681000+00:00,2026-08-14 04:28:19.059000+00:00,ST_UKTK_231(23/03/04)_Rugby
VOCO_K106,0328E9CEFD,14.0,Jewellery,Callpoint 8910,-38.0,online,2026-08-14 04:13:32.239000+00:00,2026-08-14 04:28:19.059000+00:00,ST_UKTK_231(23/03/04)_Rugby
VOCO_K101,0328E32555,60.0,Sales Floor 1,Callpoint 8910,-40.0,online,2026-08-14 04:20:12.237000+00:00,2026-08-14 04:27:17.620000+00:00,ST_UKTK_233(20/1)_Canterbury
VOCO_K105,0328E9CE14,89.0,Click and Collect,Callpoint 8910,-46.0,online,2026-08-14 04:13:02.976000+00:00,2026-08-14 04:27:38.485000+00:00,ST_UKTK_235(20/3)_East Kilbride
VOCO_K102,0328E86F99,100.0,Click and Collect 1,Callpoint 8910,-46.0,online,2026-08-14 04:22:12.963000+00:00,2026-08-14 04:27:36.130000+00:00,ST_UKTK_236(20/3)_Trafford Park
VOCO_K105,0328E86CD4,100.0,Fragrance 2,Callpoint 8910,-48.0,online,2026-08-14 04:22:49.340000+00:00,2026-08-14 04:27:36.130000+00:00,ST_UKTK_236(20/3)_Trafford Park
VOCO_K102,0328EA10EA,100.0,Fragrance,Callpoint 8910,-46.0,online,2026-08-14 04:12:37.949000+00:00,2026-08-14 04:27:18.425000+00:00,ST_UKTK_237(20/2/2)_Newport
VOCO_K104,0328EA11EB,82.0,Click and Collect,Callpoint 8910,-38.0,online,2026-08-14 04:24:40.938000+00:00,2026-08-14 04:28:09.309000+00:00,ST_UKTK_240(20/2)_Ashford
VOCO_K101,0328EA76B2,20.0,Fragrance,Callpoint 8910,-26.0,online,2026-08-14 04:17:14.741000+00:00,2026-08-14 04:29:48.769000+00:00,ST_UKTK_241(23/03/04)_Boucher Rd
VOCO_K102,0328EA7413,23.0,Click and collect,Callpoint 8910,-30.0,online,2026-08-14 04:27:04.391000+00:00,2026-08-14 04:29:48.769000+00:00,ST_UKTK_241(23/03/04)_Boucher Rd
VOCO_K103,02EB63D37B,100.0,Click and Collect,Callpoint 8910,-42.0,offline,2026-08-13 09:22:18.282000+00:00,2026-08-14 04:29:48.769000+00:00,ST_UKTK_241(23/03/04)_Boucher Rd
VOCO_K102,0328E9CE38,0.0,Click and Collect 1,Callpoint 8910,-40.0,online,2026-08-14 04:20:31.086000+00:00,2026-08-14 04:29:31.194000+00:00,ST_UKTK_242(25/2)_Bristol Cribbs Causeway
VOCO_K104,0328E7436C,67.0,Fragrance 1,Callpoint 8910,-26.0,online,2026-08-14 04:28:00.425000+00:00,2026-08-14 04:29:31.194000+00:00,ST_UKTK_242(25/2)_Bristol Cribbs Causeway
VOCO_K101,0328E86DBE,88.0,Click and Collect,Callpoint 8910,-50.0,online,2026-08-14 04:24:29.074000+00:00,2026-08-14 04:29:42.923000+00:00,ST_UKTK_243(25/2)_Chelmsford
VOCO_K101,0328EA13B3,45.0,Fragrance,Callpoint 8910,-46.0,online,2026-08-14 04:15:49.224000+00:00,2026-08-14 04:26:28.582000+00:00,ST_UKTK_245(20/1)_Loughborough
VOCO_K102,0328E32559,0.0,Jewellery 1,Callpoint 8910,-46.0,offline,2026-08-13 17:57:53.147000+00:00,2026-08-14 04:26:28.582000+00:00,ST_UKTK_245(20/1)_Loughborough
VOCO_K101,0328E7B6D5,95.0,Fragrance 1,Callpoint 8910,-38.0,offline,2026-08-13 19:52:04.075000+00:00,2026-08-14 04:29:04.792000+00:00,ST_UKTK_246(28/03/02)_Northampton_2
VOCO_K102,0328E9CDD5,100.0,Fragrance 2,Callpoint 8910,-40.0,online,2026-08-14 04:27:47.306000+00:00,2026-08-14 04:29:04.792000+00:00,ST_UKTK_246(28/03/02)_Northampton_2
VOCO_K105,0328E84047,100.0,Jewellery,Callpoint 8910,-50.0,online,2026-08-14 04:24:41.644000+00:00,2026-08-14 04:29:04.792000+00:00,ST_UKTK_246(28/03/02)_Northampton_2
VOCO_K101,0328E9CEA7,100.0,Click & Collect,Callpoint 8910,-32.0,online,2026-08-14 04:25:43.952000+00:00,2026-08-14 04:25:54.465000+00:00,ST_UKTK_247(20/02/03)_Scarborough
VOCO_K103,0328EA7447,100.0,Fragrance 1,Callpoint 8910,-24.0,online,2026-08-14 04:22:31.379000+00:00,2026-08-14 04:25:54.465000+00:00,ST_UKTK_247(20/02/03)_Scarborough
VOCO_K101,0328E9CCE2,100.0,Click and collect 1,Callpoint 8910,-34.0,online,2026-08-14 04:15:56.544000+00:00,2026-08-14 04:25:43.176000+00:00,ST_UKTK_250(20/3)_Norwich
VOCO_K102,0328E9CD99,100.0,Click and collect 2,Callpoint 8910,-24.0,online,2026-08-14 04:16:28.662000+00:00,2026-08-14 04:25:43.176000+00:00,ST_UKTK_250(20/3)_Norwich
VOCO_K103,0328E9CC3E,100.0,jewellery,Callpoint 8910,-24.0,online,2026-08-14 04:25:31.942000+00:00,2026-08-14 04:25:43.176000+00:00,ST_UKTK_250(20/3)_Norwich
VOCO_K104,0328E9CCE0,76.0,Jewellery 2,Callpoint 8910,-40.0,online,2026-08-14 04:14:50.175000+00:00,2026-08-14 04:25:43.176000+00:00,ST_UKTK_250(20/3)_Norwich
VOCO_K101,0328D337C7,9.0,Sales Floor 1,Callpoint 8910,-28.0,online,2026-08-14 04:24:15.783000+00:00,2026-08-14 04:28:45.259000+00:00,ST_UKTK_251(20/1)_Craigleith
VOCO_K103,0328E8411E,100.0,Click & Collect,Callpoint 8910,-48.0,online,2026-08-14 04:14:31.738000+00:00,2026-08-14 04:26:18.568000+00:00,ST_UKTK_252(20/2)_Sutton Coldfield
VOCO_K104,0328E8410A,100.0,Assistance Required,Callpoint 8910,-50.0,online,2026-08-14 04:19:19.031000+00:00,2026-08-14 04:26:18.568000+00:00,ST_UKTK_252(20/2)_Sutton Coldfield
VOCO_K105,0328D3392B,100.0,Assistance Required,Callpoint 8910,-50.0,online,2026-08-14 04:25:15.522000+00:00,2026-08-14 04:26:18.568000+00:00,ST_UKTK_252(20/2)_Sutton Coldfield
VOCO_K106,0328E9CEB4,85.0,Fragrance,Callpoint 8910,-46.0,online,2026-08-14 04:14:15.067000+00:00,2026-08-14 04:26:18.568000+00:00,ST_UKTK_252(20/2)_Sutton Coldfield
VOCO_K101,0328E0F79D,0.0,Sales Floor 1,Callpoint 8910,-32.0,online,2026-08-14 04:11:47.413000+00:00,2026-08-14 04:26:34.088000+00:00,ST_UKTK_254(23/3)_Harlow
VOCO_K102,02EB63D1CA,100.0,Mens Outerwear 2 ,Callpoint 8910,-26.0,online,2026-08-14 04:17:39.971000+00:00,2026-08-14 04:26:34.088000+00:00,ST_UKTK_254(23/3)_Harlow
VOCO_K103,0328E7BB16,100.0,Mens Outerwear,Callpoint 8910,-28.0,offline,2026-08-13 18:41:05.564000+00:00,2026-08-14 04:26:34.088000+00:00,ST_UKTK_254(23/3)_Harlow
VOCO_K104,02EB63D1DB,95.0,Jewellery 2,Callpoint 8910,-30.0,offline,2026-08-14 04:24:37.842000+00:00,2026-08-14 04:26:34.088000+00:00,ST_UKTK_254(23/3)_Harlow
VOCO_K105,0328E7B6A3,1.0,Jewellery,Callpoint 8910,-34.0,online,2026-08-14 04:12:53.895000+00:00,2026-08-14 04:26:34.088000+00:00,ST_UKTK_254(23/3)_Harlow
VOCO_K106,0328E7B920,81.0,Sales Floor 2,Callpoint 8910,-54.0,online,2026-08-14 04:23:08.502000+00:00,2026-08-14 04:26:34.088000+00:00,ST_UKTK_254(23/3)_Harlow
VOCO_K101,0328E8707E,100.0,Jewellery,Callpoint 8910,-62.0,online,2026-08-14 04:22:49.005000+00:00,2026-08-14 04:29:48.843000+00:00,ST_UKTK_255(25/03/04)_Sutton
VOCO_K103,0328E87132,62.0,Click and Collect,Callpoint 8910,-24.0,online,2026-08-14 04:16:03.804000+00:00,2026-08-14 04:29:48.843000+00:00,ST_UKTK_255(25/03/04)_Sutton
VOCO_K101,0328E74324,78.0,Fragrance 1,Callpoint 8910,-46.0,online,2026-08-14 04:17:25.450000+00:00,2026-08-14 04:29:38.724000+00:00,ST_UKTK_257(23/03/04)_Denton
VOCO_K102,0328E86F95,100.0,Jewellery,Callpoint 8910,-40.0,online,2026-08-14 04:19:04.036000+00:00,2026-08-14 04:29:38.724000+00:00,ST_UKTK_257(23/03/04)_Denton
VOCO_K103,0328E742A3,94.0,click and collect,Callpoint 8910,-24.0,online,2026-08-14 04:18:01.941000+00:00,2026-08-14 04:29:38.724000+00:00,ST_UKTK_257(23/03/04)_Denton
VOCO_K105,0328E74313,97.0,Fragrance 2,Callpoint 8910,-30.0,online,2026-08-14 04:18:41.692000+00:00,2026-08-14 04:29:38.724000+00:00,ST_UKTK_257(23/03/04)_Denton
VOCO_K106,0328E893C7,100.0,Click and Collect 2,Callpoint 8910,-46.0,online,2026-08-14 04:19:52.643000+00:00,2026-08-14 04:29:38.724000+00:00,ST_UKTK_257(23/03/04)_Denton
VOCO_K101,0328E7B840,0.0,Click & Collect ,Callpoint 8910,-34.0,online,2026-08-14 04:17:26.421000+00:00,2026-08-14 04:28:15.012000+00:00,ST_UKTK_258(20/1)_Ballymena
VOCO_K102,0328E9CE1E,99.0,Fragrance,Callpoint 8910,-36.0,online,2026-08-14 04:19:19.061000+00:00,2026-08-14 04:28:15.012000+00:00,ST_UKTK_258(20/1)_Ballymena
VOCO_K101,0328D343E9,94.0,Fragrance,Callpoint 8910,-36.0,offline,2026-08-13 06:30:41.307000+00:00,2026-08-14 04:27:51.487000+00:00,ST_UKTK_260(25/1)_Bedford Interchange Retail Park
VOCO_K102,0328E8429A,95.0,Handbags 1,Callpoint 8910,-38.0,offline,2026-08-13 15:16:03.454000+00:00,2026-08-14 04:27:51.487000+00:00,ST_UKTK_260(25/1)_Bedford Interchange Retail Park
VOCO_K104,0328E843B3,5.0,Handbags 2,Callpoint 8910,-42.0,online,2026-08-14 04:19:13.944000+00:00,2026-08-14 04:27:51.487000+00:00,ST_UKTK_260(25/1)_Bedford Interchange Retail Park
VOCO_K105,0328E843CF,100.0,Handbags,Callpoint 8910,-36.0,online,2026-08-14 04:15:42.023000+00:00,2026-08-14 04:27:51.487000+00:00,ST_UKTK_260(25/1)_Bedford Interchange Retail Park
VOCO_K102,0328E7B6C2,69.0,sales_floor 1,Callpoint 8910,-42.0,online,2026-08-14 04:24:47+00:00,2026-08-14 04:27:58.749000+00:00,ST_UKTK_261(23/3)_Aylesbury_old
VOCO_K104,0328E320EE,10.0,Knife Cabinet,Callpoint 8910,-46.0,online,2026-08-14 04:24:41.271000+00:00,2026-08-14 04:27:58.749000+00:00,ST_UKTK_261(23/3)_Aylesbury_old
VOCO_K105,0328E9CE1A,4.0,Fragrance,Callpoint 8910,-46.0,online,2026-08-14 04:22:12.780000+00:00,2026-08-14 04:27:58.749000+00:00,ST_UKTK_261(23/3)_Aylesbury_old
VOCO_K101,0328EA65D5,39.0,click and collect ,Callpoint 8910,-42.0,online,2026-08-14 04:26:56.522000+00:00,2026-08-14 04:27:28.991000+00:00,ST_UKTK_263(30/02/04)_Glasgow Fort
VOCO_K102,0328E7BB36,89.0,Jewellery 1,Callpoint 8910,-50.0,online,2026-08-14 04:29:03.668000+00:00,2026-08-14 04:29:06.266000+00:00,ST_UKTK_263(30/02/04)_Glasgow Fort
VOCO_K103,0328E405B0,75.0,Fragrance,Callpoint 8910,-44.0,online,2026-08-14 04:24:22.354000+00:00,2026-08-14 04:27:28.991000+00:00,ST_UKTK_263(30/02/04)_Glasgow Fort
VOCO_K103,0328EA645D,98.0,Click and Collect ,Callpoint 8910,-44.0,online,2026-08-14 04:14:02.363000+00:00,2026-08-14 04:27:45.825000+00:00,ST_UKTK_264(20/1)_Crystal Peaks
VOCO_K102,0328E742B0,68.0,Click and Collect,Callpoint 8910,-42.0,online,2026-08-14 04:12:54.712000+00:00,2026-08-14 04:27:20.174000+00:00,ST_UKTK_267(25/02/03)_Swansea Morfa
VOCO_K101,0328E74321,95.0,Sales Floor 1,Callpoint 8910,-62.0,online,2026-08-14 04:22:27.394000+00:00,2026-08-14 04:27:07.156000+00:00,ST_UKTK_269(20/01/03)_Elgin
VOCO_K102,0328E7BB43,0.0,Fragrance,Callpoint 8910,-42.0,online,2026-08-14 04:16:01.777000+00:00,2026-08-14 04:27:07.156000+00:00,ST_UKTK_269(20/01/03)_Elgin
VOCO_K101,0328E4077D,100.0,sales floor 2,Callpoint 8910,-32.0,online,2026-08-14 04:16:47.732000+00:00,2026-08-14 04:28:11.184000+00:00,ST_UKTK_271(23/03/04)_Manchester The Fort
VOCO_K102,0328DABB8B,100.0,Jewellery,Callpoint 8910,-36.0,online,2026-08-14 04:28:04.219000+00:00,2026-08-14 04:28:11.184000+00:00,ST_UKTK_271(23/03/04)_Manchester The Fort
VOCO_K103,0328E86CA5,100.0,Fragrance,Callpoint 8910,-38.0,online,2026-08-14 04:23:53.408000+00:00,2026-08-14 04:28:11.184000+00:00,ST_UKTK_271(23/03/04)_Manchester The Fort
VOCO_K104,0328E9CDA6,0.0,Handbags,Callpoint 8910,-40.0,offline,2026-08-13 08:35:08.685000+00:00,2026-08-14 04:28:11.184000+00:00,ST_UKTK_271(23/03/04)_Manchester The Fort
VOCO_K105,0328E4077C,100.0,Click and Collect,Callpoint 8910,-40.0,online,2026-08-14 04:17:42.787000+00:00,2026-08-14 04:28:11.184000+00:00,ST_UKTK_271(23/03/04)_Manchester The Fort
VOCO_K106,0328E9CC05,100.0,Handbags 2,Callpoint 8910,-34.0,online,2026-08-14 04:23:13.011000+00:00,2026-08-14 04:28:11.184000+00:00,ST_UKTK_271(23/03/04)_Manchester The Fort
VOCO_K101,0328E86CCE,100.0,Fragrance,Callpoint 8910,-66.0,online,2026-08-14 04:26:49.707000+00:00,2026-08-14 04:27:01.884000+00:00,ST_UKTK_272(20/3)_Dartford
VOCO_K102,0328E8701E,100.0,Click and Collect,Callpoint 8910,-62.0,online,2026-08-14 04:17:32.178000+00:00,2026-08-14 04:27:01.884000+00:00,ST_UKTK_272(20/3)_Dartford
VOCO_K101,0328E9CC7E,90.0,Fragrance 2,Callpoint 8910,-38.0,online,2026-08-14 04:26:09.597000+00:00,2026-08-14 04:27:03.367000+00:00,ST_UKTK_274(35/06/04)_Brent Cross -2
VOCO_K102,0328D2FBCC,43.0,Fragrance,Callpoint 8910,-38.0,online,2026-08-13 20:10:52.237000+00:00,2026-08-14 04:27:03.367000+00:00,ST_UKTK_274(35/06/04)_Brent Cross -2
VOCO_K103,0328E7B83D,100.0,Click and Collect,Callpoint 8910,-42.0,online,2026-08-14 04:26:16.112000+00:00,2026-08-14 04:27:03.367000+00:00,ST_UKTK_274(35/06/04)_Brent Cross -2
VOCO_K104,0328E84324,100.0,Jewellery,Callpoint 8910,-40.0,online,2026-08-14 04:15:20.699000+00:00,2026-08-14 04:27:03.367000+00:00,ST_UKTK_274(35/06/04)_Brent Cross -2
VOCO_K105,0328E9CD14,100.0,Gold Label,Callpoint 8910,-36.0,online,2026-08-14 04:15:08.505000+00:00,2026-08-14 04:27:03.367000+00:00,ST_UKTK_274(35/06/04)_Brent Cross -2
VOCO_K106,0328E9CEC6,100.0,Mens gold label,Callpoint 8910,-40.0,online,2026-08-14 04:22:16.054000+00:00,2026-08-14 04:27:03.367000+00:00,ST_UKTK_274(35/06/04)_Brent Cross -2
VOCO_K107,0328EA1168,100.0,Womens Outerwear,Callpoint 8910,-42.0,offline,2026-08-13 22:52:05.448000+00:00,2026-08-14 04:27:03.367000+00:00,ST_UKTK_274(35/06/04)_Brent Cross -2
VOCO_K110,0328EA119D,98.0,mens jackets ,Callpoint 8910,-40.0,online,2026-08-14 04:23:18.069000+00:00,2026-08-14 04:27:03.367000+00:00,ST_UKTK_274(35/06/04)_Brent Cross -2
VOCO_K104,0328E8707B,6.0,Sales Floor 1,Callpoint 8910,-40.0,offline,2026-08-13 13:04:32.324000+00:00,2026-08-14 04:25:44.448000+00:00,ST_UKTK_280(20/01/03)_Halifax -1
VOCO_K105,0328E9CE6E,27.0,Fragrance,Callpoint 8910,-52.0,online,2026-08-14 04:18:17.585000+00:00,2026-08-14 04:25:44.448000+00:00,ST_UKTK_280(20/01/03)_Halifax -1
VOCO_K102,0328E9CF15,13.0,Fragrance 1,Callpoint 8910,-46.0,online,2026-08-14 04:15:00.308000+00:00,2026-08-14 04:28:25.598000+00:00,ST_UKTK_281(15/1)_Prestatyn
VOCO_K101,0328EA742C,100.0,Click and Collect,Callpoint 8910,-34.0,online,2026-08-14 04:16:10.146000+00:00,2026-08-14 04:30:02.554000+00:00,ST_UKTK_282(20/02/03)_Oldham
VOCO_K104,0328EA74C3,100.0,Handbags,Callpoint 8910,-26.0,online,2026-08-14 04:22:02.238000+00:00,2026-08-14 04:30:02.554000+00:00,ST_UKTK_282(20/02/03)_Oldham
VOCO_K106,0328EA74FA,95.0,Fragrance,Callpoint 8910,-24.0,offline,2026-08-13 07:40:47.037000+00:00,2026-08-14 04:30:02.554000+00:00,ST_UKTK_282(20/02/03)_Oldham
VOCO_K102,0328E8712E,70.0,Gold Label Handbags,Callpoint 8910,-30.0,online,2026-08-14 04:19:42.369000+00:00,2026-08-14 04:26:58+00:00,ST_UKTK_284(30/02/03)_Beckton
VOCO_K104,0328E9CBC6,65.0,Handbags 3,Callpoint 8910,-46.0,online,2026-08-14 04:23:00.015000+00:00,2026-08-14 04:26:58+00:00,ST_UKTK_284(30/02/03)_Beckton
VOCO_K105,0328E8403C,70.0,Handbags 1,Callpoint 8910,-38.0,online,2026-08-14 04:15:28.253000+00:00,2026-08-14 04:26:58+00:00,ST_UKTK_284(30/02/03)_Beckton
VOCO_K108,0328E891B9,19.0,Fragrance 3,Callpoint 8910,-32.0,online,2026-08-14 04:21:23.941000+00:00,2026-08-14 04:26:58+00:00,ST_UKTK_284(30/02/03)_Beckton
VOCO_K109,0328E9CE21,49.0,Handbags 4,Callpoint 8910,-36.0,online,2026-08-14 04:20:29.647000+00:00,2026-08-14 04:26:58+00:00,ST_UKTK_284(30/02/03)_Beckton
VOCO_K111,0328E86FFA,33.0,Mens jackets,Callpoint 8910,-36.0,online,2026-08-14 04:19:52.453000+00:00,2026-08-14 04:26:58+00:00,ST_UKTK_284(30/02/03)_Beckton
VOCO_K112,0328E7435D,73.0,Handbags 2,Callpoint 8910,-36.0,online,2026-08-14 04:17:06.659000+00:00,2026-08-14 04:26:58+00:00,ST_UKTK_284(30/02/03)_Beckton
VOCO_K101,0328EA7524,97.0,Jewellery,Callpoint 8910,-46.0,online,2026-08-14 04:19:37.145000+00:00,2026-08-14 04:28:14.488000+00:00,ST_UKTK_286(23/03/04)_Staines
VOCO_K102,0328EA7580,100.0,Fragrance,Callpoint 8910,-44.0,online,2026-08-14 04:23:43.565000+00:00,2026-08-14 04:28:14.488000+00:00,ST_UKTK_286(23/03/04)_Staines
VOCO_K103,0328EA7525,100.0,Sales Floor ,Callpoint 8910,-42.0,online,2026-08-14 04:19:16.594000+00:00,2026-08-14 04:28:14.488000+00:00,ST_UKTK_286(23/03/04)_Staines
VOCO_K104,0328EA74EA,100.0,Click and Collect,Callpoint 8910,-44.0,online,2026-08-14 04:18:16.009000+00:00,2026-08-14 04:28:14.488000+00:00,ST_UKTK_286(23/03/04)_Staines
VOCO_K101,0328D33811,100.0,Sales Floor 1,Callpoint 8910,-48.0,online,2026-08-13 10:48:14.034000+00:00,2026-08-13 10:48:53.359000+00:00,ST_UKTK_287/654(20/03/05)_Lisnagelvin
VOCO_K102,0328D33B0B,0.0,Jewellery 1,Callpoint 8910,-50.0,online,2026-08-13 10:13:11.503000+00:00,2026-08-13 10:15:16.121000+00:00,ST_UKTK_287/654(20/03/05)_Lisnagelvin
VOCO_K103,0328E86CA9,100.0,Fragrance 1,Callpoint 8910,-52.0,online,2026-08-13 09:56:59.619000+00:00,2026-08-13 09:58:34.239000+00:00,ST_UKTK_287/654(20/03/05)_Lisnagelvin
VOCO_K104,0328EA12BC,100.0,Fragrance Cabinet,Callpoint 8910,-48.0,online,2026-08-13 09:56:53.564000+00:00,2026-08-13 09:58:34.239000+00:00,ST_UKTK_287/654(20/03/05)_Lisnagelvin
VOCO_K102,0328E7B919,100.0,Click and collect,Callpoint 8910,-30.0,online,2026-08-14 04:23:16.885000+00:00,2026-08-14 04:25:26.592000+00:00,ST_UKTK_288(30/02/05)_Leeds Crown Point
VOCO_K102,0328E88D15,33.0,Click and collect ,Callpoint 8910,-46.0,online,2026-08-14 04:11:55.164000+00:00,2026-08-14 04:26:15.788000+00:00,ST_UKTK_294(20/2)_Byker
VOCO_K103,0328EA11A4,0.0,Fragrance 2,Callpoint 8910,-48.0,online,2026-08-14 04:11:38.201000+00:00,2026-08-14 04:26:15.788000+00:00,ST_UKTK_294(20/2)_Byker
VOCO_K105,0328E8724F,27.0,Fragrance,Callpoint 8910,-32.0,online,2026-08-14 04:20:24.627000+00:00,2026-08-14 04:29:38.866000+00:00,ST_UKTK_295(18/3)_Crawley
VOCO_K101,0328D33874,100.0,Sales Floor 1,Callpoint 8910,-38.0,online,2026-08-14 04:11:19.587000+00:00,2026-08-14 04:25:17.776000+00:00,ST_UKTK_297(20/01/03)_Nuneaton
VOCO_K101,0328E9CE90,32.0,Fragrance,Callpoint 8910,-44.0,online,2026-08-14 04:25:05.817000+00:00,2026-08-14 04:25:20.386000+00:00,ST_UKTK_298(20/2/3)_Kings Lynn
VOCO_K101,0328E89200,30.0,Fragrance,Callpoint 8910,-50.0,online,2026-08-14 04:16:52.590000+00:00,2026-08-14 04:26:21.069000+00:00,ST_UKTK_299(41/03/05)_Nottingham Trinity Square
VOCO_K101,0328E9CE61,95.0,Fragrance,Callpoint 8910,-40.0,offline,2026-08-13 07:51:11.549000+00:00,2026-08-14 04:28:24.092000+00:00,ST_UKTK_300(20/1)_Blackburn
VOCO_K102,0328EA743D,86.0,Click and collect,Callpoint 8910,-44.0,online,2026-08-14 04:16:10.389000+00:00,2026-08-14 04:28:24.092000+00:00,ST_UKTK_300(20/1)_Blackburn
VOCO_K101,0328E9CE49,100.0,Fragrance 1,Callpoint 8910,-40.0,online,2026-08-14 04:18:03.735000+00:00,2026-08-14 04:26:01.567000+00:00,ST_UKTK_303(20/1)_Great Yarmouth
VOCO_K101,0328E86BB8,100.0,Fragrance,Callpoint 8910,-30.0,online,2026-08-14 04:26:08.869000+00:00,2026-08-14 04:27:41.290000+00:00,ST_UKTK_306(30/01/03)_Stockton
VOCO_K102,0328E7BE1A,84.0,Fragrance 2,Callpoint 8910,-38.0,offline,2026-08-13 15:47:54.708000+00:00,2026-08-14 04:27:41.290000+00:00,ST_UKTK_306(30/01/03)_Stockton
VOCO_K104,0328E9CF71,100.0,Handbags 1,Callpoint 8910,-28.0,online,2026-08-14 04:27:25.639000+00:00,2026-08-14 04:27:41.290000+00:00,ST_UKTK_306(30/01/03)_Stockton
VOCO_K105,0328E9CC29,100.0,Click and Collect,Callpoint 8910,-30.0,online,2026-08-14 04:20:12.958000+00:00,2026-08-14 04:27:41.290000+00:00,ST_UKTK_306(30/01/03)_Stockton
VOCO_K101,0328E86BB4,36.0,Click and collect,Callpoint 8910,-72.0,online,2026-08-14 04:15:59.770000+00:00,2026-08-14 04:29:39.665000+00:00,ST_UKTK_307(20/2)_Newmarket
VOCO_K102,0328E97625,100.0,Click and collect,Callpoint 8910,-56.0,online,2026-08-14 04:29:21.581000+00:00,2026-08-14 04:29:39.665000+00:00,ST_UKTK_307(20/2)_Newmarket
VOCO_K103,0328E8711E,100.0,Fragrance,Callpoint 8910,-58.0,online,2026-08-14 04:28:09.980000+00:00,2026-08-14 04:29:39.665000+00:00,ST_UKTK_307(20/2)_Newmarket
VOCO_K101,0328DF03C5,27.0,Click and Collect,Callpoint 8910,-46.0,online,2026-08-14 04:19:41.312000+00:00,2026-08-14 04:27:45.645000+00:00,ST_UKTK_308(23/03/04)_Norwich Castle Mall
VOCO_K103,0328E870E2,100.0,Fragrance,Callpoint 8910,-36.0,online,2026-08-14 04:24:17.082000+00:00,2026-08-14 04:27:45.645000+00:00,ST_UKTK_308(23/03/04)_Norwich Castle Mall
VOCO_K104,0328E9CF1F,9.0,Fragrance 2,Callpoint 8910,-60.0,offline,2026-08-13 18:59:37.209000+00:00,2026-08-14 04:27:45.645000+00:00,ST_UKTK_308(23/03/04)_Norwich Castle Mall
VOCO_K101,0328E834D5,100.0,Fragrance ,Callpoint 8910,-32.0,online,2026-08-14 04:23:40.580000+00:00,2026-08-14 04:27:45.343000+00:00,ST_UKTK_309(20/1)_Darlington
VOCO_K101,0328E9CBE6,100.0,Handbags 1,Callpoint 8910,-60.0,online,2026-08-14 04:20:15.537000+00:00,2026-08-14 04:26:56.470000+00:00,ST_UKTK_314(30/03/03)_Enfield
VOCO_K102,0328E870A6,97.0,Jewellery,Callpoint 8910,-58.0,online,2026-08-14 04:22:49.222000+00:00,2026-08-14 04:26:56.470000+00:00,ST_UKTK_314(30/03/03)_Enfield
VOCO_K103,0328E87055,8.0,Fragrance 1,Callpoint 8910,-58.0,online,2026-08-14 04:15:39.154000+00:00,2026-08-14 04:26:56.470000+00:00,ST_UKTK_314(30/03/03)_Enfield
VOCO_K105,0328E8937A,100.0,Click & Collect,Callpoint 8910,-62.0,online,2026-08-14 04:21:29.184000+00:00,2026-08-14 04:26:56.470000+00:00,ST_UKTK_314(30/03/03)_Enfield
VOCO_K107,0328E9CBE7,95.0,CLICK&COLLECT,Callpoint 8910,-58.0,online,2026-08-14 04:12:35.405000+00:00,2026-08-14 04:26:56.470000+00:00,ST_UKTK_314(30/03/03)_Enfield
VOCO_K101,0328E4064C,2.0,Click and Collect,Callpoint 8910,-46.0,online,2026-08-14 04:28:04.172000+00:00,2026-08-14 04:28:18.500000+00:00,ST_UKTK_315(20/1)_Boston
VOCO_K102,0328E9CF20,27.0,Fragrance,Callpoint 8910,-54.0,online,2026-08-14 04:18:42.271000+00:00,2026-08-14 04:28:18.500000+00:00,ST_UKTK_315(20/1)_Boston
VOCO_K101,0328E9CF16,92.0,Fragrance,Callpoint 8910,-40.0,online,2026-08-14 04:21:33.148000+00:00,2026-08-14 04:28:37.104000+00:00,ST_UKTK_318(20/01/03)_Eastleigh
VOCO_K102,0328E405C5,82.0,Jewellery 1,Callpoint 8910,-48.0,online,2026-08-14 04:23:40.260000+00:00,2026-08-14 04:28:37.104000+00:00,ST_UKTK_318(20/01/03)_Eastleigh
VOCO_K101,0328E8700D,100.0,Click & Collect,Callpoint 8910,-24.0,online,2026-08-14 04:15:36.795000+00:00,2026-08-14 04:26:50.688000+00:00,ST_UKTK_322(30/2)_Hounslow
VOCO_K102,0328E84073,95.0,Fragrance 2,Callpoint 8910,-44.0,online,2026-08-14 04:23:43.161000+00:00,2026-08-14 04:26:50.688000+00:00,ST_UKTK_322(30/2)_Hounslow
VOCO_K103,0328E7B9B7,94.0,Fragrance 2,Callpoint 8910,-24.0,online,2026-08-14 04:15:43.479000+00:00,2026-08-14 04:26:50.688000+00:00,ST_UKTK_322(30/2)_Hounslow
VOCO_K105,0328EA1198,48.0,Sales Floor 1,Callpoint 8910,-26.0,online,2026-08-14 04:12:57.626000+00:00,2026-08-14 04:26:50.688000+00:00,ST_UKTK_322(30/2)_Hounslow
VOCO_K106,0328EA1173,100.0,Sales Floor 2,Callpoint 8910,-24.0,online,2026-08-14 04:13:02.191000+00:00,2026-08-14 04:26:50.688000+00:00,ST_UKTK_322(30/2)_Hounslow
VOCO_K101,0328E89321,3.0,click and collect,Callpoint 8910,-44.0,online,2026-08-14 04:16:43.980000+00:00,2026-08-14 04:26:41.828000+00:00,ST_UKTK_326(20/2)_Brislington
VOCO_K102,0328E88C61,100.0,click and collect,Callpoint 8910,-48.0,online,2026-08-14 04:15:18.913000+00:00,2026-08-14 04:26:41.828000+00:00,ST_UKTK_326(20/2)_Brislington
VOCO_K103,0328E9CF88,59.0,Fragrance 1,Callpoint 8910,-42.0,online,2026-08-14 04:15:09.280000+00:00,2026-08-14 04:26:41.828000+00:00,ST_UKTK_326(20/2)_Brislington
VOCO_K101,0328E7B7EA,100.0,Click and Collect,Callpoint 8910,-38.0,online,2026-08-14 04:19:35.315000+00:00,2026-08-14 04:27:22.521000+00:00,ST_UKTK_328/620(35/07/03)_Llanelli
VOCO_K102,0328E7B8D0,100.0,Knife Cabinet,Callpoint 8910,-36.0,online,2026-08-14 04:26:58.298000+00:00,2026-08-14 04:27:22.521000+00:00,ST_UKTK_328/620(35/07/03)_Llanelli
VOCO_K103,0328E7B928,100.0,Fragrance,Callpoint 8910,-50.0,online,2026-08-14 04:26:01.274000+00:00,2026-08-14 04:27:22.521000+00:00,ST_UKTK_328/620(35/07/03)_Llanelli
VOCO_K102,0328E7BA14,100.0,click and collect,Callpoint 8910,-34.0,online,2026-08-13 20:49:28.511000+00:00,2026-08-14 04:26:39.238000+00:00,ST_UKTK_331(20/1)_Cwmbran
VOCO_K101,0328E9CEBB,93.0,Fragrance 1,Callpoint 8910,-38.0,online,2026-08-14 04:19:06.652000+00:00,2026-08-14 04:30:05.097000+00:00,ST_UKTK_332(20/02/03)_Speke
VOCO_K102,0328D2FAC6,2.0,Jewellery 1,Callpoint 8910,-38.0,online,2026-08-14 04:16:34.306000+00:00,2026-08-14 04:30:05.097000+00:00,ST_UKTK_332(20/02/03)_Speke
VOCO_K103,02EB63CB02,0.0,Click and Collect,Callpoint 8910,-46.0,online,2026-08-14 04:20:36.315000+00:00,2026-08-14 04:30:05.097000+00:00,ST_UKTK_332(20/02/03)_Speke
VOCO_K101,02EB63D2A9,59.0,Click and Collect,Callpoint 8910,-36.0,online,2026-08-14 04:25:00.508000+00:00,2026-08-14 04:26:04.592000+00:00,ST_UKTK_335(35/02/04)_Silverburn
VOCO_K102,0328E8403E,35.0,,Callpoint 8910,-30.0,online,2026-08-14 04:22:20.587000+00:00,2026-08-14 04:26:04.592000+00:00,ST_UKTK_335(35/02/04)_Silverburn
VOCO_K103,02EB63CB45,5.0,Click and Collect,Callpoint 8910,-60.0,online,2026-08-14 04:25:21.132000+00:00,2026-08-14 04:26:04.592000+00:00,ST_UKTK_335(35/02/04)_Silverburn
VOCO_K101,0328E9CEC0,100.0,Fragrance,Callpoint 8910,-56.0,online,2026-08-14 04:21:28.284000+00:00,2026-08-14 04:28:59.862000+00:00,ST_UKTK_336(23/4/4)_Tunbridge Wells
VOCO_K101,0328E9CF89,95.0,Fragrance,Callpoint 8910,-32.0,offline,2026-08-13 09:30:00.208000+00:00,2026-08-14 04:27:29.497000+00:00,ST_UKTK_337(20/1)_Chatham
VOCO_K102,0328E9CD4C,95.0,Click and Collect,Callpoint 8910,-44.0,online,2026-08-14 04:13:56.027000+00:00,2026-08-14 04:27:29.497000+00:00,ST_UKTK_337(20/1)_Chatham
VOCO_K101,0328EA119C,100.0,Mens outerwear,Callpoint 8910,-50.0,online,2026-08-14 04:16:37.634000+00:00,2026-08-14 04:26:35.794000+00:00,ST_UKTK_339(67/04/05)_Kensington
VOCO_K102,0328E3285A,82.0,Handbags 5,Callpoint 8910,-50.0,offline,2026-08-13 21:12:19.264000+00:00,2026-08-14 04:26:35.794000+00:00,ST_UKTK_339(67/04/05)_Kensington
VOCO_K103,0328E7B9EB,92.0,Click and Collect,Callpoint 8910,-52.0,online,2026-08-14 04:22:04.046000+00:00,2026-08-14 04:26:35.794000+00:00,ST_UKTK_339(67/04/05)_Kensington
VOCO_K104,02EB63D10C,95.0,Handbags 1,Callpoint 8910,-52.0,offline,2026-08-14 00:52:26.502000+00:00,2026-08-14 04:26:35.794000+00:00,ST_UKTK_339(67/04/05)_Kensington
VOCO_K105,0328E8432D,0.0,Sales floor 3,Callpoint 8910,-64.0,online,2026-08-14 04:29:16.060000+00:00,2026-08-14 04:29:56.327000+00:00,ST_UKTK_339(67/04/05)_Kensington
VOCO_K107,0328E843CE,82.0,Handbags 4,Callpoint 8910,-46.0,online,2026-08-14 04:17:50.637000+00:00,2026-08-14 04:26:35.794000+00:00,ST_UKTK_339(67/04/05)_Kensington
VOCO_K108,0328EA1117,93.0,Mens Gold Label,Callpoint 8910,-50.0,offline,2026-08-14 00:55:19.039000+00:00,2026-08-14 04:26:35.794000+00:00,ST_UKTK_339(67/04/05)_Kensington
VOCO_K109,0328E84054,5.0,Fragrance 1,Callpoint 8910,-52.0,offline,2026-08-13 21:20:34.551000+00:00,2026-08-14 04:26:35.794000+00:00,ST_UKTK_339(67/04/05)_Kensington
VOCO_K110,0328EA116E,100.0,Womens outerwear,Callpoint 8910,-48.0,offline,2026-08-13 18:12:35.938000+00:00,2026-08-14 04:26:35.794000+00:00,ST_UKTK_339(67/04/05)_Kensington
VOCO_K111,0328E84257,99.0,Sales Floor 4,Callpoint 8910,-48.0,online,2026-08-14 04:12:24.748000+00:00,2026-08-14 04:26:35.794000+00:00,ST_UKTK_339(67/04/05)_Kensington
VOCO_K112,0328E408EB,100.0,Handbags 2,Callpoint 8910,-48.0,online,2026-08-14 04:19:11.098000+00:00,2026-08-14 04:26:35.794000+00:00,ST_UKTK_339(67/04/05)_Kensington
VOCO_K114,0328E7B895,94.0,Fragrance 2,Callpoint 8910,-48.0,offline,2026-08-13 21:12:45.955000+00:00,2026-08-14 04:26:35.794000+00:00,ST_UKTK_339(67/04/05)_Kensington
VOCO_K115,0328E840F8,84.0,Gold Label Handbags 1,Callpoint 8910,-52.0,online,2026-08-14 04:19:00.962000+00:00,2026-08-14 04:26:35.794000+00:00,ST_UKTK_339(67/04/05)_Kensington
VOCO_K116,0328E843EA,83.0,Gold Label Handbags 2,Callpoint 8910,-44.0,online,2026-08-14 04:17:50.583000+00:00,2026-08-14 04:26:35.794000+00:00,ST_UKTK_339(67/04/05)_Kensington
VOCO_K118,0328E84084,33.0,Jewellery 1,Callpoint 8910,-54.0,online,2026-08-14 04:23:34.225000+00:00,2026-08-14 04:26:35.794000+00:00,ST_UKTK_339(67/04/05)_Kensington
VOCO_K119,0328E8713F,4.0,Sales floor 2,Callpoint 8910,-60.0,offline,2026-08-13 18:10:54.707000+00:00,2026-08-14 04:26:35.794000+00:00,ST_UKTK_339(67/04/05)_Kensington
VOCO_K120,02EB63D151,95.0,Gold Label Handbag,Callpoint 8910,-40.0,offline,2026-08-14 02:51:29.992000+00:00,2026-08-14 04:26:35.794000+00:00,ST_UKTK_339(67/04/05)_Kensington
VOCO_K101,0328EA10F2,100.0,Handbags 2,Callpoint 8910,-46.0,online,2026-08-14 04:11:48.972000+00:00,2026-08-14 04:26:35.773000+00:00,ST_UKTK_342(25/1)_Worcester
VOCO_K102,0328E9CBFB,96.0,Handbags,Callpoint 8910,-44.0,online,2026-08-14 04:12:03.660000+00:00,2026-08-14 04:26:35.773000+00:00,ST_UKTK_342(25/1)_Worcester
VOCO_K101,0328E7B8BB,90.0,Sales Floor 1,Callpoint 8910,-42.0,offline,2026-08-13 20:30:12.197000+00:00,2026-08-14 04:26:51.936000+00:00,ST_UKTK_343(30/02/02)_Tooting
VOCO_K103,0328E7B85B,90.0,Click and Collect,Callpoint 8910,-64.0,online,2026-08-14 04:23:56.471000+00:00,2026-08-14 04:26:51.936000+00:00,ST_UKTK_343(30/02/02)_Tooting
VOCO_K104,0328E8404D,95.0,Fragrance,Callpoint 8910,-42.0,offline,2026-08-13 20:47:49.740000+00:00,2026-08-14 04:26:51.936000+00:00,ST_UKTK_343(30/02/02)_Tooting
VOCO_K106,0328E9CBED,27.0,Handbags 2,Callpoint 8910,-50.0,online,2026-08-14 04:17:49.553000+00:00,2026-08-14 04:26:51.936000+00:00,ST_UKTK_343(30/02/02)_Tooting
VOCO_K101,0328E9CD66,100.0,Click & Collect ,Callpoint 8910,-56.0,online,2026-08-14 04:19:01.967000+00:00,2026-08-14 04:28:28.653000+00:00,ST_UKTK_345(25/3)_Preston
VOCO_K102,0328E9CDAF,0.0,Fragrance,Callpoint 8910,-60.0,online,2026-08-14 04:26:19.783000+00:00,2026-08-14 04:28:28.653000+00:00,ST_UKTK_345(25/3)_Preston
VOCO_K103,0328E9CF80,1.0,Fragrance 1,Callpoint 8910,-48.0,online,2026-08-14 04:19:47.873000+00:00,2026-08-14 04:28:45.772000+00:00,ST_UKTK_347(25/02/05)_Lancaster
VOCO_K101,0328E9CD72,0.0,fragrance,Callpoint 8910,-60.0,online,2026-08-14 04:24:55.196000+00:00,2026-08-14 04:29:03.389000+00:00,ST_UKTK_349(20/02/02)_Taunton
VOCO_K102,0328E8707A,74.0,jewellery 1 ,Callpoint 8910,-44.0,online,2026-08-14 04:20:44.874000+00:00,2026-08-14 04:29:03.389000+00:00,ST_UKTK_349(20/02/02)_Taunton
VOCO_K103,0328E8706A,100.0,click and collect,Callpoint 8910,-50.0,online,2026-08-13 10:49:31.457000+00:00,2026-08-13 10:51:19.262000+00:00,ST_UKTK_349(20/02/02)_Taunton
VOCO_K101,0328E89513,95.0,Click and Collect,Callpoint 8910,-38.0,offline,2026-08-13 19:54:47.345000+00:00,2026-08-14 04:28:40.397000+00:00,ST_UKTK_351(30/01/05)_Aberdeen Union Square
VOCO_K102,0328E894D7,0.0,Jewellery,Callpoint 8910,-42.0,offline,2026-08-14 04:22:39.709000+00:00,2026-08-14 04:28:40.397000+00:00,ST_UKTK_351(30/01/05)_Aberdeen Union Square
VOCO_K103,0328E7BB3E,40.0,Fragrance 1,Callpoint 8910,-36.0,online,2026-08-14 04:19:00.782000+00:00,2026-08-14 04:28:40.397000+00:00,ST_UKTK_351(30/01/05)_Aberdeen Union Square
VOCO_K102,0328E325A7,95.0,Jewellery 1,Callpoint 8910,-42.0,online,2026-08-14 04:18:04.607000+00:00,2026-08-14 04:26:27.651000+00:00,ST_UKTK_352(25/04/03)_Putney
VOCO_K104,0328E3292C,95.0,Click and Collect,Callpoint 8910,-34.0,online,2026-08-14 04:18:19.278000+00:00,2026-08-14 04:26:27.651000+00:00,ST_UKTK_352(25/04/03)_Putney
VOCO_K105,0328E86F9B,94.0,Fragrance,Callpoint 8910,-32.0,online,2026-08-14 04:18:17.326000+00:00,2026-08-14 04:26:27.651000+00:00,ST_UKTK_352(25/04/03)_Putney
VOCO_K102,0328E8406C,83.0,Fragance,Callpoint 8910,-42.0,online,2026-08-14 04:12:52.747000+00:00,2026-08-14 04:27:52.800000+00:00,ST_UKTK_355(30/2/6)_Guildford
VOCO_K104,0328E88C31,88.0,Handbags,Callpoint 8910,-34.0,online,2026-08-14 04:26:06.280000+00:00,2026-08-14 04:27:52.800000+00:00,ST_UKTK_355(30/2/6)_Guildford
VOCO_K105,0328E88C28,100.0,Click and Collect,Callpoint 8910,-38.0,online,2026-08-14 04:26:41.503000+00:00,2026-08-14 04:27:52.800000+00:00,ST_UKTK_355(30/2/6)_Guildford
VOCO_K102,0328E7453D,70.0,Fragrance,Callpoint 8910,-52.0,online,2026-08-14 04:24:57.576000+00:00,2026-08-14 04:27:16.656000+00:00,ST_UKTK_356(23/03/02)_Cardiff Valegate
VOCO_K101,0328E842E4,100.0,Handbags 1,Callpoint 8910,-44.0,online,2026-08-14 04:23:26.556000+00:00,2026-08-14 04:29:56.399000+00:00,ST_UKTK_357(40/01/06)_Cambridge Market Street
VOCO_K102,0328E87020,100.0,Fragrance 1,Callpoint 8910,-46.0,online,2026-08-14 04:28:10.178000+00:00,2026-08-14 04:29:56.399000+00:00,ST_UKTK_357(40/01/06)_Cambridge Market Street
VOCO_K105,0328E843CC,96.0,Handbags 3,Callpoint 8910,-52.0,online,2026-08-14 04:23:50.809000+00:00,2026-08-14 04:29:56.399000+00:00,ST_UKTK_357(40/01/06)_Cambridge Market Street
VOCO_K101,0328E84104,100.0,Fragrance 2,Callpoint 8910,-60.0,online,2026-08-14 04:24:29.731000+00:00,2026-08-14 04:27:14.390000+00:00,ST_UKTK_359(89/06/08)_CharingCross
VOCO_K102,0328E7B95F,84.0,Handbags 1,Callpoint 8910,-66.0,online,2026-08-14 04:19:27.615000+00:00,2026-08-14 04:27:14.390000+00:00,ST_UKTK_359(89/06/08)_CharingCross
VOCO_K103,0328E842C6,92.0,Handbag 2,Callpoint 8910,-58.0,online,2026-08-14 04:16:31.100000+00:00,2026-08-14 04:27:14.390000+00:00,ST_UKTK_359(89/06/08)_CharingCross
VOCO_K104,0328E840C7,0.0,Womens Outerwear,Callpoint 8910,-64.0,offline,2026-08-13 06:58:05.532000+00:00,2026-08-14 04:27:14.390000+00:00,ST_UKTK_359(89/06/08)_CharingCross
VOCO_K105,0328E88C2D,100.0,Fragrance 1,Callpoint 8910,-64.0,online,2026-08-14 04:21:01.814000+00:00,2026-08-14 04:27:14.390000+00:00,ST_UKTK_359(89/06/08)_CharingCross
VOCO_K109,0328E871D1,83.0,Click and Collect 1,Callpoint 8910,-64.0,online,2026-08-14 04:14:56.970000+00:00,2026-08-14 04:27:14.390000+00:00,ST_UKTK_359(89/06/08)_CharingCross
VOCO_K111,0328E84098,94.0,Gold Label Handbags,Callpoint 8910,-64.0,online,2026-08-14 04:21:40.241000+00:00,2026-08-14 04:27:14.390000+00:00,ST_UKTK_359(89/06/08)_CharingCross
VOCO_K113,0328E7B9CC,76.0,Handbag 5,Callpoint 8910,-60.0,online,2026-08-14 04:13:12.711000+00:00,2026-08-14 04:27:14.390000+00:00,ST_UKTK_359(89/06/08)_CharingCross
VOCO_K114,0328E7B9CB,94.0,handbag 6,Callpoint 8910,-62.0,online,2026-08-14 04:21:08.154000+00:00,2026-08-14 04:27:14.390000+00:00,ST_UKTK_359(89/06/08)_CharingCross
VOCO_K115,0328E7B9D0,100.0,Handbags 7,Callpoint 8910,-62.0,online,2026-08-14 04:14:33.309000+00:00,2026-08-14 04:27:14.390000+00:00,ST_UKTK_359(89/06/08)_CharingCross
VOCO_K116,0328E7B848,88.0,handbag 8,Callpoint 8910,-58.0,online,2026-08-14 04:15:57.139000+00:00,2026-08-14 04:27:14.390000+00:00,ST_UKTK_359(89/06/08)_CharingCross
VOCO_K117,0328E7B84E,95.0,Gold Label Handbags 2,Callpoint 8910,-64.0,online,2026-08-14 04:22:15.397000+00:00,2026-08-14 04:27:14.390000+00:00,ST_UKTK_359(89/06/08)_CharingCross
VOCO_K101,0328D342E2,95.0,Sales Floor 1,Callpoint 8910,-42.0,online,2026-08-14 04:18:20.743000+00:00,2026-08-14 04:27:11.976000+00:00,ST_UKTK_360(20/2)_Bangor Menai
VOCO_K103,0328E7BD99,59.0,Fragrance 1,Callpoint 8910,-38.0,online,2026-08-14 04:24:56.342000+00:00,2026-08-14 04:27:11.976000+00:00,ST_UKTK_360(20/2)_Bangor Menai
VOCO_K102,0328E871C1,89.0,Fragrance,Callpoint 8910,-48.0,online,2026-08-14 04:25:25.740000+00:00,2026-08-14 04:29:01.611000+00:00,ST_UKTK_361(20/1)_St Austell
VOCO_K104,0328E84255,89.0,Click and Collect 1,Callpoint 8910,-44.0,online,2026-08-14 04:15:56.669000+00:00,2026-08-14 04:29:01.611000+00:00,ST_UKTK_361(20/1)_St Austell
VOCO_K102,0328E89202,100.0,Click and Collect 1,Callpoint 8910,-40.0,online,2026-08-14 04:18:12.655000+00:00,2026-08-14 04:27:58.502000+00:00,ST_UKTK_362(25/01/02)_Altrincham
VOCO_K103,0328E870ED,100.0,Fragrance,Callpoint 8910,-36.0,online,2026-08-14 04:26:52.365000+00:00,2026-08-14 04:27:58.502000+00:00,ST_UKTK_362(25/01/02)_Altrincham
VOCO_K101,0328E8930A,100.0,Click and Collect,Callpoint 8910,-44.0,online,2026-08-14 04:26:47.313000+00:00,2026-08-14 04:29:47.185000+00:00,ST_UKTK_363(29/04/04)_Wandsworth
VOCO_K102,0328E9CEF1,100.0,Fragrance 3,Callpoint 8910,-34.0,online,2026-08-14 04:19:44.293000+00:00,2026-08-14 04:29:47.185000+00:00,ST_UKTK_363(29/04/04)_Wandsworth
VOCO_K104,0328E892A1,100.0,Fragrance,Callpoint 8910,-44.0,online,2026-08-14 04:19:44.973000+00:00,2026-08-14 04:29:47.185000+00:00,ST_UKTK_363(29/04/04)_Wandsworth
VOCO_K105,0328E9CECE,100.0,Click and Collect 1,Callpoint 8910,-42.0,online,2026-08-14 04:28:40.675000+00:00,2026-08-14 04:29:47.185000+00:00,ST_UKTK_363(29/04/04)_Wandsworth
VOCO_K102,0328EA752A,48.0,Fragrance,Callpoint 8910,-46.0,online,2026-08-14 04:21:22.764000+00:00,2026-08-14 04:27:23.718000+00:00,ST_UKTK_364(20/02/02)_Hastings
VOCO_K103,0328EA6514,25.0,Click and collect 3,Callpoint 8910,-40.0,online,2026-08-14 04:24:38.020000+00:00,2026-08-14 04:27:23.718000+00:00,ST_UKTK_364(20/02/02)_Hastings
VOCO_K109,0328DABA64,98.0,Click and Collect,Callpoint 8910,-46.0,online,2026-08-14 04:23:05.246000+00:00,2026-08-14 04:27:23.718000+00:00,ST_UKTK_364(20/02/02)_Hastings
VOCO_K101,0328E87316,15.0,Gold Label Handbags 1,Callpoint 8910,-60.0,online,2026-08-14 04:19:01.132000+00:00,2026-08-14 04:27:51.946000+00:00,ST_UKTK_366(51/03/06)_Glasgow Argyle Street
VOCO_K102,0328E88C2B,100.0,Mens Gold label,Callpoint 8910,-26.0,online,2026-08-14 04:15:03.702000+00:00,2026-08-14 04:27:51.946000+00:00,ST_UKTK_366(51/03/06)_Glasgow Argyle Street
VOCO_K108,0328E8732A,84.0,Click and Collect 2,Callpoint 8910,-50.0,online,2026-08-14 04:18:09.844000+00:00,2026-08-14 04:27:51.946000+00:00,ST_UKTK_366(51/03/06)_Glasgow Argyle Street
VOCO_K101,0328E840F1,30.0,Handbags 1,Callpoint 8910,-38.0,online,2026-08-14 04:18:22.340000+00:00,2026-08-14 04:27:59.377000+00:00,ST_UKTK_368(23/03/03)_Luton
VOCO_K102,0328E841AC,94.0,Handbags 2,Callpoint 8910,-50.0,online,2026-08-14 04:27:31.326000+00:00,2026-08-14 04:27:59.377000+00:00,ST_UKTK_368(23/03/03)_Luton
VOCO_K103,0328E9CDD7,86.0,Fragrance,Callpoint 8910,-54.0,online,2026-08-14 04:23:29.448000+00:00,2026-08-14 04:27:59.377000+00:00,ST_UKTK_368(23/03/03)_Luton
VOCO_K104,0328E842CE,28.0,Handbags 5,Callpoint 8910,-46.0,online,2026-08-14 04:16:14.871000+00:00,2026-08-14 04:27:59.377000+00:00,ST_UKTK_368(23/03/03)_Luton
VOCO_K105,0328E84166,100.0,Handbags 4,Callpoint 8910,-40.0,online,2026-08-14 04:27:29.511000+00:00,2026-08-14 04:27:59.377000+00:00,ST_UKTK_368(23/03/03)_Luton
VOCO_K106,0328E842B7,95.0,Handbags 6,Callpoint 8910,-50.0,online,2026-08-14 04:20:11.059000+00:00,2026-08-14 04:27:59.377000+00:00,ST_UKTK_368(23/03/03)_Luton
VOCO_K107,0328E7BE00,86.0,Fragrance,Callpoint 8910,-32.0,online,2026-08-14 04:23:28.204000+00:00,2026-08-14 04:27:59.377000+00:00,ST_UKTK_368(23/03/03)_Luton
VOCO_K108,0328DDFEB2,80.0,Click and Collect,Callpoint 8910,-36.0,online,2026-08-14 04:17:28.539000+00:00,2026-08-14 04:27:59.377000+00:00,ST_UKTK_368(23/03/03)_Luton
VOCO_K109,0328E40816,95.0,Handbags,Callpoint 8910,-70.0,offline,2026-08-13 13:41:42.608000+00:00,2026-08-14 04:27:59.377000+00:00,ST_UKTK_368(23/03/03)_Luton
VOCO_K101,0328E9CD9B,100.0,Fragrance,Callpoint 8910,-26.0,online,2026-08-14 04:20:43.060000+00:00,2026-08-14 04:29:18.325000+00:00,ST_UKTK_369(25/03/03)_Wednesbury
VOCO_K102,0328E7B8AA,2.0,Fragrance 2,Callpoint 8910,-32.0,online,2026-08-14 04:25:28.512000+00:00,2026-08-14 04:29:18.325000+00:00,ST_UKTK_369(25/03/03)_Wednesbury
VOCO_K103,0328E7B87D,0.0,Fragrance3,Callpoint 8910,-50.0,online,2026-08-14 04:20:37.328000+00:00,2026-08-14 04:29:18.325000+00:00,ST_UKTK_369(25/03/03)_Wednesbury
VOCO_K104,0328E328AC,95.0,fragrance4,Callpoint 8910,-24.0,offline,2026-08-13 17:27:16.781000+00:00,2026-08-14 04:29:18.325000+00:00,ST_UKTK_369(25/03/03)_Wednesbury
VOCO_K105,0328D33949,57.0,fragrance5,Callpoint 8910,-44.0,online,2026-08-14 04:27:12.823000+00:00,2026-08-14 04:29:18.325000+00:00,ST_UKTK_369(25/03/03)_Wednesbury
VOCO_K101,0328D2FA27,94.0,Handbags 1,Callpoint 8910,-54.0,online,2026-08-14 04:19:22.001000+00:00,2026-08-14 04:25:08.506000+00:00,ST_UKTK_370(35/04/04)_Gracechurch Street- 1
VOCO_K105,0328E32809,82.0,Men gold label,Callpoint 8910,-48.0,online,2026-08-14 04:15:43.664000+00:00,2026-08-14 04:25:08.506000+00:00,ST_UKTK_370(35/04/04)_Gracechurch Street- 1
VOCO_K107,0328EA118E,0.0,Click & Collect 2,Callpoint 8910,-58.0,online,2026-08-14 04:24:24.779000+00:00,2026-08-14 04:25:08.506000+00:00,ST_UKTK_370(35/04/04)_Gracechurch Street- 1
VOCO_K108,0328EA10FA,0.0,Womens Outerwear 1 ,Callpoint 8910,-52.0,online,2026-08-14 04:20:23.502000+00:00,2026-08-14 04:25:08.506000+00:00,ST_UKTK_370(35/04/04)_Gracechurch Street- 1
VOCO_K109,0328EA116B,86.0,Womens Gold Label,Callpoint 8910,-40.0,online,2026-08-14 04:22:35.881000+00:00,2026-08-14 04:25:08.506000+00:00,ST_UKTK_370(35/04/04)_Gracechurch Street- 1
VOCO_K110,0328EA136E,93.0,Fragrance 1,Callpoint 8910,-58.0,online,2026-08-14 04:19:50.284000+00:00,2026-08-14 04:25:08.506000+00:00,ST_UKTK_370(35/04/04)_Gracechurch Street- 1
VOCO_K111,0328E840E9,1.0,Mens Outerwear,Callpoint 8910,-50.0,online,2026-08-14 04:19:36.764000+00:00,2026-08-14 04:25:08.506000+00:00,ST_UKTK_370(35/04/04)_Gracechurch Street- 1
VOCO_K112,0328EA1179,100.0,Click and Collect 3,Callpoint 8910,-52.0,online,2026-08-14 04:19:18.247000+00:00,2026-08-14 04:25:08.506000+00:00,ST_UKTK_370(35/04/04)_Gracechurch Street- 1
VOCO_K113,0328E9CDE5,100.0,Womens Outerwear 2,Callpoint 8910,-52.0,online,2026-08-14 04:23:57.907000+00:00,2026-08-14 04:25:08.506000+00:00,ST_UKTK_370(35/04/04)_Gracechurch Street- 1
VOCO_K101,0328E7B869,100.0,Sales Floor 1,Callpoint 8910,-56.0,online,2026-08-14 04:25:07.849000+00:00,2026-08-14 04:26:11.172000+00:00,ST_UKTK_374(20/1)_Kendal
VOCO_K102,0328E86DCB,0.0,Fragrance,Callpoint 8910,-52.0,online,2026-08-14 04:16:34.505000+00:00,2026-08-14 04:26:11.172000+00:00,ST_UKTK_374(20/1)_Kendal
VOCO_K104,0328E9CE5E,100.0,Fragrance,Callpoint 8910,-34.0,online,2026-08-14 04:21:46.552000+00:00,2026-08-14 04:28:05.555000+00:00,ST_UKTK_375(23/02/04)_Crewe
VOCO_K103,0328E9CD64,14.0,Fragrance,Callpoint 8910,-40.0,online,2026-08-14 04:13:20.112000+00:00,2026-08-14 04:26:28.648000+00:00,ST_UKTK_378(20/1)_Folkestone
VOCO_K104,0328D33A35,100.0,jewellery,Callpoint 8910,-32.0,online,2026-08-14 04:23:49.744000+00:00,2026-08-14 04:28:05.658000+00:00,ST_UKTK_379(23/3)_New Cross
VOCO_K101,0328D2FA9A,51.0,Fragrance 3,Callpoint 8910,-54.0,online,2026-08-14 04:25:30.528000+00:00,2026-08-14 04:29:18.166000+00:00,ST_UKTK_380(20/2)_Newport Isle Of Wight
VOCO_K102,0328E7BB3F,100.0,Fragrance,Callpoint 8910,-54.0,online,2026-08-14 04:27:57.115000+00:00,2026-08-14 04:29:18.166000+00:00,ST_UKTK_380(20/2)_Newport Isle Of Wight
VOCO_K103,0328D3438F,100.0,Fragrance,Callpoint 8910,-56.0,online,2026-08-14 04:25:56.774000+00:00,2026-08-14 04:29:18.166000+00:00,ST_UKTK_380(20/2)_Newport Isle Of Wight
VOCO_K101,0328E74518,93.0,Click and Collect,Callpoint 8910,-46.0,online,2026-08-14 04:16:53.384000+00:00,2026-08-14 04:26:53.270000+00:00,ST_UKTK_381(41/02/06)_Brighton North Street
VOCO_K102,0328E8939E,70.0,Mens gold label,Callpoint 8910,-52.0,online,2026-08-14 04:19:37.077000+00:00,2026-08-14 04:26:53.270000+00:00,ST_UKTK_381(41/02/06)_Brighton North Street
VOCO_K103,0328E9CEAB,100.0,Handbags,Callpoint 8910,-60.0,online,2026-08-14 04:18:52.387000+00:00,2026-08-14 04:26:53.270000+00:00,ST_UKTK_381(41/02/06)_Brighton North Street
VOCO_K105,0328E842F6,100.0,Fragrance,Callpoint 8910,-62.0,online,2026-08-14 04:14:39.616000+00:00,2026-08-14 04:26:53.270000+00:00,ST_UKTK_381(41/02/06)_Brighton North Street
VOCO_K106,0328E842BD,100.0,Handbags 3,Callpoint 8910,-64.0,online,2026-08-14 04:13:49.075000+00:00,2026-08-14 04:26:53.270000+00:00,ST_UKTK_381(41/02/06)_Brighton North Street
VOCO_K107,0328E87315,100.0,Gold Label Handbags ,Callpoint 8910,-54.0,online,2026-08-14 04:19:01.346000+00:00,2026-08-14 04:26:53.270000+00:00,ST_UKTK_381(41/02/06)_Brighton North Street
VOCO_K110,0328E88C7F,100.0,Handbags 7,Callpoint 8910,-60.0,online,2026-08-14 04:18:32.507000+00:00,2026-08-14 04:26:53.270000+00:00,ST_UKTK_381(41/02/06)_Brighton North Street
VOCO_K111,0328E88C8C,100.0,Handbag 8,Callpoint 8910,-58.0,online,2026-08-14 04:20:24.492000+00:00,2026-08-14 04:26:53.270000+00:00,ST_UKTK_381(41/02/06)_Brighton North Street
VOCO_K102,0328E843DD,95.0,Fragrance,Callpoint 8910,-32.0,online,2026-08-14 04:24:12.289000+00:00,2026-08-14 04:25:44.624000+00:00,ST_UKTK_382(35/04/06)_Brixton
VOCO_K103,0328E7B843,100.0,Click and Collect,Callpoint 8910,-40.0,online,2026-08-14 04:24:11.847000+00:00,2026-08-14 04:25:44.624000+00:00,ST_UKTK_382(35/04/06)_Brixton
VOCO_K104,0328E88CD1,100.0,Handbags 4,Callpoint 8910,-34.0,online,2026-08-14 04:24:13.070000+00:00,2026-08-14 04:25:44.624000+00:00,ST_UKTK_382(35/04/06)_Brixton
VOCO_K105,0328E7B72B,100.0,Handbags 6,Callpoint 8910,-34.0,online,2026-08-14 04:24:11.655000+00:00,2026-08-14 04:25:44.624000+00:00,ST_UKTK_382(35/04/06)_Brixton
VOCO_K106,0328E842C0,95.0,Sales Floor 2,Callpoint 8910,-38.0,offline,2026-08-13 09:09:10.529000+00:00,2026-08-14 04:25:44.624000+00:00,ST_UKTK_382(35/04/06)_Brixton
VOCO_K109,0328E840AE,100.0,Handbags 3,Callpoint 8910,-38.0,online,2026-08-14 04:24:11.908000+00:00,2026-08-14 04:25:44.624000+00:00,ST_UKTK_382(35/04/06)_Brixton
VOCO_K111,0328EA1124,100.0,Sales Floor 3,Callpoint 8910,-36.0,online,2026-08-14 04:24:12.740000+00:00,2026-08-14 04:25:44.624000+00:00,ST_UKTK_382(35/04/06)_Brixton
VOCO_K101,0328E87152,0.0,Click and Collect 1,Callpoint 8910,-80.0,online,2026-08-14 04:26:51.140000+00:00,2026-08-14 04:26:57.311000+00:00,ST_UKTK_384(25/3)_Woolwich
VOCO_K102,0328E871E5,87.0,Jewellery 1,Callpoint 8910,-30.0,online,2026-08-14 04:26:35.122000+00:00,2026-08-14 04:26:55.405000+00:00,ST_UKTK_384(25/3)_Woolwich
VOCO_K103,0328E87047,71.0,Click and Collect 3,Callpoint 8910,-50.0,online,2026-08-14 04:13:26.036000+00:00,2026-08-14 04:26:55.405000+00:00,ST_UKTK_384(25/3)_Woolwich
VOCO_K104,0328E7BB1B,0.0,Click and collect 2,Callpoint 8910,-44.0,online,2026-08-14 04:23:54.527000+00:00,2026-08-14 04:26:55.405000+00:00,ST_UKTK_384(25/3)_Woolwich
VOCO_K106,0328EA74E3,9.0,Fragrance 3,Callpoint 8910,-56.0,online,2026-08-14 04:14:53.052000+00:00,2026-08-14 04:26:55.405000+00:00,ST_UKTK_384(25/3)_Woolwich
VOCO_K107,0328EA1118,0.0,Fragrance 2,Callpoint 8910,-80.0,online,2026-08-14 04:14:16.571000+00:00,2026-08-14 04:26:55.405000+00:00,ST_UKTK_384(25/3)_Woolwich
VOCO_K101,0328E87028,100.0,Handbags,Callpoint 8910,-46.0,online,2026-08-14 04:24:24.376000+00:00,2026-08-14 04:28:32.824000+00:00,ST_UKTK_385(24/3)_London Colney
VOCO_K102,0328E7B830,100.0,Fragrance 2,Callpoint 8910,-52.0,online,2026-08-14 04:27:31.847000+00:00,2026-08-14 04:28:32.824000+00:00,ST_UKTK_385(24/3)_London Colney
VOCO_K103,0328E8700C,80.0,Click and Collect 2,Callpoint 8910,-32.0,online,2026-08-14 04:26:26.538000+00:00,2026-08-14 04:28:32.824000+00:00,ST_UKTK_385(24/3)_London Colney
VOCO_K101,0328D3396D,95.0,Sales Floor 1,Callpoint 8910,-44.0,offline,2026-08-14 04:24:28.749000+00:00,2026-08-14 04:27:19.584000+00:00,ST_UKTK_386(25/2/4)_Guiseley
VOCO_K102,0328D3395A,95.0,Jewellery 1,Callpoint 8910,-46.0,online,2026-08-14 04:20:51.396000+00:00,2026-08-14 04:27:19.584000+00:00,ST_UKTK_386(25/2/4)_Guiseley
VOCO_K103,0328D33964,82.0,Click and Collect,Callpoint 8910,-40.0,online,2026-08-14 04:26:45.518000+00:00,2026-08-14 04:27:19.584000+00:00,ST_UKTK_386(25/2/4)_Guiseley
VOCO_K105,0328E870F2,100.0,Fragrance,Callpoint 8910,-42.0,online,2026-08-14 04:24:28.367000+00:00,2026-08-14 04:27:19.584000+00:00,ST_UKTK_386(25/2/4)_Guiseley
VOCO_K102,0328E7BB56,1.0,Fragrance,Callpoint 8910,-48.0,offline,2026-08-13 07:47:41.284000+00:00,2026-08-14 04:27:34.696000+00:00,ST_UKTK_387(20/02/02)_Waltham Abbey
VOCO_K104,0328E405CC,95.0,Till,Callpoint 8910,-48.0,online,2026-08-14 04:14:09.661000+00:00,2026-08-14 04:27:34.696000+00:00,ST_UKTK_387(20/02/02)_Waltham Abbey
VOCO_K105,0328E7B7C4,100.0,Click and Collect,Callpoint 8910,-56.0,online,2026-08-14 04:13:45.274000+00:00,2026-08-14 04:27:34.696000+00:00,ST_UKTK_387(20/02/02)_Waltham Abbey
VOCO_K101,0328E7B9FE,95.0,Jewellery ,Callpoint 8910,-54.0,offline,2026-08-14 02:23:39.037000+00:00,2026-08-14 04:27:11.767000+00:00,ST_UKTK_391(23/03/02)_Balham
VOCO_K102,0328E87070,72.0,Fragrance 1,Callpoint 8910,-58.0,online,2026-08-14 04:17:21.910000+00:00,2026-08-14 04:27:11.767000+00:00,ST_UKTK_391(23/03/02)_Balham
VOCO_K103,0328D842F3,68.0,Click and Collect,Callpoint 8910,-52.0,online,2026-08-14 04:19:14.719000+00:00,2026-08-14 04:27:11.767000+00:00,ST_UKTK_391(23/03/02)_Balham
VOCO_K101,0328D2FAE4,95.0,Click & Collect 2,Callpoint 8910,-30.0,online,2026-08-14 04:24:15.048000+00:00,2026-08-14 04:27:51.505000+00:00,ST_UKTK_392(25/3)_Twickenham
VOCO_K104,0328EA136F,95.0,Click & Collect,Callpoint 8910,-34.0,online,2026-08-14 04:13:47.315000+00:00,2026-08-14 04:27:51.505000+00:00,ST_UKTK_392(25/3)_Twickenham
VOCO_K102,0328E9CCA5,90.0,Fragrance 1,Callpoint 8910,-54.0,online,2026-08-14 04:23:46.417000+00:00,2026-08-14 04:28:45.940000+00:00,ST_UKTK_393(20/2)_Stirling
VOCO_K103,0328EA7567,90.0,Click and collect,Callpoint 8910,-42.0,online,2026-08-14 04:27:14.532000+00:00,2026-08-14 04:28:45.940000+00:00,ST_UKTK_393(20/2)_Stirling
VOCO_K101,0328DF03BB,91.0,Jewellery,Callpoint 8910,-44.0,online,2026-08-14 04:24:56.053000+00:00,2026-08-14 04:26:30.848000+00:00,ST_UKTK_394(20/2)_Chesterfield
VOCO_K102,0328E9CC32,95.0,Jewellery,Callpoint 8910,-56.0,online,2026-08-14 04:19:30.399000+00:00,2026-08-14 04:26:30.848000+00:00,ST_UKTK_394(20/2)_Chesterfield
VOCO_K108,0328DF03D4,93.0,Sales Floor 4,Callpoint 8910,-50.0,online,2026-08-14 04:25:12.803000+00:00,2026-08-14 04:26:30.848000+00:00,ST_UKTK_394(20/2)_Chesterfield
VOCO_K101,0328DAC09B,93.0,Fragrance 1,Callpoint 8910,-42.0,online,2026-08-14 04:20:43.132000+00:00,2026-08-14 04:27:17.897000+00:00,ST_UKTK_395(25/03/04)_Stratford Upon Avon
VOCO_K102,0328E8943A,0.0,Jewellery,Callpoint 8910,-46.0,offline,2026-08-13 16:43:25.285000+00:00,2026-08-14 04:27:17.897000+00:00,ST_UKTK_395(25/03/04)_Stratford Upon Avon
VOCO_K103,0328DAC098,8.0,Click and Collect,Callpoint 8910,-48.0,online,2026-08-14 04:27:32.366000+00:00,2026-08-14 04:27:37.841000+00:00,ST_UKTK_395(25/03/04)_Stratford Upon Avon
VOCO_K104,0328E7BB0C,10.0,Fragrance 2,Callpoint 8910,-28.0,online,2026-08-14 04:16:02.588000+00:00,2026-08-14 04:27:17.897000+00:00,ST_UKTK_395(25/03/04)_Stratford Upon Avon
VOCO_K101,0328E7BAA8,65.0,Fragrance,Callpoint 8910,-38.0,online,2026-08-14 04:14:19.262000+00:00,2026-08-14 04:26:00.460000+00:00,ST_UKTK_398(23/02/04)_Reading Gate
VOCO_K102,02EB63D280,100.0,Jewellery 1,Callpoint 8910,-44.0,online,2026-08-14 04:18:26.874000+00:00,2026-08-14 04:26:00.460000+00:00,ST_UKTK_398(23/02/04)_Reading Gate
VOCO_K103,0328E7B924,0.0,Click and Collect,Callpoint 8910,-34.0,online,2026-08-14 04:26:36.296000+00:00,2026-08-14 04:26:40.542000+00:00,ST_UKTK_398(23/02/04)_Reading Gate
VOCO_K104,0328D2FA18,0.0,Jewellery 2,Callpoint 8910,-28.0,offline,2026-08-13 19:59:41.963000+00:00,2026-08-14 04:26:00.460000+00:00,ST_UKTK_398(23/02/04)_Reading Gate
VOCO_K105,0328E9CED0,0.0,Handbags 1,Callpoint 8910,-38.0,online,2026-08-14 04:13:18.223000+00:00,2026-08-14 04:26:00.460000+00:00,ST_UKTK_398(23/02/04)_Reading Gate
VOCO_K106,0328E9CCBA,100.0,Handbags 2,Callpoint 8910,-46.0,online,2026-08-14 04:16:39.618000+00:00,2026-08-14 04:26:00.460000+00:00,ST_UKTK_398(23/02/04)_Reading Gate
VOCO_K107,0328E9CF11,95.0,Fragrance 2,Callpoint 8910,-48.0,online,2026-08-14 04:21:51.588000+00:00,2026-08-14 04:26:00.460000+00:00,ST_UKTK_398(23/02/04)_Reading Gate
VOCO_K101,0328E872AD,100.0,Click and Collect,Callpoint 8910,-68.0,online,2026-08-14 04:25:15.228000+00:00,2026-08-14 04:27:39.520000+00:00,ST_UKTK_399(24/5/4)_Bath
VOCO_K102,02EB63CF32,32.0,Jewellery 1,Callpoint 8910,-52.0,online,2026-08-14 04:26:20.430000+00:00,2026-08-14 04:27:39.520000+00:00,ST_UKTK_399(24/5/4)_Bath
VOCO_K103,0328E88BD1,34.0,Click and Collect 2,Callpoint 8910,-50.0,online,2026-08-14 04:25:34.964000+00:00,2026-08-14 04:27:39.520000+00:00,ST_UKTK_399(24/5/4)_Bath
VOCO_K104,0328E87018,100.0,Jewellery 2,Callpoint 8910,-70.0,online,2026-08-14 04:25:55.983000+00:00,2026-08-14 04:27:39.520000+00:00,ST_UKTK_399(24/5/4)_Bath
VOCO_K105,0328E872AA,100.0,Fragrance,Callpoint 8910,-64.0,online,2026-08-14 04:25:29.576000+00:00,2026-08-14 04:27:39.520000+00:00,ST_UKTK_399(24/5/4)_Bath
VOCO_K106,0328E7BDC0,0.0,Fragrance,Callpoint 8910,-76.0,offline,2026-08-14 04:25:18.596000+00:00,2026-08-14 04:27:39.520000+00:00,ST_UKTK_399(24/5/4)_Bath
VOCO_K101,0328D2FAF9,0.0,Sales Floor 1,Callpoint 8910,-62.0,online,2026-08-14 04:23:02.764000+00:00,2026-08-14 04:26:16.530000+00:00,ST_UKTK_400(20/1)_Camberley
VOCO_K102,0328E9CD6D,100.0,Fragrance,Callpoint 8910,-52.0,online,2026-08-14 04:11:16.516000+00:00,2026-08-14 04:26:16.530000+00:00,ST_UKTK_400(20/1)_Camberley
VOCO_K101,0328E7BE07,92.0,Handbags 3,Callpoint 8910,-46.0,online,2026-08-14 04:24:07.114000+00:00,2026-08-14 04:26:36.708000+00:00,ST_UKTK_401(23/03/04)_Hayes
VOCO_K102,02EB63CE66,0.0,Fragrance,Callpoint 8910,-44.0,online,2026-08-14 04:20:40.257000+00:00,2026-08-14 04:26:36.708000+00:00,ST_UKTK_401(23/03/04)_Hayes
VOCO_K104,0328EA115E,100.0,Handbags 4,Callpoint 8910,-44.0,online,2026-08-14 04:23:49.749000+00:00,2026-08-14 04:26:36.708000+00:00,ST_UKTK_401(23/03/04)_Hayes
VOCO_K108,0328E893C8,100.0,Click and COLLECT,Callpoint 8910,-38.0,online,2026-08-14 04:14:38.638000+00:00,2026-08-14 04:26:36.708000+00:00,ST_UKTK_401(23/03/04)_Hayes
VOCO_K109,0328E8942A,100.0,Click and Collect,Callpoint 8910,-42.0,online,2026-08-14 04:14:56.580000+00:00,2026-08-14 04:26:36.708000+00:00,ST_UKTK_401(23/03/04)_Hayes
VOCO_K101,03603563F6,47.0,Click & Collect,Callpoint 8910,-30.0,offline,2026-08-13 06:31:15.032000+00:00,2026-08-14 04:25:49.501000+00:00,ST_UKTK_402(30/02/04)_Harringay
VOCO_K102,0328EA1166,98.0,Mens Outerwear,Callpoint 8910,-32.0,online,2026-08-14 04:24:11.660000+00:00,2026-08-14 04:25:49.501000+00:00,ST_UKTK_402(30/02/04)_Harringay
VOCO_K103,0328EA1153,98.0,Womens gold label,Callpoint 8910,-36.0,online,2026-08-14 04:22:23.528000+00:00,2026-08-14 04:25:49.501000+00:00,ST_UKTK_402(30/02/04)_Harringay
VOCO_K104,0328E9CDC2,100.0,Click and Collect 1,Callpoint 8910,-28.0,online,2026-08-14 04:24:32.222000+00:00,2026-08-14 04:25:49.501000+00:00,ST_UKTK_402(30/02/04)_Harringay
VOCO_K105,0328EA119A,80.0,,Callpoint 8910,-32.0,online,2026-08-14 04:18:14.510000+00:00,2026-08-14 04:25:49.501000+00:00,ST_UKTK_402(30/02/04)_Harringay
VOCO_K106,0328E9CD05,93.0,click&collect,Callpoint 8910,-48.0,online,2026-08-14 04:15:27.429000+00:00,2026-08-14 04:25:49.501000+00:00,ST_UKTK_402(30/02/04)_Harringay
VOCO_K107,0328E8712A,58.0,Fragrance,Callpoint 8910,-28.0,online,2026-08-14 04:19:39.004000+00:00,2026-08-14 04:25:49.501000+00:00,ST_UKTK_402(30/02/04)_Harringay
VOCO_K101,0328EB767C,72.0,Fragrance,Callpoint 8910,-40.0,online,2026-08-14 04:21:03.984000+00:00,2026-08-14 04:29:52.568000+00:00,ST_UKTK_404(20/2)_Edinburgh Hermiston
VOCO_K102,0328EA7406,0.0,Click and collect,Callpoint 8910,-38.0,offline,2026-08-13 13:51:36.664000+00:00,2026-08-14 04:29:52.568000+00:00,ST_UKTK_404(20/2)_Edinburgh Hermiston
VOCO_K104,0328EA73F3,93.0,Fragrance ,Callpoint 8910,-28.0,offline,2026-08-13 13:50:53.414000+00:00,2026-08-14 04:29:52.568000+00:00,ST_UKTK_404(20/2)_Edinburgh Hermiston
VOCO_K101,0328E32818,100.0,Click and Collect 1,Callpoint 8910,-48.0,online,2026-08-14 04:27:23.376000+00:00,2026-08-14 04:29:59.393000+00:00,ST_UKTK_409(23/03/04)_Hove
VOCO_K103,0328EA740A,100.0,Fragrance,Callpoint 8910,-46.0,online,2026-08-14 04:24:36.296000+00:00,2026-08-14 04:29:59.393000+00:00,ST_UKTK_409(23/03/04)_Hove
VOCO_K104,0328E89339,35.0,click and collect,Callpoint 8910,-32.0,online,2026-08-14 04:20:51.506000+00:00,2026-08-14 04:25:31.045000+00:00,ST_UKTK_410(25/2)_Giltbrook
VOCO_K105,0328E89374,22.0,Frangrance,Callpoint 8910,-46.0,online,2026-08-14 04:16:24.052000+00:00,2026-08-14 04:25:31.045000+00:00,ST_UKTK_410(25/2)_Giltbrook
VOCO_K101,0328E7BCE8,100.0,Fragrance,Callpoint 8910,-36.0,online,2026-08-14 04:27:11.354000+00:00,2026-08-14 04:27:14.649000+00:00,ST_UKTK_413(20/01/04)_Leigh
VOCO_K103,0328EA1200,100.0,Click & Collect,Callpoint 8910,-30.0,online,2026-08-14 04:26:43.373000+00:00,2026-08-14 04:27:14.649000+00:00,ST_UKTK_413(20/01/04)_Leigh
VOCO_K101,0328E87095,81.0,Handbags 4,Callpoint 8910,-26.0,offline,2026-08-13 20:54:36.105000+00:00,2026-08-14 04:26:43.300000+00:00,ST_UKTK_414(66/03/04)_Stratford Westfield
VOCO_K103,0328E843B5,100.0,Handbags 3,Callpoint 8910,-36.0,online,2026-08-14 04:12:49.986000+00:00,2026-08-14 04:26:43.300000+00:00,ST_UKTK_414(66/03/04)_Stratford Westfield
VOCO_K104,0328E87040,82.0,Gold Label Handbags 1,Callpoint 8910,-40.0,online,2026-08-14 04:18:41.249000+00:00,2026-08-14 04:26:43.300000+00:00,ST_UKTK_414(66/03/04)_Stratford Westfield
VOCO_K105,0328E86FF6,85.0,Mens gold label,Callpoint 8910,-38.0,offline,2026-08-13 12:55:20.670000+00:00,2026-08-14 04:26:43.300000+00:00,ST_UKTK_414(66/03/04)_Stratford Westfield
VOCO_K107,0328E87078,100.0,Fragrance 2,Callpoint 8910,-34.0,online,2026-08-14 04:15:05.739000+00:00,2026-08-14 04:26:43.300000+00:00,ST_UKTK_414(66/03/04)_Stratford Westfield
VOCO_K108,0328E8408A,100.0,Handbags 5,Callpoint 8910,-36.0,online,2026-08-14 04:11:42.739000+00:00,2026-08-14 04:26:43.300000+00:00,ST_UKTK_414(66/03/04)_Stratford Westfield
VOCO_K109,0328E843E7,90.0,Handbags 6,Callpoint 8910,-40.0,offline,2026-08-13 20:55:13.860000+00:00,2026-08-14 04:26:43.300000+00:00,ST_UKTK_414(66/03/04)_Stratford Westfield
VOCO_K110,0328E9CCE6,100.0,Handbags 5,Callpoint 8910,-34.0,online,2026-08-14 04:24:05.074000+00:00,2026-08-14 04:26:43.300000+00:00,ST_UKTK_414(66/03/04)_Stratford Westfield
VOCO_K111,0328E86FFC,98.0,Click and Collect 1,Callpoint 8910,-28.0,online,2026-08-14 04:12:23.053000+00:00,2026-08-14 04:26:43.300000+00:00,ST_UKTK_414(66/03/04)_Stratford Westfield
VOCO_K112,0328E87126,97.0,Fragrance,Callpoint 8910,-36.0,offline,2026-08-14 00:18:37.453000+00:00,2026-08-14 04:26:43.300000+00:00,ST_UKTK_414(66/03/04)_Stratford Westfield
VOCO_K113,0328E87086,95.0,Handbags 1,Callpoint 8910,-34.0,online,2026-08-14 04:20:56.976000+00:00,2026-08-14 04:26:43.300000+00:00,ST_UKTK_414(66/03/04)_Stratford Westfield
VOCO_K114,0328EA11C3,5.0,Womens Outerwear,Callpoint 8910,-34.0,online,2026-08-14 04:14:10.599000+00:00,2026-08-14 04:26:43.300000+00:00,ST_UKTK_414(66/03/04)_Stratford Westfield
VOCO_K115,0328EA11B0,0.0,Mens Outerwear,Callpoint 8910,-40.0,offline,2026-08-13 14:23:19.086000+00:00,2026-08-14 04:26:43.300000+00:00,ST_UKTK_414(66/03/04)_Stratford Westfield
VOCO_K116,0328EA1413,100.0,Gold Label Handbags 3,Callpoint 8910,-40.0,online,2026-08-14 04:22:15.149000+00:00,2026-08-14 04:26:43.300000+00:00,ST_UKTK_414(66/03/04)_Stratford Westfield
VOCO_K117,0328E9CECD,95.0,Fragrance 3,Callpoint 8910,-32.0,offline,2026-08-13 20:54:24.631000+00:00,2026-08-14 04:26:43.300000+00:00,ST_UKTK_414(66/03/04)_Stratford Westfield
VOCO_K118,0328E86FF2,89.0,Fragrance,Callpoint 8910,-36.0,online,2026-08-14 04:14:18.238000+00:00,2026-08-14 04:26:43.300000+00:00,ST_UKTK_414(66/03/04)_Stratford Westfield
VOCO_K103,0328E74522,32.0,Click and Collect,Callpoint 8910,-40.0,online,2026-08-14 04:24:24.538000+00:00,2026-08-14 04:28:43.794000+00:00,ST_UKTK_415(20/02/04)_Bishop Auckland
VOCO_K104,0328E9CCFE,95.0,Fragrance 1,Callpoint 8910,-40.0,online,2026-08-14 04:14:55.255000+00:00,2026-08-14 04:28:43.794000+00:00,ST_UKTK_415(20/02/04)_Bishop Auckland
VOCO_K101,0328E86F8F,100.0,Sales Floor 1,Callpoint 8910,-42.0,online,2026-08-14 04:24:45.564000+00:00,2026-08-14 04:29:09.296000+00:00,ST_UKTK_416(20/2)_Hull Kingswood
VOCO_K103,0328E87268,90.0,Click and Collect,Callpoint 8910,-52.0,online,2026-08-14 04:27:01.064000+00:00,2026-08-14 04:29:09.296000+00:00,ST_UKTK_416(20/2)_Hull Kingswood
VOCO_K104,0328E86BCF,71.0,Fragrance,Callpoint 8910,-46.0,online,2026-08-14 04:20:40.419000+00:00,2026-08-14 04:29:09.296000+00:00,ST_UKTK_416(20/2)_Hull Kingswood
VOCO_K101,0328E9CF12,0.0,Handbags,Callpoint 8910,-36.0,online,2026-08-14 04:12:35.894000+00:00,2026-08-14 04:26:57.217000+00:00,ST_UKTK_418(28/03/04)_Basildon
VOCO_K104,0328E86B94,100.0,Fragrance,Callpoint 8910,-36.0,online,2026-08-14 04:15:23.626000+00:00,2026-08-14 04:26:57.217000+00:00,ST_UKTK_418(28/03/04)_Basildon
VOCO_K105,0328E86BB2,100.0,Click and Collect,Callpoint 8910,-34.0,online,2026-08-14 04:15:00.422000+00:00,2026-08-14 04:26:57.217000+00:00,ST_UKTK_418(28/03/04)_Basildon
VOCO_K101,02EB63D526,82.0,Sales Floor 1,Callpoint 8910,-30.0,online,2026-08-14 04:18:50.788000+00:00,2026-08-14 04:26:08.561000+00:00,ST_UKTK_419(23/03/04)_Taplow
VOCO_K102,02EB63D122,100.0,Jewellery 1,Callpoint 8910,-40.0,online,2026-08-14 04:17:34.170000+00:00,2026-08-14 04:26:08.561000+00:00,ST_UKTK_419(23/03/04)_Taplow
VOCO_K103,02EB63D1C6,0.0,Click and Collect,Callpoint 8910,-26.0,online,2026-08-14 04:23:26.387000+00:00,2026-08-14 04:26:08.561000+00:00,ST_UKTK_419(23/03/04)_Taplow
VOCO_K101,0328D2FB8B,44.0,Sales Floor 1,Callpoint 8910,-50.0,online,2026-08-14 04:25:53.727000+00:00,2026-08-14 04:27:13.677000+00:00,ST_UKTK_420(20/01/04)_Barnsley Cortonwood
VOCO_K102,0328E9CE8A,97.0,Fragrance,Callpoint 8910,-36.0,online,2026-08-14 04:24:26.947000+00:00,2026-08-14 04:27:13.677000+00:00,ST_UKTK_420(20/01/04)_Barnsley Cortonwood
VOCO_K101,0328EA744A,100.0,Fragrance,Callpoint 8910,-42.0,online,2026-08-14 04:12:23.043000+00:00,2026-08-14 04:26:21.204000+00:00,ST_UKTK_421(20/1)_Haverfordwest
VOCO_K109,0328DEFE88,4.0,Home Dept,Callpoint 8910,-40.0,online,2026-08-14 04:24:54.630000+00:00,2026-08-14 04:26:21.204000+00:00,ST_UKTK_421(20/1)_Haverfordwest
VOCO_K102,0328E9CCFF,35.0,Fragrance,Callpoint 8910,-50.0,online,2026-08-14 04:21:01.222000+00:00,2026-08-14 04:27:41.498000+00:00,ST_UKTK_422(15/1)_Barrow-In-Furness
VOCO_K103,0328EA12DE,34.0,Click and Collect,Callpoint 8910,-26.0,online,2026-08-14 04:17:55.751000+00:00,2026-08-14 04:26:09.305000+00:00,ST_UKTK_423(20/1)_Trowbridge
VOCO_K102,0328E405F2,40.0,Click & Collect,Callpoint 8910,-38.0,online,2026-08-14 04:17:27.958000+00:00,2026-08-14 04:26:43.171000+00:00,ST_UKTK_424(25/02/03)_Peterborough Brotherhood
VOCO_K103,0328E8405A,44.0,Fragrance,Callpoint 8910,-54.0,online,2026-08-14 04:15:09.773000+00:00,2026-08-14 04:26:43.171000+00:00,ST_UKTK_424(25/02/03)_Peterborough Brotherhood
VOCO_K101,0328EA744F,44.0,Fragrance,Callpoint 8910,-32.0,online,2026-08-14 04:14:45.401000+00:00,2026-08-14 04:26:47.629000+00:00,ST_UKTK_427(25/02/04)_Walthamstow
VOCO_K102,0328EA7519,100.0,click and collect 2,Callpoint 8910,-32.0,online,2026-08-14 04:23:34.616000+00:00,2026-08-14 04:26:47.629000+00:00,ST_UKTK_427(25/02/04)_Walthamstow
VOCO_K103,0328E892C3,0.0,Click and Collect,Callpoint 8910,-32.0,offline,2026-08-13 07:21:16.463000+00:00,2026-08-14 04:26:47.629000+00:00,ST_UKTK_427(25/02/04)_Walthamstow
VOCO_K101,0328E9CEBE,0.0,Fragrance,Callpoint 8910,-28.0,offline,2026-08-14 02:52:13.847000+00:00,2026-08-14 04:28:19.484000+00:00,ST_UKTK_428(20/01/03)_Hinckley
VOCO_K101,0328E89437,83.0,Fragrance,Callpoint 8910,-52.0,online,2026-08-14 04:15:40.074000+00:00,2026-08-14 04:30:03.827000+00:00,ST_UKTK_429(25/01/03)_Chichester
VOCO_K102,0328E89425,34.0,Click and Collect,Callpoint 8910,-38.0,online,2026-08-14 04:22:12.313000+00:00,2026-08-14 04:30:03.827000+00:00,ST_UKTK_429(25/01/03)_Chichester
VOCO_K103,0328E89439,81.0,Sales Floor 1,Callpoint 8910,-72.0,online,2026-08-14 04:17:16.049000+00:00,2026-08-14 04:30:03.827000+00:00,ST_UKTK_429(25/01/03)_Chichester
VOCO_K101,0328E9CD7A,100.0,Fragrance,Callpoint 8910,-32.0,online,2026-08-14 04:17:27.793000+00:00,2026-08-14 04:26:27.709000+00:00,ST_UKTK_430(20/02/03)_Hartlepool
VOCO_K101,0328E40641,100.0,Click and Click,Callpoint 8910,-34.0,online,2026-08-14 04:18:36.666000+00:00,2026-08-14 04:28:15.708000+00:00,ST_UKTK_431(20/01/03)_Rawtenstall
VOCO_K103,0328E7BCE6,60.0,Fragrance,Callpoint 8910,-30.0,online,2026-08-14 04:14:22.606000+00:00,2026-08-14 04:28:15.708000+00:00,ST_UKTK_431(20/01/03)_Rawtenstall
VOCO_K101,0328DABAE8,95.0,Click & Collect,Callpoint 8910,-38.0,online,2026-08-14 04:23:20.159000+00:00,2026-08-14 04:27:18.112000+00:00,ST_UKTK_432(25/03/04)_Blackpool Squires Gate
VOCO_K102,0328E9CD84,0.0,Fragrance ,Callpoint 8910,-56.0,online,2026-08-14 04:26:50.738000+00:00,2026-08-14 04:27:18.112000+00:00,ST_UKTK_432(25/03/04)_Blackpool Squires Gate
VOCO_K103,02EB63CB04,0.0,jewellery,Callpoint 8910,-40.0,online,2026-08-14 04:15:09.168000+00:00,2026-08-14 04:27:18.112000+00:00,ST_UKTK_432(25/03/04)_Blackpool Squires Gate
VOCO_K101,0328E870DC,0.0,Click and Collect,Callpoint 8910,-34.0,offline,2026-08-13 10:20:32.705000+00:00,2026-08-14 04:27:12.437000+00:00,ST_UKTK_437(23/03/02)_South Ruislip
VOCO_K103,0328EA136D,64.0,Jewellery,Callpoint 8910,-34.0,offline,2026-08-13 19:10:09.022000+00:00,2026-08-14 04:27:12.437000+00:00,ST_UKTK_437(23/03/02)_South Ruislip
VOCO_K105,0328EA11FA,41.0,Fragrance,Callpoint 8910,-32.0,online,2026-08-14 04:25:56.749000+00:00,2026-08-14 04:27:12.437000+00:00,ST_UKTK_437(23/03/02)_South Ruislip
VOCO_K106,0328EA11F9,48.0,Jewellery,Callpoint 8910,-42.0,online,2026-08-14 04:26:00.080000+00:00,2026-08-14 04:27:12.437000+00:00,ST_UKTK_437(23/03/02)_South Ruislip
VOCO_K102,0328EA76BD,74.0,Fragrance 1,Callpoint 8910,-42.0,online,2026-08-14 04:19:57.452000+00:00,2026-08-14 04:27:19.438000+00:00,ST_UKTK_439(20/2/3)_Chippenham
VOCO_K103,0328EA76C6,0.0,Click and Collect 1,Callpoint 8910,-34.0,offline,2026-08-13 15:40:06.145000+00:00,2026-08-14 04:27:19.438000+00:00,ST_UKTK_439(20/2/3)_Chippenham
VOCO_K101,0328E7BD20,36.0,Fragrance,Callpoint 8910,-32.0,online,2026-08-14 04:14:18.970000+00:00,2026-08-14 04:28:54.831000+00:00,ST_UKTK_440(20/1)_Nottingham Victoria
VOCO_K101,0328E32574,5.0,Sales Floor 1,Callpoint 8910,-78.0,offline,2026-08-13 12:20:38.373000+00:00,2026-08-14 04:26:21.182000+00:00,ST_UKTK_441(20/1)_Barnstaple
VOCO_K102,0328E7B9EC,80.0,Jewellery 1,Callpoint 8910,-32.0,online,2026-08-14 04:25:10.774000+00:00,2026-08-14 04:28:22.384000+00:00,ST_UKTK_442(20/01/03)_Cramlington
VOCO_K101,0328E9CE23,95.0,Click and Collect,Callpoint 8910,-36.0,online,2026-08-14 04:19:36.995000+00:00,2026-08-14 04:25:45.421000+00:00,ST_UKTK_443(20/01/03)_Llandudno
VOCO_K103,0328E9CDAB,100.0,Fragrance,Callpoint 8910,-34.0,online,2026-08-14 04:14:07.301000+00:00,2026-08-14 04:25:45.421000+00:00,ST_UKTK_443(20/01/03)_Llandudno
VOCO_K101,0328E9CE35,95.0,Mens Outerwear,Callpoint 8910,-34.0,offline,2026-08-13 19:28:48.208000+00:00,2026-08-14 04:28:41.205000+00:00,ST_UKTK_444(29/02/02)_Tottenham Hale
VOCO_K102,0328E9CDB7,95.0,Womens Outerwear,Callpoint 8910,-48.0,offline,2026-08-14 03:39:19.809000+00:00,2026-08-14 04:28:41.205000+00:00,ST_UKTK_444(29/02/02)_Tottenham Hale
VOCO_K103,0328E87008,100.0,Fragrance,Callpoint 8910,-52.0,online,2026-08-14 04:28:12.342000+00:00,2026-08-14 04:28:41.205000+00:00,ST_UKTK_444(29/02/02)_Tottenham Hale
VOCO_K104,0328E7B6A1,94.0,Fragrance 2,Callpoint 8910,-44.0,online,2026-08-14 04:28:36.656000+00:00,2026-08-14 04:28:41.205000+00:00,ST_UKTK_444(29/02/02)_Tottenham Hale
VOCO_K105,0328E9CBE8,100.0,Handbags 1,Callpoint 8910,-40.0,online,2026-08-14 04:24:04.648000+00:00,2026-08-14 04:28:41.205000+00:00,ST_UKTK_444(29/02/02)_Tottenham Hale
VOCO_K106,0328E9CF38,100.0,Click and Collect,Callpoint 8910,-52.0,online,2026-08-14 04:24:30.932000+00:00,2026-08-14 04:28:41.205000+00:00,ST_UKTK_444(29/02/02)_Tottenham Hale
VOCO_K107,0328E871BD,0.0,Mens outerwear 1,Callpoint 8910,-40.0,offline,2026-08-13 19:42:52.813000+00:00,2026-08-14 04:28:41.205000+00:00,ST_UKTK_444(29/02/02)_Tottenham Hale
VOCO_K108,0328E9CBD3,100.0,jewellery,Callpoint 8910,-46.0,online,2026-08-14 04:24:41.087000+00:00,2026-08-14 04:28:41.205000+00:00,ST_UKTK_444(29/02/02)_Tottenham Hale
VOCO_K109,0328EA1108,78.0,jewellery,Callpoint 8910,-40.0,online,2026-08-14 04:18:44.661000+00:00,2026-08-14 04:28:41.205000+00:00,ST_UKTK_444(29/02/02)_Tottenham Hale
VOCO_K101,0328D2FABD,32.0,Sales Floor 1,Callpoint 8910,-38.0,online,2026-08-14 04:29:44.707000+00:00,2026-08-14 04:29:48.903000+00:00,ST_UKTK_446(20/3)_Biggleswade
VOCO_K102,0328E9CD35,42.0,Jewellery 1,Callpoint 8910,-44.0,online,2026-08-14 04:26:38.133000+00:00,2026-08-14 04:29:48.903000+00:00,ST_UKTK_446(20/3)_Biggleswade
VOCO_K103,0328E9CD00,34.0,Fragrance,Callpoint 8910,-56.0,online,2026-08-14 04:26:21.673000+00:00,2026-08-14 04:29:48.903000+00:00,ST_UKTK_446(20/3)_Biggleswade
VOCO_K101,0328E7BE16,87.0,Fragrance,Callpoint 8910,-48.0,online,2026-08-14 04:25:54.595000+00:00,2026-08-14 04:26:20.659000+00:00,ST_UKTK_448(20/01/03)_Cannock
VOCO_K102,0328D339B7,0.0,Click and Collect 1,Callpoint 8910,-46.0,online,2026-08-14 04:15:27.905000+00:00,2026-08-14 04:26:20.659000+00:00,ST_UKTK_448(20/01/03)_Cannock
VOCO_K103,0328E89376,96.0,Click and Collect 2,Callpoint 8910,-30.0,online,2026-08-14 04:23:03.735000+00:00,2026-08-14 04:26:20.659000+00:00,ST_UKTK_448(20/01/03)_Cannock
VOCO_K104,0328E9CCD8,100.0,Fragrance 2,Callpoint 8910,-50.0,online,2026-08-14 04:25:39.149000+00:00,2026-08-14 04:26:20.659000+00:00,ST_UKTK_448(20/01/03)_Cannock
VOCO_K105,0328EA74D0,91.0,Fragrance 3,Callpoint 8910,-38.0,online,2026-08-14 04:25:57.671000+00:00,2026-08-14 04:26:20.659000+00:00,ST_UKTK_448(20/01/03)_Cannock
VOCO_K101,0328E9CD39,80.0,Sales,Callpoint 8910,-30.0,online,2026-08-14 04:24:48.650000+00:00,2026-08-14 04:25:24.790000+00:00,ST_UKTK_449(15/2)_Hamilton (new)
VOCO_K103,0328E9CED7,100.0,Click and Collect,Callpoint 8910,-26.0,online,2026-08-14 04:19:31.174000+00:00,2026-08-14 04:25:24.790000+00:00,ST_UKTK_449(15/2)_Hamilton (new)
VOCO_K104,0328E9CE71,0.0,Fragrance,Callpoint 8910,-44.0,offline,2026-08-13 07:40:58.757000+00:00,2026-08-14 04:25:24.790000+00:00,ST_UKTK_449(15/2)_Hamilton (new)
VOCO_K101,0328E3261D,100.0,Click and Collect,Callpoint 8910,-62.0,online,2026-08-14 04:20:38.296000+00:00,2026-08-14 04:27:47.810000+00:00,ST_UKTK_667(25/02/04)_High Wycombe
VOCO_K102,0328E892E4,100.0,Fragrance,Callpoint 8910,-64.0,online,2026-08-14 04:26:47.473000+00:00,2026-08-14 04:27:47.810000+00:00,ST_UKTK_667(25/02/04)_High Wycombe
VOCO_K104,0328E9CF6A,22.0,Handbags 2,Callpoint 8910,-54.0,online,2026-08-14 04:23:04.814000+00:00,2026-08-14 04:27:47.810000+00:00,ST_UKTK_667(25/02/04)_High Wycombe
VOCO_K105,0328EA7494,75.0,handbags 1,Callpoint 8910,-58.0,online,2026-08-14 04:24:49.838000+00:00,2026-08-14 04:27:47.810000+00:00,ST_UKTK_667(25/02/04)_High Wycombe
VOCO_K101,0328E8407A,3.0,Fragrance 2,Callpoint 8910,-44.0,online,2026-08-14 04:13:02.772000+00:00,2026-08-14 04:27:02.358000+00:00,ST_UKTK_669(20/1/4)_Dunstable
VOCO_K102,0328E9CD60,100.0,Fragrance,Callpoint 8910,-36.0,online,2026-08-14 04:17:11.222000+00:00,2026-08-14 04:27:02.358000+00:00,ST_UKTK_669(20/1/4)_Dunstable
VOCO_K101,0328E87015,100.0,Click and Collect,Callpoint 8910,-46.0,online,2026-08-14 04:23:27.329000+00:00,2026-08-14 04:26:28.073000+00:00,ST_UKTK_670(20/2)_Hempstead Valley
VOCO_K103,0328E9CD7F,100.0,Fragrance,Callpoint 8910,-38.0,online,2026-08-14 04:16:12.160000+00:00,2026-08-14 04:26:28.073000+00:00,ST_UKTK_670(20/2)_Hempstead Valley
VOCO_K101,0328E9CD2F,94.0,Fragrance,Callpoint 8910,-24.0,online,2026-08-14 04:24:58.936000+00:00,2026-08-14 04:29:31.609000+00:00,ST_UKTK_672(20/01/04)_Yate
VOCO_K102,0328E7B71D,68.0,Jewellery 1,Callpoint 8910,-36.0,online,2026-08-14 04:28:02.201000+00:00,2026-08-14 04:29:31.609000+00:00,ST_UKTK_672(20/01/04)_Yate
VOCO_K103,0328E9CC5C,100.0,Click & Collect 2,Callpoint 8910,-36.0,online,2026-08-14 04:18:53.059000+00:00,2026-08-14 04:26:16.515000+00:00,ST_UKTK_673(20/02/04)_Huddersfield Great Northern
VOCO_K104,0328E9CCF9,100.0,Fragrance 2,Callpoint 8910,-38.0,online,2026-08-14 04:11:19.361000+00:00,2026-08-14 04:26:16.515000+00:00,ST_UKTK_673(20/02/04)_Huddersfield Great Northern
VOCO_K101,0328E87128,60.0,Sales Floor,Callpoint 8910,-52.0,online,2026-08-14 04:19:53.628000+00:00,2026-08-14 04:26:27.127000+00:00,ST_UKTK_674(20/02/03)_Prescot
VOCO_K103,0328E88BEB,21.0,click and collect,Callpoint 8910,-30.0,online,2026-08-14 04:25:14.856000+00:00,2026-08-14 04:26:27.127000+00:00,ST_UKTK_674(20/02/03)_Prescot
VOCO_K105,0328E9CEB3,68.0,Fragrance 1,Callpoint 8910,-44.0,online,2026-08-14 04:14:22.695000+00:00,2026-08-14 04:26:27.127000+00:00,ST_UKTK_674(20/02/03)_Prescot
VOCO_K101,0328E74406,82.0,Click and collect,Callpoint 8910,-30.0,online,2026-08-14 04:16:47.334000+00:00,2026-08-14 04:29:50.327000+00:00,ST_UKTK_675(20/01/03)_Colne -1
VOCO_K102,0328E9CCC0,46.0,Fragrance,Callpoint 8910,-46.0,online,2026-08-14 04:21:24.651000+00:00,2026-08-14 04:29:05.198000+00:00,ST_UKTK_676(20/02/03)_Newtownards
VOCO_K102,0328E9CC6D,100.0,Handbags 2,Callpoint 8910,-36.0,online,2026-08-14 04:19:23.858000+00:00,2026-08-14 04:25:31.953000+00:00,ST_UKTK_677(25/01/04)_Birstall
VOCO_K104,0328E9CCF8,100.0,Fragrance 1,Callpoint 8910,-38.0,online,2026-08-14 04:14:33.374000+00:00,2026-08-14 04:25:31.953000+00:00,ST_UKTK_677(25/01/04)_Birstall
VOCO_K101,0328E86CBA,100.0,Fragrance 1,Callpoint 8910,-54.0,online,2026-08-14 04:16:33.700000+00:00,2026-08-14 04:28:46.756000+00:00,ST_UKTK_678(20/01/02)_Stoke Longton
VOCO_K103,0328D33905,95.0,Click and Collect,Callpoint 8910,-48.0,offline,2026-08-13 19:07:48.925000+00:00,2026-08-14 04:28:46.756000+00:00,ST_UKTK_678(20/01/02)_Stoke Longton
VOCO_K101,0328E834E4,100.0,Fragrance,Callpoint 8910,-52.0,online,2026-08-14 04:22:00.536000+00:00,2026-08-14 04:28:01.206000+00:00,ST_UKTK_745(20/01/02)_Gloucester
VOCO_K102,0328E9CEC2,99.0,Fragrance,Callpoint 8910,-42.0,offline,2026-08-13 13:55:06.519000+00:00,2026-08-14 04:26:17.126000+00:00,ST_UKTK_747(15/1)_Lowestoft
VOCO_K101,0328E325B3,0.0,Sales Floor 1,Callpoint 8910,-32.0,online,2026-08-14 04:22:17.456000+00:00,2026-08-14 04:26:02.640000+00:00,ST_UKTK_748(15/1)_Galashiels
VOCO_K102,0328E9CE79,31.0,Fragrance 1,Callpoint 8910,-44.0,online,2026-08-14 04:22:08.174000+00:00,2026-08-14 04:26:02.640000+00:00,ST_UKTK_748(15/1)_Galashiels
VOCO_K101,0328E3295A,100.0,Click and Collect,Callpoint 8910,-52.0,online,2026-08-14 04:22:42.298000+00:00,2026-08-14 04:29:34.181000+00:00,ST_UKTK_749(20/01/02)_Cardiff City Link
VOCO_K102,0328E9CD3A,95.0,fragrance,Callpoint 8910,-52.0,online,2026-08-14 04:22:44.117000+00:00,2026-08-14 04:29:34.181000+00:00,ST_UKTK_749(20/01/02)_Cardiff City Link
VOCO_K102,0328E7BD94,100.0,Fragrance,Callpoint 8910,-42.0,online,2026-08-14 04:11:45.231000+00:00,2026-08-14 04:26:32.243000+00:00,ST_UKTK_750(20/01/02)_Dagenham
VOCO_K103,0328E9CDE0,100.0,Fragrance 2,Callpoint 8910,-42.0,online,2026-08-14 04:19:47.896000+00:00,2026-08-14 04:26:32.243000+00:00,ST_UKTK_750(20/01/02)_Dagenham
VOCO_K104,0328E9CDF5,100.0,click and collect ,Callpoint 8910,-42.0,online,2026-08-14 04:14:05.524000+00:00,2026-08-14 04:26:32.243000+00:00,ST_UKTK_750(20/01/02)_Dagenham
VOCO_K101,0328E86CAF,89.0,Fragrance,Callpoint 8910,-54.0,offline,2026-08-13 20:04:24.349000+00:00,2026-08-14 04:25:13.885000+00:00,ST_UKTK_751(25/01/02)_Crawley County Oak
VOCO_K102,0328EA1375,97.0,Fragrance 2,Callpoint 8910,-66.0,online,2026-08-14 04:16:33.929000+00:00,2026-08-14 04:25:13.885000+00:00,ST_UKTK_751(25/01/02)_Crawley County Oak
VOCO_K103,0328E407AB,32.0,Click and Collect,Callpoint 8910,-48.0,online,2026-08-14 04:20:39.673000+00:00,2026-08-14 04:25:13.885000+00:00,ST_UKTK_751(25/01/02)_Crawley County Oak
VOCO_K101,0328E7B89F,100.0,Click and Collcet,Callpoint 8910,-42.0,online,2026-08-14 04:19:03.935000+00:00,2026-08-14 04:29:02.833000+00:00,ST_UKTK_752(25/02/02)_Braintree
VOCO_K102,0328E7B6CD,91.0,Fragrance 1,Callpoint 8910,-44.0,online,2026-08-14 04:27:30.139000+00:00,2026-08-14 04:29:02.833000+00:00,ST_UKTK_752(25/02/02)_Braintree
VOCO_K101,0328E9CC46,11.0,Fragrance,Callpoint 8910,-50.0,online,2026-08-14 04:24:18.636000+00:00,2026-08-14 04:25:38.299000+00:00,ST_UKTK_753(20/02/02)_Leamington Spa
VOCO_K103,0328E3288E,0.0,Click and Collect,Callpoint 8910,-28.0,online,2026-08-14 04:17:23.978000+00:00,2026-08-14 04:25:38.299000+00:00,ST_UKTK_753(20/02/02)_Leamington Spa
VOCO_K101,0328E32642,93.0,Sales Floor 1,Callpoint 8910,-56.0,online,2026-08-14 04:22:47.888000+00:00,2026-08-14 04:29:12.758000+00:00,ST_UKTK_754(20/01/02)_Doncaster Frenchgate
VOCO_K102,0328E9CE7A,0.0,Fragrance,Callpoint 8910,-48.0,offline,2026-08-13 23:41:02.312000+00:00,2026-08-14 04:29:12.758000+00:00,ST_UKTK_754(20/01/02)_Doncaster Frenchgate
VOCO_K103,0328D343BC,99.0,Click & Collect 2,Callpoint 8910,-38.0,online,2026-08-14 04:11:20.461000+00:00,2026-08-14 04:25:25.984000+00:00,ST_UKTK_755(20/02/02)_Loughton
VOCO_K101,0328E89295,100.0,Click and Collect,Callpoint 8910,-42.0,online,2026-08-14 04:24:33.828000+00:00,2026-08-14 04:28:57.053000+00:00,ST_UKTK_756(20/01/02)_Huntington
VOCO_K103,0328E9CD02,0.0,Click and Collect 2,Callpoint 8910,-44.0,online,2026-08-14 04:26:54.728000+00:00,2026-08-14 04:28:57.053000+00:00,ST_UKTK_756(20/01/02)_Huntington
VOCO_K102,0328E74537,100.0,Jewellery 1,Callpoint 8910,-32.0,online,2026-08-14 04:17:34.337000+00:00,2026-08-14 04:25:40.917000+00:00,ST_UKTK_758(20/02/04)_Liverpool Edge Lane
VOCO_K104,0328E745B0,100.0,Jewellery 2,Callpoint 8910,-34.0,online,2026-08-14 04:15:12.842000+00:00,2026-08-14 04:25:40.917000+00:00,ST_UKTK_758(20/02/04)_Liverpool Edge Lane
VOCO_K101,0328D2FB71,8.0,Sales Floor 1,Callpoint 8910,-66.0,online,2026-08-14 04:26:16.531000+00:00,2026-08-14 04:26:21.288000+00:00,ST_UKTK_759(20/1)_Winchester
VOCO_K102,0328E9CEE4,0.0,Fragrance,Callpoint 8910,-46.0,offline,2026-08-13 12:43:42.523000+00:00,2026-08-14 04:29:01.268000+00:00,ST_UKTK_760(20/1)_Didcot
VOCO_K101,0328E9CF69,0.0,Click & collect,Callpoint 8910,-32.0,offline,2026-08-13 23:39:19.854000+00:00,2026-08-14 04:29:57.216000+00:00,ST_UKTK_761(20/1)_Macclesfield
VOCO_K102,0328E74569,0.0,Jewellery 1,Callpoint 8910,-50.0,offline,2026-08-14 04:06:15.885000+00:00,2026-08-14 04:25:33.811000+00:00,ST_UKTK_763(20/1)_Eltham
VOCO_K101,0328E87053,4.0,Click and Collect,Callpoint 8910,-44.0,offline,2026-08-13 15:07:45.452000+00:00,2026-08-14 04:29:45.946000+00:00,ST_UKTK_785(20/1)_Leeds Colton
VOCO_K102,0328E86FD1,0.0,Fragrance,Callpoint 8910,-34.0,offline,2026-08-13 19:59:04.018000+00:00,2026-08-14 04:29:45.946000+00:00,ST_UKTK_785(20/1)_Leeds Colton
VOCO_K101,0328D33960,0.0,Sales Floor 1,Callpoint 8910,-40.0,online,2026-08-14 04:18:07.287000+00:00,2026-08-14 04:28:46.315000+00:00,ST_UKTK_789(20/2)_Kingsley Village
VOCO_K102,0328D33A18,100.0,Jewellery 1,Callpoint 8910,-40.0,online,2026-08-14 04:24:08.888000+00:00,2026-08-14 04:28:46.315000+00:00,ST_UKTK_789(20/2)_Kingsley Village
VOCO_K103,0328D33A56,0.0,Click and Collect,Callpoint 8910,-44.0,offline,2026-08-13 17:31:18.363000+00:00,2026-08-14 04:28:46.315000+00:00,ST_UKTK_789(20/2)_Kingsley Village
VOCO_K104,0328E86DD2,100.0,Fragrance,Callpoint 8910,-40.0,online,2026-08-14 04:27:33.080000+00:00,2026-08-14 04:28:46.315000+00:00,ST_UKTK_789(20/2)_Kingsley Village
VOCO_K105,0328EA12F5,0.0,Fragrance 2,Callpoint 8910,-36.0,offline,2026-08-13 21:26:24.468000+00:00,2026-08-14 04:28:46.315000+00:00,ST_UKTK_789(20/2)_Kingsley Village
VOCO_K101,0328E40878,100.0,Fragrance,Callpoint 8910,-32.0,online,2026-08-14 04:14:33.545000+00:00,2026-08-14 04:28:31.045000+00:00,ST_UKTK_790(15/2/3)_Evesham
VOCO_K102,0328E328ED,82.0,Jewellery 1,Callpoint 8910,-32.0,online,2026-08-14 04:25:06.436000+00:00,2026-08-14 04:28:31.045000+00:00,ST_UKTK_790(15/2/3)_Evesham
VOCO_K102,0328E9CEFC,7.0,Click and Collect,Callpoint 8910,-60.0,online,2026-08-14 04:16:48.124000+00:00,2026-08-14 04:29:32.167000+00:00,ST_UKTK_791(25/02/04)_Edgware
VOCO_K101,0328DEFEDA,1.0,Sales Floor 1,Callpoint 8910,-32.0,online,2026-08-14 04:23:55.438000+00:00,2026-08-14 04:28:56.251000+00:00,ST_UKTK_793(30/02/05)_Leicester Fosse Park
VOCO_K102,0328DF0522,51.0,Fragrance 1,Callpoint 8910,-36.0,online,2026-08-14 04:27:04.349000+00:00,2026-08-14 04:28:56.251000+00:00,ST_UKTK_793(30/02/05)_Leicester Fosse Park
VOCO_K103,0328E840C3,90.0,Click and Collect,Callpoint 8910,-38.0,online,2026-08-14 04:27:33.830000+00:00,2026-08-14 04:28:56.251000+00:00,ST_UKTK_793(30/02/05)_Leicester Fosse Park
VOCO_K105,0328E842CC,8.0,Handbag 2,Callpoint 8910,-34.0,offline,2026-08-13 20:13:44.727000+00:00,2026-08-14 04:28:56.251000+00:00,ST_UKTK_793(30/02/05)_Leicester Fosse Park
VOCO_K107,0328E840E2,0.0,Handbags 4,Callpoint 8910,-42.0,offline,2026-08-14 04:22:06.075000+00:00,2026-08-14 04:28:56.251000+00:00,ST_UKTK_793(30/02/05)_Leicester Fosse Park
VOCO_K108,0328E8412C,0.0,Handbags 5,Callpoint 8910,-56.0,online,2026-08-14 04:29:34.204000+00:00,2026-08-14 04:29:40.349000+00:00,ST_UKTK_793(30/02/05)_Leicester Fosse Park
VOCO_K111,0328E86FF3,7.0,Fragrance 2,Callpoint 8910,-48.0,offline,2026-08-14 03:45:35.367000+00:00,2026-08-14 04:28:56.251000+00:00,ST_UKTK_793(30/02/05)_Leicester Fosse Park
VOCO_K101,0328EA73C0,100.0,Fragrance,Callpoint 8910,-26.0,online,2026-08-14 04:23:29.173000+00:00,2026-08-14 04:28:13.699000+00:00,ST_UKTK_794(25/06/05)_Camden
VOCO_K104,0328E328FB,100.0,Jewellery 2,Callpoint 8910,-26.0,online,2026-08-14 04:20:24.258000+00:00,2026-08-14 04:28:13.699000+00:00,ST_UKTK_794(25/06/05)_Camden
VOCO_K105,0328E9CE80,8.0,Click and Collect,Callpoint 8910,-26.0,online,2026-08-14 04:19:33.026000+00:00,2026-08-14 04:28:13.699000+00:00,ST_UKTK_794(25/06/05)_Camden
VOCO_K101,0328DF0600,0.0,Sales Floor 1,Callpoint 8910,-72.0,offline,2026-08-14 04:26:19.840000+00:00,2026-08-14 04:29:00.842000+00:00,ST_UKTK_795(30/02/05)_Watford
VOCO_K102,0328E84095,95.0,Fragrance 1,Callpoint 8910,-32.0,online,2026-08-14 04:25:14.676000+00:00,2026-08-14 04:29:00.842000+00:00,ST_UKTK_795(30/02/05)_Watford
VOCO_K103,0328E7433C,100.0,Click and Collect,Callpoint 8910,-34.0,online,2026-08-14 04:24:45.535000+00:00,2026-08-14 04:29:00.842000+00:00,ST_UKTK_795(30/02/05)_Watford
VOCO_K104,0328E9CF65,95.0,Fragrance 2,Callpoint 8910,-32.0,online,2026-08-14 04:26:54.717000+00:00,2026-08-14 04:29:00.842000+00:00,ST_UKTK_795(30/02/05)_Watford
VOCO_K105,0328E843DB,100.0,Fragrance 3,Callpoint 8910,-40.0,online,2026-08-14 04:24:37.503000+00:00,2026-08-14 04:29:00.842000+00:00,ST_UKTK_795(30/02/05)_Watford
VOCO_K101,0328E9CD01,95.0,Fragrance,Callpoint 8910,-36.0,online,2026-08-14 04:17:00.439000+00:00,2026-08-14 04:27:01.397000+00:00,ST_UKTK_796_(20/2/4)_Bromborough
VOCO_K101,0328E7B918,82.0,Sales Floor 1,Callpoint 8910,-36.0,online,2026-08-14 04:26:47.870000+00:00,2026-08-14 04:26:52.012000+00:00,ST_UKTK_877(20/02/03)_Dunfermline
VOCO_K102,0328E7BA0B,9.0,Jewellery 1,Callpoint 8910,-28.0,online,2026-08-14 04:20:52.881000+00:00,2026-08-14 04:25:13.605000+00:00,ST_UKTK_877(20/02/03)_Dunfermline
VOCO_K103,0328E9CE87,100.0,Fragrance,Callpoint 8910,-36.0,online,2026-08-14 04:22:27.047000+00:00,2026-08-14 04:25:13.605000+00:00,ST_UKTK_877(20/02/03)_Dunfermline
VOCO_K103,0328E7BA46,0.0,Click and Collect,Callpoint 8910,-32.0,online,2026-08-14 04:24:22.490000+00:00,2026-08-14 04:26:41.965000+00:00,ST_UKTK_880(80/06/06)_Westfield White City
VOCO_K104,0328E7BA58,0.0,Jewellery 2,Callpoint 8910,-42.0,online,2026-08-14 04:15:21.769000+00:00,2026-08-14 04:26:41.965000+00:00,ST_UKTK_880(80/06/06)_Westfield White City
VOCO_K109,0328E7B8C6,75.0,Handbags 2,Callpoint 8910,-38.0,online,2026-08-14 04:22:26.051000+00:00,2026-08-14 04:26:41.965000+00:00,ST_UKTK_880(80/06/06)_Westfield White City
VOCO_K110,0328E8438F,0.0,Handbags 3,Callpoint 8910,-52.0,online,2026-08-14 04:14:41.932000+00:00,2026-08-14 04:26:41.965000+00:00,ST_UKTK_880(80/06/06)_Westfield White City
VOCO_K111,0328E8414D,0.0,Gold Label Handbag 1,Callpoint 8910,-46.0,online,2026-08-14 04:19:12.131000+00:00,2026-08-14 04:26:41.965000+00:00,ST_UKTK_880(80/06/06)_Westfield White City
VOCO_K112,0328E84151,0.0,Handbags 5,Callpoint 8910,-44.0,online,2026-08-14 04:25:33.572000+00:00,2026-08-14 04:26:41.965000+00:00,ST_UKTK_880(80/06/06)_Westfield White City
VOCO_K113,0328E8413C,100.0,Mens Gold Label,Callpoint 8910,-34.0,online,2026-08-14 04:12:58.872000+00:00,2026-08-14 04:26:41.965000+00:00,ST_UKTK_880(80/06/06)_Westfield White City
VOCO_K114,0328E8414E,100.0,Handbags 7,Callpoint 8910,-34.0,online,2026-08-14 04:14:29.244000+00:00,2026-08-14 04:26:41.965000+00:00,ST_UKTK_880(80/06/06)_Westfield White City
VOCO_K116,0328E840FE,100.0,Fragrance 2,Callpoint 8910,-34.0,online,2026-08-14 04:22:21.553000+00:00,2026-08-14 04:26:41.965000+00:00,ST_UKTK_880(80/06/06)_Westfield White City
VOCO_K117,0328E84124,57.0,Fragrance 1,Callpoint 8910,-44.0,online,2026-08-14 04:19:05.090000+00:00,2026-08-14 04:26:41.965000+00:00,ST_UKTK_880(80/06/06)_Westfield White City
VOCO_K118,0328E840BF,0.0,Handbags 1,Callpoint 8910,-38.0,online,2026-08-14 04:25:32.905000+00:00,2026-08-14 04:26:41.965000+00:00,ST_UKTK_880(80/06/06)_Westfield White City
VOCO_K122,0328EA1176,0.0,Womens outerwear,Callpoint 8910,-32.0,online,2026-08-14 04:13:45.143000+00:00,2026-08-14 04:26:41.965000+00:00,ST_UKTK_880(80/06/06)_Westfield White City
VOCO_K101,0328E7428C,35.0,Click and collect,Callpoint 8910,-48.0,online,2026-08-14 04:16:28.180000+00:00,2026-08-14 04:25:24.515000+00:00,ST_UK_0797_Weybridge (25/04/04)
VOCO_K103,0328E7BD52,37.0,Fragrance,Callpoint 8910,-44.0,online,2026-08-14 04:10:31.557000+00:00,2026-08-14 04:25:24.515000+00:00,ST_UK_0797_Weybridge (25/04/04)
