device_id,ipei,battery_level,device_location,model_hardware,signal_level,status,last_active,timestamp,location_name
VOCO_K101,0328E7B7E6,87.0,Fragrance 1,Callpoint 8910,-56.0,online,2026-08-14 03:27:14.960000+00:00,2026-08-14 03:31:14.871000+00:00,STUKTK_408(47/02/05)_Covent Garden
VOCO_K102,0328E8409F,55.0,,Callpoint 8910,-66.0,online,2026-08-14 03:16:56.704000+00:00,2026-08-14 03:31:14.871000+00:00,STUKTK_408(47/02/05)_Covent Garden
VOCO_K103,0328EA1184,83.0,Mens gold label,Callpoint 8910,-40.0,online,2026-08-14 03:28:38.072000+00:00,2026-08-14 03:31:14.871000+00:00,STUKTK_408(47/02/05)_Covent Garden
VOCO_K104,0328E7B836,100.0,Gold Label Handbags,Callpoint 8910,-58.0,online,2026-08-14 03:30:49.002000+00:00,2026-08-14 03:31:14.871000+00:00,STUKTK_408(47/02/05)_Covent Garden
VOCO_K105,0328E842C1,99.0,Handbags 1,Callpoint 8910,-34.0,online,2026-08-14 03:27:19.835000+00:00,2026-08-14 03:31:14.871000+00:00,STUKTK_408(47/02/05)_Covent Garden
VOCO_K106,0328E840CF,100.0,Handbags 2,Callpoint 8910,-64.0,online,2026-08-14 03:27:32.880000+00:00,2026-08-14 03:31:14.871000+00:00,STUKTK_408(47/02/05)_Covent Garden
VOCO_K107,0328E840FA,6.0,Handbags 3,Callpoint 8910,-68.0,online,2026-08-14 03:30:27.561000+00:00,2026-08-14 03:31:14.871000+00:00,STUKTK_408(47/02/05)_Covent Garden
VOCO_K108,0328E840F9,100.0,Handbags 4,Callpoint 8910,-64.0,online,2026-08-14 03:27:43.226000+00:00,2026-08-14 03:31:14.871000+00:00,STUKTK_408(47/02/05)_Covent Garden
VOCO_K109,0328E8407E,100.0,Handbags 6,Callpoint 8910,-60.0,online,2026-08-14 03:20:10.543000+00:00,2026-08-14 03:31:14.871000+00:00,STUKTK_408(47/02/05)_Covent Garden
VOCO_K110,0328E840EA,95.0,Handbags 5,Callpoint 8910,-40.0,online,2026-08-14 03:31:09.262000+00:00,2026-08-14 03:31:14.871000+00:00,STUKTK_408(47/02/05)_Covent Garden
VOCO_K111,0328E84053,77.0,Click and collect,Callpoint 8910,-82.0,online,2026-08-14 03:28:37.708000+00:00,2026-08-14 03:31:14.871000+00:00,STUKTK_408(47/02/05)_Covent Garden
VOCO_K112,0328E84162,100.0,Handbags 7,Callpoint 8910,-60.0,offline,2026-08-14 03:29:18.588000+00:00,2026-08-14 03:31:14.871000+00:00,STUKTK_408(47/02/05)_Covent Garden
VOCO_K113,0328E84082,0.0,Fragrance 3,Callpoint 8910,-82.0,online,2026-08-14 03:30:27.010000+00:00,2026-08-14 03:31:14.871000+00:00,STUKTK_408(47/02/05)_Covent Garden
VOCO_K101,0328EA10A5,95.0,Jewellery 1 ,Callpoint 8910,-34.0,offline,2026-08-14 02:53:12.567000+00:00,2026-08-14 03:28:13.235000+00:00,ST_UKTKM_190_(25/3/4)Charlton
VOCO_K103,0328E329DB,100.0,Click and Collect,Callpoint 8910,-34.0,online,2026-08-14 03:15:49.199000+00:00,2026-08-14 03:28:13.235000+00:00,ST_UKTKM_190_(25/3/4)Charlton
VOCO_K104,0328E7BC8C,82.0,Jewellery 2,Callpoint 8910,-42.0,online,2026-08-14 03:26:42.744000+00:00,2026-08-14 03:28:13.235000+00:00,ST_UKTKM_190_(25/3/4)Charlton
VOCO_K101,0328E9CC6F,14.0,Click and Collect,Callpoint 8910,-36.0,online,2026-08-14 03:29:49.838000+00:00,2026-08-14 03:30:44.113000+00:00,ST_UKTK_0003(20/03/01)_Bristol Imperial
VOCO_K102,0328E9CC4A,100.0,Click and Collect 2,Callpoint 8910,-44.0,online,2026-08-14 03:19:35.482000+00:00,2026-08-14 03:30:44.113000+00:00,ST_UKTK_0003(20/03/01)_Bristol Imperial
VOCO_K101,0328E9CC8D,100.0,Sales Floor 1,Callpoint 8910,-30.0,online,2026-08-14 03:27:38.490000+00:00,2026-08-14 03:32:20.179000+00:00,ST_UKTK_0006(15/03/01)_Bishops Stortford_S5
VOCO_K103,0328E9CC8F,100.0,Click and Collect,Callpoint 8910,-32.0,online,2026-08-14 03:26:44.678000+00:00,2026-08-14 03:32:20.179000+00:00,ST_UKTK_0006(15/03/01)_Bishops Stortford_S5
VOCO_K103,0328E9CE58,100.0,Click and Collect,Callpoint 8910,-44.0,online,2026-08-14 03:18:37.892000+00:00,2026-08-14 03:28:55.730000+00:00,ST_UKTK_0007(25/03/01)_Eastbourne
VOCO_K104,0328EA74F9,0.0,sales floor 2,Callpoint 8910,-48.0,online,2026-08-14 03:16:44.011000+00:00,2026-08-14 03:28:55.730000+00:00,ST_UKTK_0007(25/03/01)_Eastbourne
VOCO_K103,0328E88D4E,100.0,Click and Collect,Callpoint 8910,-34.0,online,2026-08-14 03:23:20.880000+00:00,2026-08-14 03:28:34.561000+00:00,ST_UKTK_0103(60/04/01)_Reading
VOCO_K103,0328E89381,94.0,Click and Collect,Callpoint 8910,-40.0,online,2026-08-14 03:15:34.732000+00:00,2026-08-14 03:30:28.254000+00:00,ST_UKTK_0106(30/05/01)_Belfast
VOCO_K105,0328E89391,80.0,Jewellery 3,Callpoint 8910,-40.0,online,2026-08-14 03:27:46.003000+00:00,2026-08-14 03:30:28.254000+00:00,ST_UKTK_0106(30/05/01)_Belfast
VOCO_K101,0328E408DB,100.0,sales floor,Callpoint 8910,-36.0,online,2026-08-14 03:19:29.702000+00:00,2026-08-14 03:30:43.845000+00:00,ST_UKTK_0108(20/03/01)_Hanley_S5
VOCO_K102,0328E408EC,42.0,Click & Collect,Callpoint 8910,-34.0,online,2026-08-14 03:26:58.322000+00:00,2026-08-14 03:30:43.845000+00:00,ST_UKTK_0108(20/03/01)_Hanley_S5
VOCO_K103,0328E408C8,70.0,Fragrance,Callpoint 8910,-40.0,online,2026-08-14 03:20:36.925000+00:00,2026-08-14 03:30:43.845000+00:00,ST_UKTK_0108(20/03/01)_Hanley_S5
VOCO_K102,0328E40800,71.0,Handbags 4,Callpoint 8910,-56.0,online,2026-08-14 03:23:30.357000+00:00,2026-08-14 03:30:54.407000+00:00,ST_UKTK_0111(20/3)_Bournemouth
VOCO_K103,0328E84133,100.0,Handbags 2,Callpoint 8910,-32.0,online,2026-08-14 03:28:56.166000+00:00,2026-08-14 03:30:54.407000+00:00,ST_UKTK_0111(20/3)_Bournemouth
VOCO_K101,0328EA7454,100.0,Fragrance 1,Callpoint 8910,-44.0,online,2026-08-14 03:26:13.151000+00:00,2026-08-14 03:28:10.651000+00:00,ST_UKTK_0129(46/06)_Ealing
VOCO_K102,02EB63D37D,82.0,Mens Outerwear,Callpoint 8910,-42.0,offline,2026-08-13 09:13:04.215000+00:00,2026-08-14 03:28:10.651000+00:00,ST_UKTK_0129(46/06)_Ealing
VOCO_K103,0328EA742A,100.0,Fragrance 2,Callpoint 8910,-42.0,online,2026-08-14 03:24:36.314000+00:00,2026-08-14 03:28:10.651000+00:00,ST_UKTK_0129(46/06)_Ealing
VOCO_K104,0328EA7453,100.0,Fragrance 3 ,Callpoint 8910,-38.0,online,2026-08-14 03:27:24.135000+00:00,2026-08-14 03:28:10.651000+00:00,ST_UKTK_0129(46/06)_Ealing
VOCO_K105,0328E88BE9,0.0,Womens Outerwear,Callpoint 8910,-38.0,online,2026-08-14 03:13:26.315000+00:00,2026-08-14 03:28:10.651000+00:00,ST_UKTK_0129(46/06)_Ealing
VOCO_K106,0328E88D19,26.0,Click and Collect 2,Callpoint 8910,-50.0,online,2026-08-14 03:21:54.556000+00:00,2026-08-14 03:28:10.651000+00:00,ST_UKTK_0129(46/06)_Ealing
VOCO_K107,0328E88BF2,95.0,Gold Label Handbags 1,Callpoint 8910,-44.0,online,2026-08-14 03:17:01.353000+00:00,2026-08-14 03:28:10.651000+00:00,ST_UKTK_0129(46/06)_Ealing
VOCO_K108,0328EA752B,94.0,Jewellery 1,Callpoint 8910,-44.0,online,2026-08-14 03:17:03.982000+00:00,2026-08-14 03:28:10.651000+00:00,ST_UKTK_0129(46/06)_Ealing
VOCO_K102,0328E9CE52,0.0,Fragrance ,Callpoint 8910,-44.0,online,2026-08-14 03:17:59.876000+00:00,2026-08-14 03:31:57.126000+00:00,ST_UKTK_0142(20/02)_Southport_New
VOCO_K103,0328E7458D,0.0,Click collect,Callpoint 8910,-62.0,offline,2026-08-13 19:55:45.420000+00:00,2026-08-14 03:31:57.126000+00:00,ST_UKTK_0142(20/02)_Southport_New
VOCO_K101,0328E9CF4E,32.0,Click and collect,Callpoint 8910,-48.0,online,2026-08-14 03:25:35.507000+00:00,2026-08-14 03:29:22.037000+00:00,ST_UKTK_0150(20/01/01)_Bedford
VOCO_K102,0328E9CC5E,100.0,Fragrance,Callpoint 8910,-32.0,online,2026-08-14 03:26:56.883000+00:00,2026-08-14 03:29:22.037000+00:00,ST_UKTK_0150(20/01/01)_Bedford
VOCO_K103,0328E0F6F6,32.0,Click and Collect,Callpoint 8910,-38.0,online,2026-08-14 03:27:18.212000+00:00,2026-08-14 03:29:51.991000+00:00,ST_UKTK_0152(25/5)_Hackney
VOCO_K105,0328E8435D,36.0,Handbags 4,Callpoint 8910,-44.0,online,2026-08-14 03:23:11.943000+00:00,2026-08-14 03:29:51.991000+00:00,ST_UKTK_0152(25/5)_Hackney
VOCO_K107,0328E84147,7.0,Handbags 6,Callpoint 8910,-44.0,online,2026-08-14 03:28:15.481000+00:00,2026-08-14 03:29:51.991000+00:00,ST_UKTK_0152(25/5)_Hackney
VOCO_K108,0328E7B73E,68.0,Sales Floor 4,Callpoint 8910,-44.0,online,2026-08-14 03:26:06.659000+00:00,2026-08-14 03:29:51.991000+00:00,ST_UKTK_0152(25/5)_Hackney
VOCO_K109,0328E843BE,35.0,Handbags 3,Callpoint 8910,-44.0,online,2026-08-14 03:15:13.775000+00:00,2026-08-14 03:29:51.991000+00:00,ST_UKTK_0152(25/5)_Hackney
VOCO_K101,0328E9CCDF,5.0,Jewellery Counter 1,Callpoint 8910,-30.0,online,2026-08-14 03:24:31.939000+00:00,2026-08-14 03:31:27.417000+00:00,ST_UKTK_0153(25/02/01)Harrow
VOCO_K102,0328E8407D,33.0,Fragrance 1,Callpoint 8910,-32.0,online,2026-08-14 03:20:28.048000+00:00,2026-08-14 03:31:27.417000+00:00,ST_UKTK_0153(25/02/01)Harrow
VOCO_K103,0328E9CC6A,0.0,Handbags 1,Callpoint 8910,-40.0,offline,2026-08-13 18:23:00.568000+00:00,2026-08-14 03:31:27.417000+00:00,ST_UKTK_0153(25/02/01)Harrow
VOCO_K104,0328EA113F,38.0,Click and Collect 1,Callpoint 8910,-44.0,online,2026-08-14 03:20:32.585000+00:00,2026-08-14 03:31:27.417000+00:00,ST_UKTK_0153(25/02/01)Harrow
VOCO_K106,0328E3285E,100.0,Click and Collect 2,Callpoint 8910,-32.0,online,2026-08-14 03:21:54.548000+00:00,2026-08-14 03:31:27.417000+00:00,ST_UKTK_0153(25/02/01)Harrow
VOCO_K107,0328E3275A,37.0,Fragrance 2,Callpoint 8910,-24.0,online,2026-08-14 03:17:54.525000+00:00,2026-08-14 03:31:27.417000+00:00,ST_UKTK_0153(25/02/01)Harrow
VOCO_K101,0328EA659B,95.0,Sales Floor 1,Callpoint 8910,-40.0,online,2026-08-14 03:17:06.302000+00:00,2026-08-14 03:30:21.806000+00:00,ST_UKTK_0161(25/03/01)_Sunderland_S5
VOCO_K103,0328EA660F,100.0,Click and Collect,Callpoint 8910,-44.0,offline,2026-08-13 17:06:12.726000+00:00,2026-08-14 03:30:21.806000+00:00,ST_UKTK_0161(25/03/01)_Sunderland_S5
VOCO_K101,0328D343F1,8.0,Sales Floor 1,Callpoint 8910,-68.0,online,2026-08-14 03:31:32.004000+00:00,2026-08-14 03:31:37.441000+00:00,ST_UKTK_0172(51/06)_Wood Green
VOCO_K103,0328EA12A8,0.0,Click & Collect,Callpoint 8910,-76.0,offline,2026-08-13 15:03:11.748000+00:00,2026-08-14 03:31:13.479000+00:00,ST_UKTK_0172(51/06)_Wood Green
VOCO_K105,0328E8416C,100.0,Fragrance,Callpoint 8910,-56.0,online,2026-08-14 03:25:54.432000+00:00,2026-08-14 03:31:13.479000+00:00,ST_UKTK_0172(51/06)_Wood Green
VOCO_K108,0328E8414B,68.0,Sales Floor 4,Callpoint 8910,-52.0,online,2026-08-14 03:25:56.938000+00:00,2026-08-14 03:31:13.479000+00:00,ST_UKTK_0172(51/06)_Wood Green
VOCO_K101,0328E7B816,93.0,Fragrance 1,Callpoint 8910,-32.0,online,2026-08-14 03:30:08.809000+00:00,2026-08-14 03:30:52.024000+00:00,ST_UKTK_0173(75/25/01)_Manchester_S5 No.2
VOCO_K104,0328E7446C,100.0,Click and collect,Callpoint 8910,-70.0,online,2026-08-14 03:17:33.942000+00:00,2026-08-14 03:30:52.024000+00:00,ST_UKTK_0173(75/25/01)_Manchester_S5 No.2
VOCO_K105,0328E7B709,95.0,Fragrance 3,Callpoint 8910,-72.0,online,2026-08-14 03:18:51.561000+00:00,2026-08-14 03:30:52.024000+00:00,ST_UKTK_0173(75/25/01)_Manchester_S5 No.2
VOCO_K106,0328E842BA,95.0, womens outerwear.,Callpoint 8910,-68.0,online,2026-08-14 03:18:46.391000+00:00,2026-08-14 03:30:52.024000+00:00,ST_UKTK_0173(75/25/01)_Manchester_S5 No.2
VOCO_K107,0328E8930F,91.0,Mens outerwear,Callpoint 8910,-72.0,online,2026-08-14 03:18:31.489000+00:00,2026-08-14 03:30:52.024000+00:00,ST_UKTK_0173(75/25/01)_Manchester_S5 No.2
VOCO_K111,0328E7B744,0.0,Gold label handbags.,Callpoint 8910,-76.0,online,2026-08-13 20:23:58.916000+00:00,2026-08-14 03:30:52.024000+00:00,ST_UKTK_0173(75/25/01)_Manchester_S5 No.2
VOCO_K112,0328E84259,100.0,Handbags 3,Callpoint 8910,-68.0,online,2026-08-14 03:18:32.781000+00:00,2026-08-14 03:30:52.024000+00:00,ST_UKTK_0173(75/25/01)_Manchester_S5 No.2
VOCO_K119,0328E7B9EA,90.0,Gold label handbags 2,Callpoint 8910,-72.0,offline,2026-08-13 20:14:34.835000+00:00,2026-08-14 03:30:52.024000+00:00,ST_UKTK_0173(75/25/01)_Manchester_S5 No.2
VOCO_K121,0328E9CD91,100.0,Handbags ,Callpoint 8910,-70.0,online,2026-08-14 03:26:36.028000+00:00,2026-08-14 03:30:52.024000+00:00,ST_UKTK_0173(75/25/01)_Manchester_S5 No.2
VOCO_K101,0328E7B819,100.0,Handbags 1,Callpoint 8910,-34.0,online,2026-08-14 03:20:07.286000+00:00,2026-08-14 03:29:01.898000+00:00,ST_UKTK_0183(40/9)_Thurrock
VOCO_K102,0328E406E7,94.0,Mens Gold,Callpoint 8910,-38.0,online,2026-08-14 03:17:47.113000+00:00,2026-08-14 03:29:01.898000+00:00,ST_UKTK_0183(40/9)_Thurrock
VOCO_K103,0328E4084D,16.0,Fragrance ,Callpoint 8910,-44.0,online,2026-08-14 03:23:16.039000+00:00,2026-08-14 03:29:01.898000+00:00,ST_UKTK_0183(40/9)_Thurrock
VOCO_K104,0328E841FC,100.0,Jewellery 2,Callpoint 8910,-42.0,online,2026-08-14 03:24:10.530000+00:00,2026-08-14 03:29:01.898000+00:00,ST_UKTK_0183(40/9)_Thurrock
VOCO_K105,0328E84140,13.0,Fragrance 1,Callpoint 8910,-36.0,online,2026-08-14 03:25:18.892000+00:00,2026-08-14 03:29:01.898000+00:00,ST_UKTK_0183(40/9)_Thurrock
VOCO_K106,0328E406E6,90.0,Handbags 2,Callpoint 8910,-38.0,online,2026-08-14 03:20:49.498000+00:00,2026-08-14 03:29:01.898000+00:00,ST_UKTK_0183(40/9)_Thurrock
VOCO_K107,0328E8424C,100.0,Handbags 3,Callpoint 8910,-34.0,online,2026-08-14 03:22:29.926000+00:00,2026-08-14 03:29:01.898000+00:00,ST_UKTK_0183(40/9)_Thurrock
VOCO_K108,0328E84065,93.0,Handbags 4,Callpoint 8910,-38.0,online,2026-08-14 03:23:09.008000+00:00,2026-08-14 03:29:01.898000+00:00,ST_UKTK_0183(40/9)_Thurrock
VOCO_K109,0328E8405E,100.0,Home Dept,Callpoint 8910,-64.0,online,2026-08-14 03:27:33.992000+00:00,2026-08-14 03:29:01.898000+00:00,ST_UKTK_0183(40/9)_Thurrock
VOCO_K111,0328E84135,11.0,Handbags 5,Callpoint 8910,-44.0,online,2026-08-14 03:25:59.910000+00:00,2026-08-14 03:29:01.898000+00:00,ST_UKTK_0183(40/9)_Thurrock
VOCO_K101,0328E8434C,100.0,Handbags 1,Callpoint 8910,-50.0,online,2026-08-14 03:26:02.028000+00:00,2026-08-14 03:27:49.610000+00:00,ST_UKTK_0206(23/4)_Paisley
VOCO_K105,0328E9CD10,0.0,Fragrance 1,Callpoint 8910,-48.0,online,2026-08-14 03:26:08.404000+00:00,2026-08-14 03:27:49.610000+00:00,ST_UKTK_0206(23/4)_Paisley
VOCO_K101,0328EA13C9,100.0,Fragrance,Callpoint 8910,-40.0,offline,2026-08-13 11:02:15.017000+00:00,2026-08-14 03:31:50.935000+00:00,ST_UKTK_0224(25/05/02)_Uxbridge
VOCO_K102,0328E83381,82.0,Jewellery 1,Callpoint 8910,-38.0,online,2026-08-14 03:27:44.315000+00:00,2026-08-14 03:31:50.935000+00:00,ST_UKTK_0224(25/05/02)_Uxbridge
VOCO_K103,0328E7B9BE,5.0,Click and Collect 2,Callpoint 8910,-30.0,online,2026-08-14 03:25:20.277000+00:00,2026-08-14 03:31:50.935000+00:00,ST_UKTK_0224(25/05/02)_Uxbridge
VOCO_K105,0328E86F4D,100.0,Click and Collect 1,Callpoint 8910,-34.0,online,2026-08-14 03:19:55.097000+00:00,2026-08-14 03:31:50.935000+00:00,ST_UKTK_0224(25/05/02)_Uxbridge
VOCO_K106,0328E86FF4,95.0,Fragrance 1,Callpoint 8910,-52.0,offline,2026-08-13 13:06:29.161000+00:00,2026-08-14 03:31:50.935000+00:00,ST_UKTK_0224(25/05/02)_Uxbridge
VOCO_K101,0328E745E9,54.0,Fragrance,Callpoint 8910,-42.0,online,2026-08-14 03:18:47.271000+00:00,2026-08-14 03:32:00.699000+00:00,ST_UKTK_0238(35/05) Watford Atria
VOCO_K102,0328E745E5,95.0,Click and Collect 1,Callpoint 8910,-34.0,online,2026-08-14 03:31:18.638000+00:00,2026-08-14 03:32:00.699000+00:00,ST_UKTK_0238(35/05) Watford Atria
VOCO_K103,0328E745E6,81.0,Click and Collect,Callpoint 8910,-64.0,online,2026-08-14 03:23:47.842000+00:00,2026-08-14 03:32:00.699000+00:00,ST_UKTK_0238(35/05) Watford Atria
VOCO_K104,0328E84328,100.0,Gold Label Handbags,Callpoint 8910,-40.0,online,2026-08-14 03:29:01.067000+00:00,2026-08-14 03:32:00.699000+00:00,ST_UKTK_0238(35/05) Watford Atria
VOCO_K106,0328E88CD8,100.0,Fragrance 2,Callpoint 8910,-32.0,online,2026-08-14 03:30:35.657000+00:00,2026-08-14 03:32:00.699000+00:00,ST_UKTK_0238(35/05) Watford Atria
VOCO_K107,0328E407E5,69.0,Click & Collect 2,Callpoint 8910,-32.0,online,2026-08-14 03:31:01.316000+00:00,2026-08-14 03:32:00.699000+00:00,ST_UKTK_0238(35/05) Watford Atria
VOCO_K109,0328EA12C0,100.0,Mens Gold Label 1,Callpoint 8910,-32.0,online,2026-08-14 03:17:40.666000+00:00,2026-08-14 03:32:00.699000+00:00,ST_UKTK_0238(35/05) Watford Atria
VOCO_K110,0328E840A4,77.0,Jewellery 1,Callpoint 8910,-32.0,online,2026-08-14 03:31:46.773000+00:00,2026-08-14 03:32:00.699000+00:00,ST_UKTK_0238(35/05) Watford Atria
VOCO_K101,0328E9CD19,100.0,Fragrance 4,Callpoint 8910,-54.0,online,2026-08-14 03:30:09.038000+00:00,2026-08-14 03:30:27.270000+00:00,ST_UKTK_0249(73/10)_Hammersmith
VOCO_K102,0328E7B7E3,85.0,Jewellery 1,Callpoint 8910,-62.0,online,2026-08-14 03:15:36.167000+00:00,2026-08-14 03:30:27.270000+00:00,ST_UKTK_0249(73/10)_Hammersmith
VOCO_K103,0328E7B8CF,100.0,Click and Collect,Callpoint 8910,-62.0,offline,2026-08-13 21:25:35.887000+00:00,2026-08-14 03:30:27.270000+00:00,ST_UKTK_0249(73/10)_Hammersmith
VOCO_K104,0328E4083A,99.0,Jewellery 2,Callpoint 8910,-62.0,online,2026-08-14 03:15:26.512000+00:00,2026-08-14 03:30:27.270000+00:00,ST_UKTK_0249(73/10)_Hammersmith
VOCO_K105,0328E407DF,95.0,Jewellery 3,Callpoint 8910,-58.0,online,2026-08-14 03:15:32.917000+00:00,2026-08-14 03:30:27.270000+00:00,ST_UKTK_0249(73/10)_Hammersmith
VOCO_K106,0328E40892,100.0,Handbag 2,Callpoint 8910,-64.0,online,2026-08-14 03:30:12.876000+00:00,2026-08-14 03:30:27.270000+00:00,ST_UKTK_0249(73/10)_Hammersmith
VOCO_K107,0328E9CC76,100.0,Fragrance5,Callpoint 8910,-60.0,online,2026-08-14 03:21:49.811000+00:00,2026-08-14 03:30:27.270000+00:00,ST_UKTK_0249(73/10)_Hammersmith
VOCO_K108,0328E4081C,100.0,Fragrance 1,Callpoint 8910,-58.0,online,2026-08-14 03:17:22.997000+00:00,2026-08-14 03:30:27.270000+00:00,ST_UKTK_0249(73/10)_Hammersmith
VOCO_K110,0328E84061,100.0,Handbags 3,Callpoint 8910,-56.0,online,2026-08-14 03:29:10.866000+00:00,2026-08-14 03:30:27.270000+00:00,ST_UKTK_0249(73/10)_Hammersmith
VOCO_K112,0328E8416E,90.0,Handbags 4,Callpoint 8910,-50.0,offline,2026-08-13 20:10:22.934000+00:00,2026-08-14 03:30:27.270000+00:00,ST_UKTK_0249(73/10)_Hammersmith
VOCO_K113,0328E8414A,100.0,Handbags 5,Callpoint 8910,-64.0,online,2026-08-14 03:19:46.972000+00:00,2026-08-14 03:30:27.270000+00:00,ST_UKTK_0249(73/10)_Hammersmith
VOCO_K114,0328E8415F,74.0,Mens Gold,Callpoint 8910,-62.0,online,2026-08-14 03:22:37.176000+00:00,2026-08-14 03:30:27.270000+00:00,ST_UKTK_0249(73/10)_Hammersmith
VOCO_K115,0328E841AB,95.0,Handbags 7,Callpoint 8910,-54.0,online,2026-08-14 03:30:03.992000+00:00,2026-08-14 03:30:27.270000+00:00,ST_UKTK_0249(73/10)_Hammersmith
VOCO_K116,0328E841A6,94.0,Handbags 8,Callpoint 8910,-64.0,online,2026-08-14 03:30:05.312000+00:00,2026-08-14 03:30:27.270000+00:00,ST_UKTK_0249(73/10)_Hammersmith
VOCO_K119,0328E89399,100.0,Gold label Handbag 2,Callpoint 8910,-58.0,online,2026-08-14 03:16:36.359000+00:00,2026-08-14 03:30:27.270000+00:00,ST_UKTK_0249(73/10)_Hammersmith
VOCO_K101,0328E32759,95.0,Click and Collect,Callpoint 8910,-26.0,online,2026-08-14 03:24:17.693000+00:00,2026-08-14 03:31:05.650000+00:00,ST_UKTK_0256(34/5)_Leyton Mills
VOCO_K103,02EB63D089,55.0,click and collect2,Callpoint 8910,-34.0,online,2026-08-14 03:22:11.552000+00:00,2026-08-14 03:31:05.650000+00:00,ST_UKTK_0256(34/5)_Leyton Mills
VOCO_K108,0328E9CBF0,0.0,Fragrance,Callpoint 8910,-30.0,offline,2026-08-13 16:05:58.231000+00:00,2026-08-14 03:31:05.650000+00:00,ST_UKTK_0256(34/5)_Leyton Mills
VOCO_K109,0328E9CBBE,12.0,Handbags,Callpoint 8910,-40.0,online,2026-08-14 03:25:06.293000+00:00,2026-08-14 03:31:05.650000+00:00,ST_UKTK_0256(34/5)_Leyton Mills
VOCO_K102,0328E9CE45,100.0,Fragrance 1,Callpoint 8910,-26.0,online,2026-08-14 03:19:00.760000+00:00,2026-08-14 03:30:07.491000+00:00,ST_UKTK_0262(20/3)_Fareham
VOCO_K101,0328E842C5,53.0,Handbags 6,Callpoint 8910,-44.0,online,2026-08-14 03:19:02.717000+00:00,2026-08-14 03:31:08.129000+00:00,ST_UKTK_0270(77/7)_Bull Ring
VOCO_K102,0328E0F49E,79.0,Fragrance 1,Callpoint 8910,-60.0,online,2026-08-14 03:27:55.894000+00:00,2026-08-14 03:31:08.129000+00:00,ST_UKTK_0270(77/7)_Bull Ring
VOCO_K103,0328E97607,95.0,Handbags 2,Callpoint 8910,-50.0,online,2026-08-14 03:17:44.025000+00:00,2026-08-14 03:31:08.129000+00:00,ST_UKTK_0270(77/7)_Bull Ring
VOCO_K104,0328E843AB,95.0,Handbags 4,Callpoint 8910,-44.0,online,2026-08-14 03:23:34.739000+00:00,2026-08-14 03:31:08.129000+00:00,ST_UKTK_0270(77/7)_Bull Ring
VOCO_K105,0328E7B79D,100.0,Jewellery 1,Callpoint 8910,-46.0,online,2026-08-14 03:27:50.115000+00:00,2026-08-14 03:31:08.129000+00:00,ST_UKTK_0270(77/7)_Bull Ring
VOCO_K106,0328E86F73,23.0,Click and Collect,Callpoint 8910,-48.0,online,2026-08-14 03:20:39.300000+00:00,2026-08-14 03:31:08.129000+00:00,ST_UKTK_0270(77/7)_Bull Ring
VOCO_K107,0328E8706E,95.0,Handbags 7,Callpoint 8910,-48.0,offline,2026-08-13 12:33:20.473000+00:00,2026-08-14 03:31:08.129000+00:00,ST_UKTK_0270(77/7)_Bull Ring
VOCO_K108,0328E7B8FF,100.0,Handbags 8,Callpoint 8910,-50.0,online,2026-08-14 03:27:44.315000+00:00,2026-08-14 03:31:08.129000+00:00,ST_UKTK_0270(77/7)_Bull Ring
VOCO_K109,0328E8710B,63.0,Customer Toilets,Callpoint 8910,-52.0,online,2026-08-14 03:23:51.392000+00:00,2026-08-14 03:31:08.129000+00:00,ST_UKTK_0270(77/7)_Bull Ring
VOCO_K110,0328E9CD49,95.0,Hanbags 3 ,Callpoint 8910,-48.0,online,2026-08-14 03:26:58.173000+00:00,2026-08-14 03:31:08.129000+00:00,ST_UKTK_0270(77/7)_Bull Ring
VOCO_K112,0328EA1220,100.0,Mens Outerwear,Callpoint 8910,-48.0,online,2026-08-14 03:18:35.895000+00:00,2026-08-14 03:31:08.129000+00:00,ST_UKTK_0270(77/7)_Bull Ring
VOCO_K113,0328E84399,97.0,Handbags 5,Callpoint 8910,-44.0,online,2026-08-14 03:23:07.876000+00:00,2026-08-14 03:31:08.129000+00:00,ST_UKTK_0270(77/7)_Bull Ring
VOCO_K114,0328E842C4,0.0,Gold Label Handbags 1,Callpoint 8910,-44.0,online,2026-08-14 03:28:38.116000+00:00,2026-08-14 03:31:08.129000+00:00,ST_UKTK_0270(77/7)_Bull Ring
VOCO_K115,0328EA137C,100.0,Womens Outerwear,Callpoint 8910,-54.0,online,2026-08-14 03:22:32.564000+00:00,2026-08-14 03:31:08.129000+00:00,ST_UKTK_0270(77/7)_Bull Ring
VOCO_K117,0328E9CD5C,96.0,Handbags 1,Callpoint 8910,-60.0,online,2026-08-14 03:30:17.965000+00:00,2026-08-14 03:31:08.129000+00:00,ST_UKTK_0270(77/7)_Bull Ring
VOCO_K102,0328E840C2,3.0,Fragrance,Callpoint 8910,-50.0,online,2026-08-14 03:24:16.177000+00:00,2026-08-14 03:28:42.369000+00:00,ST_UKTK_0275(41/6)_Bromley
VOCO_K105,0328E9CC78,100.0,Click and Collect,Callpoint 8910,-50.0,online,2026-08-14 03:21:55.377000+00:00,2026-08-14 03:28:42.369000+00:00,ST_UKTK_0275(41/6)_Bromley
VOCO_K106,0328E9CC7A,100.0,Click and Collect,Callpoint 8910,-40.0,online,2026-08-14 03:25:56.059000+00:00,2026-08-14 03:28:42.369000+00:00,ST_UKTK_0275(41/6)_Bromley
VOCO_K104,0328EA73E5,82.0,Fragrance 2,Callpoint 8910,-70.0,offline,2026-08-13 17:20:37.601000+00:00,2026-08-14 03:31:52.112000+00:00,ST_UKTK_0279(40/5)_Clapham
VOCO_K105,0328E8406E,94.0,Click and Collect 2,Callpoint 8910,-54.0,online,2026-08-14 03:24:09.218000+00:00,2026-08-14 03:31:52.112000+00:00,ST_UKTK_0279(40/5)_Clapham
VOCO_K106,0328E7B8A6,95.0,Gold Label Handbags,Callpoint 8910,-40.0,online,2026-08-14 03:27:37.300000+00:00,2026-08-14 03:31:52.112000+00:00,ST_UKTK_0279(40/5)_Clapham
VOCO_K107,0328E87131,72.0,Handbag,Callpoint 8910,-46.0,online,2026-08-14 03:22:46.133000+00:00,2026-08-14 03:31:52.112000+00:00,ST_UKTK_0279(40/5)_Clapham
VOCO_K102,0328E891D7,100.0,Click and Collect 2,Callpoint 8910,-40.0,online,2026-08-14 03:26:14.636000+00:00,2026-08-14 03:29:13.443000+00:00,ST_UKTK_0285(30/5)_Kew
VOCO_K103,0328E891A7,100.0,Fragrance 1,Callpoint 8910,-40.0,online,2026-08-14 03:14:52.994000+00:00,2026-08-14 03:29:13.443000+00:00,ST_UKTK_0285(30/5)_Kew
VOCO_K101,0328E7BBE8,81.0,Click and Collect,Callpoint 8910,-26.0,online,2026-08-14 03:30:08.351000+00:00,2026-08-14 03:31:42.053000+00:00,ST_UKTK_0291(20/02/01)_Kettering
VOCO_K102,0328E96D3F,100.0,Fragerance,Callpoint 8910,-26.0,online,2026-08-14 03:24:14.482000+00:00,2026-08-14 03:31:42.053000+00:00,ST_UKTK_0291(20/02/01)_Kettering
VOCO_K103,0328E843B8,85.0,Handbags 3,Callpoint 8910,-42.0,offline,2026-08-13 19:52:42.782000+00:00,2026-08-14 03:32:46.596000+00:00,ST_UKTK_0292(41/7)_Lewisham
VOCO_K104,0328E86F9A,91.0,Handbags 2,Callpoint 8910,-42.0,online,2026-08-14 03:30:36.779000+00:00,2026-08-14 03:32:46.596000+00:00,ST_UKTK_0292(41/7)_Lewisham
VOCO_K105,0328E84024,0.0,Jewellery 1,Callpoint 8910,-46.0,online,2026-08-14 03:32:42.504000+00:00,2026-08-14 03:32:46.596000+00:00,ST_UKTK_0292(41/7)_Lewisham
VOCO_K107,0328E842CB,100.0,Fragrance 1,Callpoint 8910,-50.0,online,2026-08-14 03:22:36.336000+00:00,2026-08-14 03:32:46.596000+00:00,ST_UKTK_0292(41/7)_Lewisham
VOCO_K108,0328E84137,95.0,Handbags 5,Callpoint 8910,-42.0,online,2026-08-14 03:20:51.936000+00:00,2026-08-14 03:32:46.596000+00:00,ST_UKTK_0292(41/7)_Lewisham
VOCO_K109,0328E86F9E,98.0,Handbags 6,Callpoint 8910,-54.0,online,2026-08-14 03:25:07.209000+00:00,2026-08-14 03:32:46.596000+00:00,ST_UKTK_0292(41/7)_Lewisham
VOCO_K110,0328E86FED,0.0,Fragrance 2,Callpoint 8910,-40.0,offline,2026-08-13 19:55:44.022000+00:00,2026-08-14 03:32:46.596000+00:00,ST_UKTK_0292(41/7)_Lewisham
VOCO_K111,0328E894A4,100.0,Fragrance 3,Callpoint 8910,-48.0,online,2026-08-14 03:28:49.278000+00:00,2026-08-14 03:32:46.596000+00:00,ST_UKTK_0292(41/7)_Lewisham
VOCO_K102,0328E7B6C3,96.0,C&C 2,Callpoint 8910,-58.0,online,2026-08-14 03:29:48.503000+00:00,2026-08-14 03:30:00.797000+00:00,ST_UKTK_0301(20/05/01)_Hemel Hempstead_S5
VOCO_K102,0328E892AC,100.0,Sales Floor,Callpoint 8910,-56.0,online,2026-08-14 03:19:32.019000+00:00,2026-08-14 03:28:34.736000+00:00,ST_UKTK_0317(30/4)_Farnborough
VOCO_K106,0328E7B849,3.0,Sales Floor 1,Callpoint 8910,-36.0,offline,2026-08-13 15:18:03.646000+00:00,2026-08-14 03:28:34.736000+00:00,ST_UKTK_0317(30/4)_Farnborough
VOCO_K107,0328E89311,95.0,Click & Collect,Callpoint 8910,-56.0,online,2026-08-14 03:20:20.495000+00:00,2026-08-14 03:28:34.736000+00:00,ST_UKTK_0317(30/4)_Farnborough
VOCO_K101,0328EA662A,73.0,Fragrance,Callpoint 8910,-28.0,online,2026-08-14 03:18:55.640000+00:00,2026-08-14 03:32:29.516000+00:00,ST_UKTK_0323(25/03/01)_Ayr_S5
VOCO_K102,0328EA64F6,90.0,Jewellery 1,Callpoint 8910,-54.0,online,2026-08-14 03:29:22.035000+00:00,2026-08-14 03:32:29.516000+00:00,ST_UKTK_0323(25/03/01)_Ayr_S5
VOCO_K103,0328EA661A,93.0,Click and Collect,Callpoint 8910,-42.0,online,2026-08-14 03:19:04.582000+00:00,2026-08-14 03:32:29.516000+00:00,ST_UKTK_0323(25/03/01)_Ayr_S5
VOCO_K102,0328E40887,100.0,Fragrance,Callpoint 8910,-26.0,online,2026-08-14 03:29:20.949000+00:00,2026-08-14 03:32:09.270000+00:00,ST_UKTK_0330(20/3)_Corby
VOCO_K104,0328EA64B4,100.0,Click & Collect,Callpoint 8910,-28.0,online,2026-08-14 03:22:50.388000+00:00,2026-08-14 03:32:09.270000+00:00,ST_UKTK_0330(20/3)_Corby
VOCO_K102,0328D3377C,4.0,Jewellery 1,Callpoint 8910,-48.0,online,2026-08-14 03:26:39.975000+00:00,2026-08-14 03:27:52.190000+00:00,ST_UKTK_0344(30/6)_Wembley
VOCO_K103,0328E743E4,88.0,Click and Collect,Callpoint 8910,-48.0,online,2026-08-14 03:19:57.481000+00:00,2026-08-14 03:27:52.190000+00:00,ST_UKTK_0344(30/6)_Wembley
VOCO_K104,0328E4082D,4.0,Fragance,Callpoint 8910,-48.0,offline,2026-08-13 20:56:46.722000+00:00,2026-08-14 03:27:52.190000+00:00,ST_UKTK_0344(30/6)_Wembley
VOCO_K105,0328E843B1,84.0,Handbags 1,Callpoint 8910,-52.0,online,2026-08-14 03:25:35.365000+00:00,2026-08-14 03:27:52.190000+00:00,ST_UKTK_0344(30/6)_Wembley
VOCO_K106,0328E84351,90.0,Handbags 2,Callpoint 8910,-52.0,online,2026-08-14 03:26:39.449000+00:00,2026-08-14 03:27:52.190000+00:00,ST_UKTK_0344(30/6)_Wembley
VOCO_K108,0328E843C0,57.0,Handbags 4,Callpoint 8910,-38.0,online,2026-08-14 03:17:09.145000+00:00,2026-08-14 03:27:52.190000+00:00,ST_UKTK_0344(30/6)_Wembley
VOCO_K109,0328E84150,89.0,Handbags 5,Callpoint 8910,-36.0,online,2026-08-14 03:19:18.468000+00:00,2026-08-14 03:27:52.190000+00:00,ST_UKTK_0344(30/6)_Wembley
VOCO_K101,0328E9CE9E,0.0,Handbags 1,Callpoint 8910,-34.0,offline,2026-08-13 19:04:20.487000+00:00,2026-08-14 03:31:54.660000+00:00,ST_UKTK_0346(35/5)_Milton Keynes Centre
VOCO_K103,0328E8703D,100.0,Sales Floor 1,Callpoint 8910,-26.0,online,2026-08-14 03:27:34.080000+00:00,2026-08-14 03:31:54.660000+00:00,ST_UKTK_0346(35/5)_Milton Keynes Centre
VOCO_K105,0328E9CCBB,6.0,Click and Collect,Callpoint 8910,-42.0,online,2026-08-14 03:22:23.023000+00:00,2026-08-14 03:31:54.660000+00:00,ST_UKTK_0346(35/5)_Milton Keynes Centre
VOCO_K106,0328E9CCB1,100.0,Click and collect 2,Callpoint 8910,-26.0,online,2026-08-14 03:23:54.489000+00:00,2026-08-14 03:31:54.660000+00:00,ST_UKTK_0346(35/5)_Milton Keynes Centre
VOCO_K107,0328E9CCBC,0.0,fragrance,Callpoint 8910,-50.0,online,2026-08-14 03:25:14.536000+00:00,2026-08-14 03:31:54.660000+00:00,ST_UKTK_0346(35/5)_Milton Keynes Centre
VOCO_K102,0328E3216F,99.0,Jewellery 1,Callpoint 8910,-62.0,online,2026-08-14 03:17:58.638000+00:00,2026-08-14 03:30:31.131000+00:00,ST_UKTK_0353(30/4)_Windsor
VOCO_K102,0328E870DA,63.0,Jewellery,Callpoint 8910,-50.0,online,2026-08-14 03:25:06.073000+00:00,2026-08-14 03:30:09.971000+00:00,ST_UKTK_0358(30/4)_Wimbledon
VOCO_K105,0328EA6457,40.0,Click and collect,Callpoint 8910,-36.0,online,2026-08-14 03:18:48.532000+00:00,2026-08-14 03:30:09.971000+00:00,ST_UKTK_0358(30/4)_Wimbledon
VOCO_K103,0328E7433B,94.0,Click and Collect,Callpoint 8910,-42.0,online,2026-08-14 03:31:01.035000+00:00,2026-08-14 03:31:02.930000+00:00,ST_UKTK_0376(25/01)_Peterborough Queensgate_New
VOCO_K104,0328E9CBCE,0.0,Jewellery 2,Callpoint 8910,-46.0,offline,2026-08-13 17:11:39.321000+00:00,2026-08-14 03:31:02.930000+00:00,ST_UKTK_0376(25/01)_Peterborough Queensgate_New
VOCO_K105,0328E9CBB6,82.0,Jewellery 3,Callpoint 8910,-38.0,online,2026-08-14 03:28:28.920000+00:00,2026-08-14 03:31:02.930000+00:00,ST_UKTK_0376(25/01)_Peterborough Queensgate_New
VOCO_K107,0328E8930B,19.0,Sales Floor 3,Callpoint 8910,-46.0,online,2026-08-14 03:23:33.782000+00:00,2026-08-14 03:31:02.930000+00:00,ST_UKTK_0376(25/01)_Peterborough Queensgate_New
VOCO_K102,0328E9CDC4,100.0,Click and collect,Callpoint 8910,-38.0,online,2026-08-14 03:13:24.306000+00:00,2026-08-14 03:28:10.735000+00:00,ST_UKTK_0377(30/6)_Kilburn
VOCO_K104,0328E9CD8F,95.0,Click and collect 2,Callpoint 8910,-32.0,offline,2026-08-13 16:16:51.929000+00:00,2026-08-14 03:28:10.735000+00:00,ST_UKTK_0377(30/6)_Kilburn
VOCO_K105,0328E9CBE0,97.0,Fragrance,Callpoint 8910,-44.0,online,2026-08-14 03:14:49.343000+00:00,2026-08-14 03:28:10.735000+00:00,ST_UKTK_0377(30/6)_Kilburn
VOCO_K106,0328E9CE4C,100.0,Fragrance 1 ,Callpoint 8910,-50.0,online,2026-08-14 03:22:19.332000+00:00,2026-08-14 03:28:10.735000+00:00,ST_UKTK_0377(30/6)_Kilburn
VOCO_K101,0328E9CF07,82.0,Sales Floor 1,Callpoint 8910,-50.0,online,2026-08-14 03:24:01.949000+00:00,2026-08-14 03:32:26.229000+00:00,ST_UKTK_0383(70/08/01)_Meadowhall_New
VOCO_K103,0328E9CE67,100.0,Click and Collect,Callpoint 8910,-54.0,online,2026-08-14 03:29:40.710000+00:00,2026-08-14 03:32:26.229000+00:00,ST_UKTK_0383(70/08/01)_Meadowhall_New
VOCO_K105,0328EA11BF,100.0,Click and collect,Callpoint 8910,-64.0,online,2026-08-14 03:21:18.956000+00:00,2026-08-14 03:32:26.229000+00:00,ST_UKTK_0383(70/08/01)_Meadowhall_New
VOCO_K106,0328EA1196,100.0,Jewellery 3,Callpoint 8910,-52.0,online,2026-08-14 03:23:44.297000+00:00,2026-08-14 03:32:26.229000+00:00,ST_UKTK_0383(70/08/01)_Meadowhall_New
VOCO_K107,0328EA11AC,100.0,Sales floor ,Callpoint 8910,-52.0,online,2026-08-14 03:26:20.455000+00:00,2026-08-14 03:32:26.229000+00:00,ST_UKTK_0383(70/08/01)_Meadowhall_New
VOCO_K104,0328E843BD,100.0,Handbags 2,Callpoint 8910,-44.0,online,2026-08-14 03:15:33.184000+00:00,2026-08-14 03:28:17.075000+00:00,ST_UKTK_0757(20/3)_Derby Albion Street
VOCO_K101,0328E7B6F4,100.0,Click & Collect,Callpoint 8910,-42.0,online,2026-08-14 03:19:30.855000+00:00,2026-08-14 03:29:41.515000+00:00,ST_UKTK_0786(115/22/1)_Oxford Street London -1
VOCO_K102,0328E840A3,100.0,Fragrance 1,Callpoint 8910,-36.0,online,2026-08-14 03:15:23.621000+00:00,2026-08-14 03:29:41.515000+00:00,ST_UKTK_0786(115/22/1)_Oxford Street London -1
VOCO_K103,0328D338CC,100.0,Handbags 2,Callpoint 8910,-40.0,online,2026-08-14 03:28:13.380000+00:00,2026-08-14 03:29:41.515000+00:00,ST_UKTK_0786(115/22/1)_Oxford Street London -1
VOCO_K104,0328D3378E,99.0,Jewellery 2,Callpoint 8910,-58.0,offline,2026-08-13 07:26:25.354000+00:00,2026-08-14 03:29:41.515000+00:00,ST_UKTK_0786(115/22/1)_Oxford Street London -1
VOCO_K106,0328EA10E0,100.0,Handbags 7,Callpoint 8910,-36.0,online,2026-08-14 03:28:42.338000+00:00,2026-08-14 03:29:41.515000+00:00,ST_UKTK_0786(115/22/1)_Oxford Street London -1
VOCO_K108,0328EA74D9,83.0,Gold label handbags 4,Callpoint 8910,-40.0,online,2026-08-14 03:23:56.558000+00:00,2026-08-14 03:29:41.515000+00:00,ST_UKTK_0786(115/22/1)_Oxford Street London -1
VOCO_K112,0328E88CBE,100.0,Fragrance 3,Callpoint 8910,-40.0,online,2026-08-14 03:17:00.365000+00:00,2026-08-14 03:29:41.515000+00:00,ST_UKTK_0786(115/22/1)_Oxford Street London -1
VOCO_K113,0328E9CCBE,73.0,Gold Label Handbags 3,Callpoint 8910,-42.0,online,2026-08-14 03:28:31.463000+00:00,2026-08-14 03:29:41.515000+00:00,ST_UKTK_0786(115/22/1)_Oxford Street London -1
VOCO_K114,0328E89396,81.0,Mens Gold Label 2,Callpoint 8910,-42.0,online,2026-08-14 03:23:28.391000+00:00,2026-08-14 03:29:41.515000+00:00,ST_UKTK_0786(115/22/1)_Oxford Street London -1
VOCO_K115,0328E88CEA,100.0,handbags 4,Callpoint 8910,-36.0,online,2026-08-14 03:15:58.673000+00:00,2026-08-14 03:29:41.515000+00:00,ST_UKTK_0786(115/22/1)_Oxford Street London -1
VOCO_K117,0328EA76AD,100.0,Handbag 5,Callpoint 8910,-36.0,online,2026-08-14 03:25:41.851000+00:00,2026-08-14 03:29:41.515000+00:00,ST_UKTK_0786(115/22/1)_Oxford Street London -1
VOCO_K119,0328E88C47,100.0,Handbags 6,Callpoint 8910,-40.0,online,2026-08-14 03:17:26.962000+00:00,2026-08-14 03:29:41.515000+00:00,ST_UKTK_0786(115/22/1)_Oxford Street London -1
VOCO_K120,0328E89389,100.0,Gold Label Handbags 2,Callpoint 8910,-34.0,online,2026-08-14 03:21:11.263000+00:00,2026-08-14 03:29:41.515000+00:00,ST_UKTK_0786(115/22/1)_Oxford Street London -1
VOCO_K122,0328E9CD22,100.0,Gold Label Handbags 5,Callpoint 8910,-32.0,online,2026-08-14 03:29:03.515000+00:00,2026-08-14 03:29:41.515000+00:00,ST_UKTK_0786(115/22/1)_Oxford Street London -1
VOCO_K126,0328E88CFB,100.0,Mens Gold Label,Callpoint 8910,-42.0,online,2026-08-14 03:15:30.133000+00:00,2026-08-14 03:29:41.515000+00:00,ST_UKTK_0786(115/22/1)_Oxford Street London -1
VOCO_K129,0328E9CCC1,100.0,Handbags 1,Callpoint 8910,-36.0,online,2026-08-14 03:29:13.149000+00:00,2026-08-14 03:29:41.515000+00:00,ST_UKTK_0786(115/22/1)_Oxford Street London -1
VOCO_K130,0328E9CECC,20.0,Handbags 3,Callpoint 8910,-38.0,online,2026-08-14 03:16:44.260000+00:00,2026-08-14 03:29:41.515000+00:00,ST_UKTK_0786(115/22/1)_Oxford Street London -1
VOCO_K102,0328E843B7,6.0,Sales Floor 2,Callpoint 8910,-52.0,online,2026-08-14 03:25:03.829000+00:00,2026-08-14 03:29:20.764000+00:00,ST_UKTK_0787(20/3)_Bracknell
VOCO_K103,0328E40642,100.0,Fragrance,Callpoint 8910,-50.0,online,2026-08-14 03:21:31.998000+00:00,2026-08-14 03:29:20.764000+00:00,ST_UKTK_0787(20/3)_Bracknell
VOCO_K104,0328E32865,14.0,Click and Collect 1,Callpoint 8910,-46.0,online,2026-08-14 03:26:07.748000+00:00,2026-08-14 03:29:20.764000+00:00,ST_UKTK_0787(20/3)_Bracknell
VOCO_K105,0328EB7A08,100.0,Sales floor 1,Callpoint 8910,-44.0,online,2026-08-14 03:19:06.603000+00:00,2026-08-14 03:29:20.764000+00:00,ST_UKTK_0787(20/3)_Bracknell
VOCO_K106,0328E842A1,76.0,Sales floor 3,Callpoint 8910,-44.0,online,2026-08-14 03:16:47.159000+00:00,2026-08-14 03:29:20.764000+00:00,ST_UKTK_0787(20/3)_Bracknell
VOCO_K101,0328D3387C,50.0,click and collect,Callpoint 8910,-42.0,online,2026-08-14 03:15:41.235000+00:00,2026-08-14 03:28:35.722000+00:00,ST_UKTK_0788_(30/03/06)_Oxford_Westgate
VOCO_K102,0328E745E7,0.0,Jewellery 1,Callpoint 8910,-28.0,offline,2026-08-14 03:13:50.988000+00:00,2026-08-14 03:28:35.722000+00:00,ST_UKTK_0788_(30/03/06)_Oxford_Westgate
VOCO_K104,0328E84325,0.0,Fragrance,Callpoint 8910,-42.0,offline,2026-08-13 19:09:19.418000+00:00,2026-08-14 03:28:35.722000+00:00,ST_UKTK_0788_(30/03/06)_Oxford_Westgate
VOCO_K101,0328E745CF,44.0,Sales Floor 1,Callpoint 8910,-48.0,online,2026-08-14 03:28:20.238000+00:00,2026-08-14 03:30:02.154000+00:00,ST_UKTK_0798(20/02/03)_Workington
VOCO_K102,0328E74615,8.0,Jewellery 1,Callpoint 8910,-58.0,online,2026-08-14 03:28:35.829000+00:00,2026-08-14 03:30:02.154000+00:00,ST_UKTK_0798(20/02/03)_Workington
VOCO_K101,0328E8732D,0.0,Click & Collect,Callpoint 8910,-44.0,online,2026-08-14 03:31:12.526000+00:00,2026-08-14 03:32:21.366000+00:00,ST_UKTK_0799(30/03/05)_Glasgow Braehead
VOCO_K103,0328E89469,81.0,,Callpoint 8910,-28.0,online,2026-08-14 03:22:55.926000+00:00,2026-08-14 03:32:21.366000+00:00,ST_UKTK_0799(30/03/05)_Glasgow Braehead
VOCO_K104,0328E9CBAA,90.0,Fragrance 1,Callpoint 8910,-42.0,online,2026-08-14 03:23:33.045000+00:00,2026-08-14 03:32:21.366000+00:00,ST_UKTK_0799(30/03/05)_Glasgow Braehead
VOCO_K101,0328E88C18,0.0,gold label handbags 6,Callpoint 8910,-68.0,offline,2026-08-13 07:24:41.114000+00:00,2026-08-14 03:29:52.203000+00:00,ST_UKTK_0878(65/03/01)_London Marble Arch
VOCO_K102,0328E86FCA,86.0,Handbags 4,Callpoint 8910,-40.0,online,2026-08-14 03:21:36.651000+00:00,2026-08-14 03:29:52.203000+00:00,ST_UKTK_0878(65/03/01)_London Marble Arch
VOCO_K105,0328E870A4,100.0,Fragrance 2,Callpoint 8910,-32.0,online,2026-08-14 03:16:34.460000+00:00,2026-08-14 03:29:52.203000+00:00,ST_UKTK_0878(65/03/01)_London Marble Arch
VOCO_K106,0328E870B8,93.0,Gold Label Handbags 1,Callpoint 8910,-46.0,online,2026-08-14 03:28:43.426000+00:00,2026-08-14 03:29:52.203000+00:00,ST_UKTK_0878(65/03/01)_London Marble Arch
VOCO_K108,0328E86F75,86.0,HANDBAGS 2,Callpoint 8910,-38.0,online,2026-08-14 03:15:52.125000+00:00,2026-08-14 03:29:52.203000+00:00,ST_UKTK_0878(65/03/01)_London Marble Arch
VOCO_K110,0328E8936A,100.0,Sales floor 1,Callpoint 8910,-38.0,online,2026-08-14 03:27:16.379000+00:00,2026-08-14 03:29:52.203000+00:00,ST_UKTK_0878(65/03/01)_London Marble Arch
VOCO_K112,0328E88D0F,95.0,Handbags 1,Callpoint 8910,-42.0,online,2026-08-14 03:20:23.566000+00:00,2026-08-14 03:29:52.203000+00:00,ST_UKTK_0878(65/03/01)_London Marble Arch
VOCO_K113,0328E8404C,100.0,Fragrance,Callpoint 8910,-46.0,online,2026-08-14 03:16:56.906000+00:00,2026-08-14 03:29:52.203000+00:00,ST_UKTK_0878(65/03/01)_London Marble Arch
VOCO_K114,0328E9CD50,86.0,sales floor 2,Callpoint 8910,-34.0,online,2026-08-14 03:23:41.424000+00:00,2026-08-14 03:29:52.203000+00:00,ST_UKTK_0878(65/03/01)_London Marble Arch
VOCO_K103,0328E74341,100.0,Click and Collect,Callpoint 8910,-50.0,online,2026-08-14 03:26:16.382000+00:00,2026-08-14 03:29:53.071000+00:00,ST_UKTK_101(35/02/04)_Bristol
VOCO_K104,0328E841C5,52.0,Fragrance,Callpoint 8910,-52.0,online,2026-08-14 03:15:37.561000+00:00,2026-08-14 03:29:53.071000+00:00,ST_UKTK_101(35/02/04)_Bristol
VOCO_K106,0328E88C81,100.0,Gold Label Handbag,Callpoint 8910,-50.0,online,2026-08-14 03:24:40.325000+00:00,2026-08-14 03:29:53.071000+00:00,ST_UKTK_101(35/02/04)_Bristol
VOCO_K101,0328E7B71E,0.0,Fragrance 2,Callpoint 8910,-82.0,online,2026-08-14 03:23:17.923000+00:00,2026-08-14 03:31:34.540000+00:00,ST_UKTK_105(30/01/03)_Hatfield
VOCO_K102,0328E9CBE9,81.0,Handbags,Callpoint 8910,-58.0,offline,2026-08-13 08:02:47.103000+00:00,2026-08-14 03:31:34.540000+00:00,ST_UKTK_105(30/01/03)_Hatfield
VOCO_K104,0328E9CBEB,100.0,Click and collect 2,Callpoint 8910,-88.0,online,2026-08-14 03:30:11.233000+00:00,2026-08-14 03:31:34.540000+00:00,ST_UKTK_105(30/01/03)_Hatfield
VOCO_K101,0328E32675,99.0,Mens Gold Label 1,Callpoint 8910,-44.0,online,2026-08-14 03:26:54.249000+00:00,2026-08-14 03:29:28.268000+00:00,ST_UKTK_107(35/02/04)_Newcastle
VOCO_K102,0328E7BE23,100.0,Fragrance 1,Callpoint 8910,-46.0,online,2026-08-14 03:24:50.087000+00:00,2026-08-14 03:29:28.268000+00:00,ST_UKTK_107(35/02/04)_Newcastle
VOCO_K103,0328E871A6,100.0,Click and Collect,Callpoint 8910,-62.0,online,2026-08-14 03:28:14.326000+00:00,2026-08-14 03:29:28.268000+00:00,ST_UKTK_107(35/02/04)_Newcastle
VOCO_K101,0328E7B90F,95.0,Sales Floor 1,Callpoint 8910,-68.0,online,2026-08-14 03:20:58.143000+00:00,2026-08-14 03:29:13.665000+00:00,ST_UKTK_109(23/03/02)_Woking
VOCO_K102,0328E7B8FD,95.0,Click and Collect 1,Callpoint 8910,-70.0,online,2026-08-14 03:26:01.824000+00:00,2026-08-14 03:29:13.665000+00:00,ST_UKTK_109(23/03/02)_Woking
VOCO_K104,0328D33975,0.0,Jewellery 2,Callpoint 8910,-68.0,offline,2026-08-13 19:34:09.887000+00:00,2026-08-14 03:29:13.665000+00:00,ST_UKTK_109(23/03/02)_Woking
VOCO_K105,0328E407A5,90.0,Jewellery 3,Callpoint 8910,-48.0,online,2026-08-14 03:26:36.245000+00:00,2026-08-14 03:29:13.665000+00:00,ST_UKTK_109(23/03/02)_Woking
VOCO_K101,0328E89377,8.0,Sales Floor 1,Callpoint 8910,-50.0,online,2026-08-14 03:23:32.488000+00:00,2026-08-14 03:31:49.021000+00:00,ST_UKTK_112(25/03/)_Hull
VOCO_K102,0328E89373,100.0,Fragrance,Callpoint 8910,-74.0,online,2026-08-14 03:26:34.336000+00:00,2026-08-14 03:31:49.021000+00:00,ST_UKTK_112(25/03/)_Hull
VOCO_K103,0328E0F774,68.0,Click and Collect,Callpoint 8910,-32.0,online,2026-08-14 03:30:13.392000+00:00,2026-08-14 03:31:49.021000+00:00,ST_UKTK_112(25/03/)_Hull
VOCO_K103,0328E32860,95.0,Click and Collect,Callpoint 8910,-52.0,online,2026-08-14 03:29:03.520000+00:00,2026-08-14 03:29:20.978000+00:00,ST_UKTK_114(18/4)_Salisbury
VOCO_K104,0328E32619,95.0,Fragrance,Callpoint 8910,-54.0,offline,2026-08-13 16:21:53.320000+00:00,2026-08-14 03:29:20.978000+00:00,ST_UKTK_114(18/4)_Salisbury
VOCO_K103,0328E7438C,32.0,Click and Collect,Callpoint 8910,-44.0,online,2026-08-14 03:28:45.279000+00:00,2026-08-14 03:32:28.908000+00:00,ST_UKTK_115(25/02/04)_Banbury
VOCO_K101,0328E4078B,100.0,Jewellery,Callpoint 8910,-38.0,online,2026-08-14 03:26:24.987000+00:00,2026-08-14 03:29:37.355000+00:00,ST_UKTK_116(20/2)_Preston
VOCO_K104,0328E0F6C4,100.0,Click and collect,Callpoint 8910,-44.0,online,2026-08-14 03:27:38.737000+00:00,2026-08-14 03:29:37.355000+00:00,ST_UKTK_116(20/2)_Preston
VOCO_K105,0328D2FA47,71.0,Fragrance,Callpoint 8910,-54.0,online,2026-08-14 03:26:27.032000+00:00,2026-08-14 03:29:37.355000+00:00,ST_UKTK_116(20/2)_Preston
VOCO_K101,0328E7B91F,49.0,Fragrance,Callpoint 8910,-52.0,online,2026-08-14 03:29:07.381000+00:00,2026-08-14 03:29:16.794000+00:00,ST_UKTK_117(30/03/05)_Ilford
VOCO_K103,0328E7B92A,95.0,Click and Collect,Callpoint 8910,-54.0,online,2026-08-14 03:29:13.549000+00:00,2026-08-14 03:29:17.815000+00:00,ST_UKTK_117(30/03/05)_Ilford
VOCO_K106,0328E9CC65,9.0,Mens Department,Callpoint 8910,-36.0,online,2026-08-14 03:28:08.720000+00:00,2026-08-14 03:29:16.794000+00:00,ST_UKTK_117(30/03/05)_Ilford
VOCO_K107,0328E9CCC8,100.0,Womens Department,Callpoint 8910,-54.0,online,2026-08-14 03:27:59.213000+00:00,2026-08-14 03:29:16.794000+00:00,ST_UKTK_117(30/03/05)_Ilford
VOCO_K103,02EB63D1D0,90.0,Click and Collect,Callpoint 8910,-38.0,online,2026-08-14 03:28:57.965000+00:00,2026-08-14 03:31:52.265000+00:00,ST_UKTK_118(28/05/02)_Glasgow
VOCO_K105,02EB63D29C,0.0,Sales Floor 3,Callpoint 8910,-34.0,offline,2026-08-14 03:27:39.849000+00:00,2026-08-14 03:31:52.265000+00:00,ST_UKTK_118(28/05/02)_Glasgow
VOCO_K101,0328E834D7,87.0,Fragrance,Callpoint 8910,-52.0,online,2026-08-14 03:21:58.548000+00:00,2026-08-14 03:30:12.741000+00:00,ST_UKTK_119(25/01/04)_Harrogate
VOCO_K102,0328D343A0,94.0,Click and Collect,Callpoint 8910,-38.0,online,2026-08-14 03:17:07.932000+00:00,2026-08-14 03:30:12.741000+00:00,ST_UKTK_119(25/01/04)_Harrogate
VOCO_K101,0328E329CE,83.0,Click and Collect,Callpoint 8910,-42.0,online,2026-08-14 03:25:50.952000+00:00,2026-08-14 03:32:41.871000+00:00,ST_UKTK_120(30/3/5)_Merry Hill
VOCO_K102,0328E329D9,84.0,Fragrance,Callpoint 8910,-42.0,online,2026-08-14 03:29:40.086000+00:00,2026-08-14 03:32:41.871000+00:00,ST_UKTK_120(30/3/5)_Merry Hill
VOCO_K102,0328DAC08A,100.0,Click and collect 2,Callpoint 8910,-50.0,online,2026-08-14 03:15:41.547000+00:00,2026-08-14 03:28:52.764000+00:00,ST_UKTK_121(35/02/05)_Leicester
VOCO_K103,0328E7B74B,68.0,Click and Collect,Callpoint 8910,-50.0,online,2026-08-14 03:26:57.632000+00:00,2026-08-14 03:28:52.764000+00:00,ST_UKTK_121(35/02/05)_Leicester
VOCO_K101,0328D343E1,82.0,Sales Floor 1,Callpoint 8910,-40.0,online,2026-08-14 03:24:02.366000+00:00,2026-08-14 03:28:31.888000+00:00,ST_UKTK_122(30/2)_Plymouth
VOCO_K102,0328EA13B6,11.0,Fragrance,Callpoint 8910,-52.0,online,2026-08-14 03:15:54.126000+00:00,2026-08-14 03:28:31.888000+00:00,ST_UKTK_122(30/2)_Plymouth
VOCO_K102,0328E88CF6,29.0,Fragrance 2,Callpoint 8910,-34.0,online,2026-08-14 03:16:20.132000+00:00,2026-08-14 03:30:59.135000+00:00,ST_UKTK_123(35/02/06)_Sheffield
VOCO_K103,0328DAC096,41.0,Click and Collect,Callpoint 8910,-44.0,online,2026-08-14 03:24:13.764000+00:00,2026-08-14 03:30:59.135000+00:00,ST_UKTK_123(35/02/06)_Sheffield
VOCO_K104,0328E832FF,94.0,Fragrance 1 ,Callpoint 8910,-50.0,online,2026-08-14 03:25:44.033000+00:00,2026-08-14 03:30:59.135000+00:00,ST_UKTK_123(35/02/06)_Sheffield
VOCO_K101,0328E744B9,100.0,Click and Collect,Callpoint 8910,-70.0,online,2026-08-14 03:17:19.870000+00:00,2026-08-14 03:28:34.226000+00:00,ST_UKTK_127(41/03/04)_Leeds
VOCO_K102,0328E74335,95.0,Fragrance 1,Callpoint 8910,-66.0,offline,2026-08-13 06:57:07.556000+00:00,2026-08-14 03:28:34.226000+00:00,ST_UKTK_127(41/03/04)_Leeds
VOCO_K104,0328E744B4,100.0,Sales Floor 1,Callpoint 8910,-74.0,online,2026-08-14 03:13:38.534000+00:00,2026-08-14 03:28:34.226000+00:00,ST_UKTK_127(41/03/04)_Leeds
VOCO_K109,0328EA1115,95.0,Sales floor 3,Callpoint 8910,-66.0,online,2026-08-14 03:15:24.031000+00:00,2026-08-14 03:28:34.226000+00:00,ST_UKTK_127(41/03/04)_Leeds
VOCO_K102,0328E7BE0B,100.0,Click and Collect 1,Callpoint 8910,-38.0,online,2026-08-14 03:19:55.207000+00:00,2026-08-14 03:31:45.515000+00:00,ST_UKTK_128(25/02/04)_Cheltenham
VOCO_K103,0328D33AF0,81.0,Fragrance 2,Callpoint 8910,-60.0,online,2026-08-14 03:23:32.213000+00:00,2026-08-14 03:31:45.515000+00:00,ST_UKTK_128(25/02/04)_Cheltenham
VOCO_K104,0328EA1315,5.0,Jewellery 1,Callpoint 8910,-54.0,online,2026-08-14 03:22:41.032000+00:00,2026-08-14 03:31:45.515000+00:00,ST_UKTK_128(25/02/04)_Cheltenham
VOCO_K101,0328D33951,68.0,Sales Floor 1,Callpoint 8910,-46.0,online,2026-08-14 03:25:17.808000+00:00,2026-08-14 03:28:38.458000+00:00,ST_UKTK_130(25/02/04)_Lincoln
VOCO_K102,0328D33970,100.0,Jewellery 1,Callpoint 8910,-50.0,online,2026-08-14 03:28:26.233000+00:00,2026-08-14 03:28:38.458000+00:00,ST_UKTK_130(25/02/04)_Lincoln
VOCO_K103,0328D3397A,9.0,Click and Collect,Callpoint 8910,-46.0,online,2026-08-14 03:24:11.065000+00:00,2026-08-14 03:28:38.458000+00:00,ST_UKTK_130(25/02/04)_Lincoln
VOCO_K104,0328E9CCAB,3.0,Fragrance,Callpoint 8910,-48.0,online,2026-08-14 03:13:46.157000+00:00,2026-08-14 03:28:38.458000+00:00,ST_UKTK_130(25/02/04)_Lincoln
VOCO_K101,0328E9CC9B,0.0,Fragrance 1,Callpoint 8910,-44.0,offline,2026-08-13 09:31:09.909000+00:00,2026-08-14 03:31:16.067000+00:00,ST_UKTK_131(15/1)_Sheffield Wadsley Bridge
VOCO_K101,0328E742A2,100.0,Click and collect,Callpoint 8910,-62.0,online,2026-08-14 03:21:49.100000+00:00,2026-08-14 03:31:03.739000+00:00,ST_UKTK_135(20/3/4)_Team Valley
VOCO_K102,0328DABB28,98.0,Fragrance,Callpoint 8910,-60.0,online,2026-08-14 03:27:16.154000+00:00,2026-08-14 03:31:03.739000+00:00,ST_UKTK_135(20/3/4)_Team Valley
VOCO_K103,0328E9CC6C,100.0,Home Department ,Callpoint 8910,-52.0,online,2026-08-14 03:23:29.619000+00:00,2026-08-14 03:31:03.739000+00:00,ST_UKTK_135(20/3/4)_Team Valley
VOCO_K109,0328DAC0B9,100.0,Home Dept,Callpoint 8910,-58.0,online,2026-08-14 03:24:52.179000+00:00,2026-08-14 03:31:03.739000+00:00,ST_UKTK_135(20/3/4)_Team Valley
VOCO_K101,0328E405F9,92.0,Click and collect,Callpoint 8910,-52.0,online,2026-08-14 03:17:20.693000+00:00,2026-08-14 03:29:55.476000+00:00,ST_UKTK_136(20/03/04)_Falkirk
VOCO_K104,0328E8947D,97.0,Click and Collect,Callpoint 8910,-60.0,online,2026-08-14 03:24:59.588000+00:00,2026-08-14 03:29:04.595000+00:00,ST_UKTK_138(41/03/10)_Cardiff
VOCO_K106,0328E89369,100.0,Jewellery,Callpoint 8910,-48.0,online,2026-08-14 03:27:57.419000+00:00,2026-08-14 03:29:04.595000+00:00,ST_UKTK_138(41/03/10)_Cardiff
VOCO_K101,0328E86FB7,100.0,Click and Collect,Callpoint 8910,-52.0,online,2026-08-14 03:23:13.739000+00:00,2026-08-14 03:30:51.472000+00:00,ST_UKTK_140(23/03/02)_Ipswich
VOCO_K103,0328E86FC9,0.0,Jewellery 2,Callpoint 8910,-50.0,offline,2026-08-13 06:16:20.591000+00:00,2026-08-14 03:30:51.472000+00:00,ST_UKTK_140(23/03/02)_Ipswich
VOCO_K104,0328E86D9E,29.0,Fragrance,Callpoint 8910,-56.0,online,2026-08-14 03:23:57.311000+00:00,2026-08-14 03:30:51.472000+00:00,ST_UKTK_140(23/03/02)_Ipswich
VOCO_K101,0328E86F7B,73.0,Jewellery,Callpoint 8910,-32.0,online,2026-08-14 03:25:46.346000+00:00,2026-08-14 03:31:43.933000+00:00,ST_UKTK_143(20/3)_Bury
VOCO_K103,0328D338EE,90.0,Click and Collect,Callpoint 8910,-24.0,online,2026-08-14 03:30:37.850000+00:00,2026-08-14 03:31:43.933000+00:00,ST_UKTK_143(20/3)_Bury
VOCO_K101,0328EA1211,2.0,Fragrance,Callpoint 8910,-52.0,online,2026-08-14 03:29:23.495000+00:00,2026-08-14 03:30:01.742000+00:00,ST_UKTK_146(20/01/03)_Carlisle
VOCO_K102,0328E9CD32,0.0,Click and Collect,Callpoint 8910,-66.0,offline,2026-08-13 05:33:21.289000+00:00,2026-08-14 03:30:01.742000+00:00,ST_UKTK_146(20/01/03)_Carlisle
VOCO_K101,0328E7B8DC,68.0,Sales Floor 1,Callpoint 8910,-34.0,online,2026-08-14 03:22:56.538000+00:00,2026-08-14 03:28:25.293000+00:00,ST_UKTK_147(20/1)_Wrexham
VOCO_K101,0328E9CE5D,95.0,Fragrance,Callpoint 8910,-26.0,online,2026-08-14 03:25:37.558000+00:00,2026-08-14 03:31:10.736000+00:00,ST_UKTK_148_Middlesbrough N/S 20/02/04
VOCO_K101,0328D338AE,100.0,Sales Floor 1,Callpoint 8910,-40.0,online,2026-08-14 03:37:34.657000+00:00,2026-08-14 03:32:25.733000+00:00,ST_UKTK_149(35/02/04)_Dundee
VOCO_K102,0328E9CE54,0.0,Fragrance 2,Callpoint 8910,-44.0,offline,2026-08-13 19:36:59.778000+00:00,2026-08-14 03:32:25.733000+00:00,ST_UKTK_149(35/02/04)_Dundee
VOCO_K104,0328E894CA,93.0,Fragrance 1,Callpoint 8910,-42.0,online,2026-08-14 03:35:31.635000+00:00,2026-08-14 03:32:25.733000+00:00,ST_UKTK_149(35/02/04)_Dundee
VOCO_K101,0328D343E8,44.0,Sales Floor 1,Callpoint 8910,-36.0,online,2026-08-14 03:31:53.869000+00:00,2026-08-14 03:32:00.152000+00:00,ST_UKTK_151(20/02/03)_Newbury
VOCO_K103,0328E7B6CA,83.0,Click and Collect,Callpoint 8910,-46.0,online,2026-08-14 03:29:18.202000+00:00,2026-08-14 03:30:11.102000+00:00,ST_UKTK_154(25/03/03)_Telford
VOCO_K104,0328E0F63B,95.0,Sales Floor 1,Callpoint 8910,-44.0,online,2026-08-14 03:29:26.882000+00:00,2026-08-14 03:30:11.102000+00:00,ST_UKTK_154(25/03/03)_Telford
VOCO_K101,0328E9CEA9,82.0,Fragrance,Callpoint 8910,-52.0,online,2026-08-14 03:18:44.356000+00:00,2026-08-14 03:31:24.325000+00:00,ST_UKTK_155(20/1)_Salford
VOCO_K103,0328DAC07B,82.0,Click and Collect,Callpoint 8910,-56.0,online,2026-08-14 03:27:05.703000+00:00,2026-08-14 03:31:24.325000+00:00,ST_UKTK_155(20/1)_Salford
VOCO_K101,0328E892A8,45.0,Fragrance,Callpoint 8910,-60.0,online,2026-08-14 03:20:27.130000+00:00,2026-08-14 03:31:21.143000+00:00,ST_UKTK_158(23/03/02)_St Albans
VOCO_K102,02EB63D3D0,71.0,Click and Collect 2,Callpoint 8910,-38.0,online,2026-08-14 03:31:01.940000+00:00,2026-08-14 03:31:21.143000+00:00,ST_UKTK_158(23/03/02)_St Albans
VOCO_K106,0328E89298,100.0,Click and Collect,Callpoint 8910,-34.0,online,2026-08-14 03:20:22.568000+00:00,2026-08-14 03:31:21.143000+00:00,ST_UKTK_158(23/03/02)_St Albans
VOCO_K101,0328D33A0B,41.0,Sales Floor 1,Callpoint 8910,-32.0,online,2026-08-14 03:25:07.025000+00:00,2026-08-14 03:29:17.107000+00:00,ST_UKTK_159(20/1)_Kirkcaldy
VOCO_K102,0328E9CD0D,7.0,Fragrance,Callpoint 8910,-44.0,online,2026-08-14 03:17:26.653000+00:00,2026-08-14 03:29:17.107000+00:00,ST_UKTK_159(20/1)_Kirkcaldy
VOCO_K103,0328E40929,100.0,Click and Collect,Callpoint 8910,-34.0,online,2026-08-14 03:24:37.695000+00:00,2026-08-14 03:31:41.399000+00:00,ST_UKTK_162(23/03/02)_Craigavon
VOCO_K102,0328E87111,100.0,Sales floor,Callpoint 8910,-30.0,online,2026-08-14 03:19:19.498000+00:00,2026-08-14 03:32:44.075000+00:00,ST_UKTK_163(30/02/04)_Bradford
VOCO_K103,0328E86BBA,35.0,Fragrance,Callpoint 8910,-44.0,online,2026-08-14 03:30:21.993000+00:00,2026-08-14 03:32:44.075000+00:00,ST_UKTK_163(30/02/04)_Bradford
VOCO_K102,0328EA750C,0.0,Fragrance 3,Callpoint 8910,-44.0,online,2026-08-14 03:25:14.431000+00:00,2026-08-14 03:32:47.267000+00:00,ST_UKTK_164(23/03/04)_Hereford
VOCO_K104,0328EA73D2,11.0,Fragrance,Callpoint 8910,-52.0,online,2026-08-14 03:29:20.183000+00:00,2026-08-14 03:32:47.267000+00:00,ST_UKTK_164(23/03/04)_Hereford
VOCO_K101,0328D33B11,0.0,Sales Floor 1,Callpoint 8910,-50.0,online,2026-08-14 03:24:49.756000+00:00,2026-08-14 03:25:40.092000+00:00,ST_UKTK_165(15/2)_Coatbridge
VOCO_K102,0328E40728,95.0,Jewellery 1,Callpoint 8910,-40.0,offline,2026-08-13 13:44:05.985000+00:00,2026-08-14 03:25:40.092000+00:00,ST_UKTK_165(15/2)_Coatbridge
VOCO_K103,0328E9CE6C,73.0,Click and Collect,Callpoint 8910,-36.0,online,2026-08-14 03:17:42.821000+00:00,2026-08-14 03:25:40.092000+00:00,ST_UKTK_165(15/2)_Coatbridge
VOCO_K101,0328E88CB2,99.0,Click & Collect,Callpoint 8910,-62.0,online,2026-08-14 03:29:50.119000+00:00,2026-08-14 03:30:50.940000+00:00,ST_UKTK_167(20/1)_Warrington
VOCO_K102,0328EA13C8,71.0,Fragrance,Callpoint 8910,-62.0,online,2026-08-14 03:27:11.361000+00:00,2026-08-14 03:30:50.940000+00:00,ST_UKTK_167(20/1)_Warrington
VOCO_K101,0328E74299,71.0,Gold Label Handbags,Callpoint 8910,-54.0,online,2026-08-14 03:19:54.643000+00:00,2026-08-14 03:29:57.502000+00:00,ST_UKTK_168(48/4)_Kingston
VOCO_K102,0328E840A1,95.0,Click and collect,Callpoint 8910,-58.0,online,2026-08-14 03:28:57.361000+00:00,2026-08-14 03:29:57.502000+00:00,ST_UKTK_168(48/4)_Kingston
VOCO_K103,0328E88C66,98.0,Sales Floor 1,Callpoint 8910,-70.0,online,2026-08-14 03:23:37.877000+00:00,2026-08-14 03:29:57.502000+00:00,ST_UKTK_168(48/4)_Kingston
VOCO_K105,0328EA73F4,100.0,Fragrance,Callpoint 8910,-54.0,online,2026-08-14 03:18:00.158000+00:00,2026-08-14 03:29:57.502000+00:00,ST_UKTK_168(48/4)_Kingston
VOCO_K106,0328E86FA7,0.0,Click and Collect,Callpoint 8910,-64.0,offline,2026-08-14 02:06:01.963000+00:00,2026-08-14 03:29:57.502000+00:00,ST_UKTK_168(48/4)_Kingston
VOCO_K107,0328E74579,87.0,Sales Floor 2,Callpoint 8910,-72.0,offline,2026-08-13 20:16:29.695000+00:00,2026-08-14 03:29:57.502000+00:00,ST_UKTK_168(48/4)_Kingston
VOCO_K101,0328E9CEFA,100.0,Click and Collect,Callpoint 8910,-48.0,online,2026-08-14 03:26:06.669000+00:00,2026-08-14 03:32:31.954000+00:00,ST_UKTK_170(30/02/05)_Bletchley
VOCO_K101,0328D33A37,83.0,Sales Floor 1,Callpoint 8910,-48.0,online,2026-08-14 03:29:23.124000+00:00,2026-08-14 03:30:49.363000+00:00,ST_UKTK_174(20/01/02)_Andover
VOCO_K102,0328E7B8B0,32.0,Jewellery 1,Callpoint 8910,-50.0,online,2026-08-14 03:24:40.057000+00:00,2026-08-14 03:30:49.363000+00:00,ST_UKTK_174(20/01/02)_Andover
VOCO_K103,0328E7BE19,100.0,Fragrance,Callpoint 8910,-54.0,online,2026-08-14 03:24:09.480000+00:00,2026-08-14 03:30:49.363000+00:00,ST_UKTK_174(20/01/02)_Andover
VOCO_K102,0328E7BE08,100.0,Fragrance,Callpoint 8910,-36.0,online,2026-08-14 03:22:54.186000+00:00,2026-08-14 03:31:44.324000+00:00,ST_UKTK_175(20/01/03)_Coventry
VOCO_K101,0328EA138F,92.0,Fragrance 2,Callpoint 8910,-56.0,online,2026-08-14 03:23:24.665000+00:00,2026-08-14 03:29:51.377000+00:00,ST_UKTK_179(25/3)_Wolverhampton
VOCO_K106,0328E86FA4,73.0,Fragrance,Callpoint 8910,-52.0,online,2026-08-14 03:25:23.750000+00:00,2026-08-14 03:29:51.377000+00:00,ST_UKTK_179(25/3)_Wolverhampton
VOCO_K101,0328E9CD17,84.0,Click and Collect,Callpoint 8910,-34.0,online,2026-08-14 03:21:08.537000+00:00,2026-08-14 03:30:23.632000+00:00,ST_UKTK_180(20/2)_Worthing
VOCO_K101,0328E32155,100.0,Sales Floor 1,Callpoint 8910,-36.0,online,2026-08-14 03:24:21.823000+00:00,2026-08-14 03:28:09.222000+00:00,ST_UKTK_181(20/1/5)_Wakefield
VOCO_K101,0328E3285C,100.0,Sales Floor 1,Callpoint 8910,-36.0,online,2026-08-14 03:25:04.345000+00:00,2026-08-14 03:28:23.390000+00:00,ST_UKTK_185(20/1)_Torquay
VOCO_K102,0328E9CD2C,100.0,Fragrance,Callpoint 8910,-42.0,online,2026-08-14 03:27:03.386000+00:00,2026-08-14 03:28:23.390000+00:00,ST_UKTK_185(20/1)_Torquay
VOCO_K101,0328E9CF2F,68.0,Fragrance 1,Callpoint 8910,-32.0,online,2026-08-14 03:21:41.353000+00:00,2026-08-14 03:30:54.254000+00:00,ST_UKTK_186(20/02/03)_Inverness
VOCO_K101,0328E87004,100.0,Jewellery,Callpoint 8910,-56.0,online,2026-08-14 03:24:04.703000+00:00,2026-08-14 03:29:16.493000+00:00,ST_UKTK_187(23/03/02)_Bexleyheath
VOCO_K102,0328E7BD88,100.0,Fragrance,Callpoint 8910,-46.0,online,2026-08-14 03:29:11.330000+00:00,2026-08-14 03:29:16.493000+00:00,ST_UKTK_187(23/03/02)_Bexleyheath
VOCO_K103,0328E9CD5E,100.0,Handbags,Callpoint 8910,-42.0,online,2026-08-14 03:16:29.031000+00:00,2026-08-14 03:29:16.493000+00:00,ST_UKTK_187(23/03/02)_Bexleyheath
VOCO_K104,0328E9CD4D,100.0,Handbags,Callpoint 8910,-50.0,online,2026-08-14 03:15:42.309000+00:00,2026-08-14 03:29:16.493000+00:00,ST_UKTK_187(23/03/02)_Bexleyheath
VOCO_K105,0328D33849,100.0,Click and Collect,Callpoint 8910,-44.0,online,2026-08-14 03:23:37.188000+00:00,2026-08-14 03:29:16.493000+00:00,ST_UKTK_187(23/03/02)_Bexleyheath
VOCO_K103,0328E9CF24,83.0,Fragrance,Callpoint 8910,-56.0,online,2026-08-14 03:28:20.643000+00:00,2026-08-14 03:31:07.727000+00:00,ST_UKTK_188(20/2/4)_Birkenhead
VOCO_K101,0328E9CF2C,0.0,Fragrance,Callpoint 8910,-40.0,offline,2026-08-13 05:13:58.075000+00:00,2026-08-14 03:31:04.800000+00:00,ST_UKTK_189(15/1)_Runcorn
VOCO_K102,0328E9CD0B,10.0,Fragrance,Callpoint 8910,-34.0,online,2026-08-14 03:21:51.959000+00:00,2026-08-14 03:29:25.256000+00:00,ST_UKTK_194(20/01/03)_Perth
VOCO_K101,0328E9CC40,100.0,Click & Collect ,Callpoint 8910,-36.0,online,2026-08-14 03:21:21.688000+00:00,2026-08-14 03:32:38.807000+00:00,ST_UKTK_195(23/03/02)_Chilwell
VOCO_K102,0328E9CC41,53.0,Fragrance,Callpoint 8910,-48.0,online,2026-08-14 03:18:06.450000+00:00,2026-08-14 03:32:38.807000+00:00,ST_UKTK_195(23/03/02)_Chilwell
VOCO_K103,0328E9CDED,14.0,Click and collect 2,Callpoint 8910,-26.0,online,2026-08-14 03:31:22.555000+00:00,2026-08-14 03:32:38.807000+00:00,ST_UKTK_195(23/03/02)_Chilwell
VOCO_K103,0328E86FB3,0.0,jewellery,Callpoint 8910,-30.0,online,2026-08-14 03:21:55.449000+00:00,2026-08-14 03:29:33.679000+00:00,ST_UKTK_196(23/3)_Colchester
VOCO_K104,0328E9CBEA,72.0,Handbags,Callpoint 8910,-34.0,online,2026-08-14 03:27:09.154000+00:00,2026-08-14 03:29:33.679000+00:00,ST_UKTK_196(23/3)_Colchester
VOCO_K105,0328E9CD41,100.0,Fragrance,Callpoint 8910,-46.0,online,2026-08-14 03:20:11.246000+00:00,2026-08-14 03:29:33.679000+00:00,ST_UKTK_196(23/3)_Colchester
VOCO_K101,0328D3382B,47.0,Fragrance,Callpoint 8910,-54.0,online,2026-08-14 03:27:58.402000+00:00,2026-08-14 03:29:41.444000+00:00,ST_UKTK_197(25/1)_Blackpool
VOCO_K103,0328EA139C,34.0,Fragrance ,Callpoint 8910,-46.0,online,2026-08-14 03:22:08.939000+00:00,2026-08-14 03:32:18.828000+00:00,ST_UKTK_199(20/01/03)_Grimsby
VOCO_K104,0328E9CCCB,15.0,Click and collect,Callpoint 8910,-38.0,online,2026-08-14 03:31:48.095000+00:00,2026-08-14 03:32:18.828000+00:00,ST_UKTK_199(20/01/03)_Grimsby
VOCO_K101,0328E7B9C8,1.0,Sales Floor 1,Callpoint 8910,-42.0,online,2026-08-14 03:31:40.114000+00:00,2026-08-14 03:31:41.650000+00:00,ST_UKTK_200(20/01/03)_Rochdale
VOCO_K101,0328DEFF31,89.0,Click & Collect,Callpoint 8910,-44.0,online,2026-08-14 03:24:37.734000+00:00,2026-08-14 03:28:10.976000+00:00,ST_UKTK_201(20/1)_Aberdeen
VOCO_K102,0328EA76AA,99.0,Fragrance,Callpoint 8910,-58.0,offline,2026-08-13 14:56:40.022000+00:00,2026-08-14 03:28:10.976000+00:00,ST_UKTK_201(20/1)_Aberdeen
VOCO_K101,0328E3250E,92.0,Click & Collect,Callpoint 8910,-34.0,online,2026-08-14 03:19:00.987000+00:00,2026-08-14 03:32:31.190000+00:00,ST_UKTK_202(20/03/03)_Burnley
VOCO_K104,0328E9CE41,42.0,Fragrance,Callpoint 8910,-44.0,online,2026-08-14 03:26:56.374000+00:00,2026-08-14 03:32:31.190000+00:00,ST_UKTK_202(20/03/03)_Burnley
VOCO_K107,0328EA649A,12.0,Gold Label Handbags,Callpoint 8910,-46.0,online,2026-08-14 03:21:27.651000+00:00,2026-08-14 03:32:33.446000+00:00,ST_UKTK_203(30/01/03)_Cheadle
VOCO_K109,0328EA6462,19.0,Fragrance,Callpoint 8910,-64.0,online,2026-08-14 03:18:24.021000+00:00,2026-08-14 03:32:33.446000+00:00,ST_UKTK_203(30/01/03)_Cheadle
VOCO_K102,0328E9CD71,86.0,Fragrance,Callpoint 8910,-34.0,online,2026-08-14 03:25:42.013000+00:00,2026-08-14 03:31:36.382000+00:00,ST_UKTK_204(20/01/03)_Kilmarnock
VOCO_K103,0328EA10FC,100.0,Click and Collect 1,Callpoint 8910,-28.0,online,2026-08-14 03:17:24.719000+00:00,2026-08-14 03:31:36.382000+00:00,ST_UKTK_204(20/01/03)_Kilmarnock
VOCO_K101,0328E9CE43,100.0,Fragrance,Callpoint 8910,-38.0,online,2026-08-14 03:15:10.146000+00:00,2026-08-14 03:29:01.948000+00:00,ST_UKTK_205(23/03/02)_Newry
VOCO_K104,0328E7B765,9.0,Jewellery 2,Callpoint 8910,-48.0,online,2026-08-14 03:27:03.375000+00:00,2026-08-14 03:29:01.948000+00:00,ST_UKTK_205(23/03/02)_Newry
VOCO_K101,0328E871D7,63.0,Fragrance,Callpoint 8910,-34.0,online,2026-08-14 03:29:33.167000+00:00,2026-08-14 03:30:41.184000+00:00,ST_UKTK_207(20/3)_Selly Oak
VOCO_K103,0328E7BDF0,100.0,Click and Collect,Callpoint 8910,-50.0,online,2026-08-14 03:29:55.646000+00:00,2026-08-14 03:30:41.184000+00:00,ST_UKTK_207(20/3)_Selly Oak
VOCO_K104,0328E9CE26,71.0,Fragrance,Callpoint 8910,-30.0,offline,2026-08-13 18:29:48.554000+00:00,2026-08-14 03:30:41.184000+00:00,ST_UKTK_207(20/3)_Selly Oak
VOCO_K106,0328E8919F,100.0,Click and Collect,Callpoint 8910,-50.0,online,2026-08-14 03:22:06.483000+00:00,2026-08-14 03:30:41.184000+00:00,ST_UKTK_207(20/3)_Selly Oak
VOCO_K101,0328EA73FF,95.0,Click and Collect 1,Callpoint 8910,-48.0,online,2026-08-14 03:25:58.317000+00:00,2026-08-14 03:29:49.012000+00:00,ST_UKTK_208(20/2)_St Helens
VOCO_K102,0328E7B759,100.0,Sales Floor 2,Callpoint 8910,-48.0,online,2026-08-14 03:17:32.091000+00:00,2026-08-14 03:29:49.012000+00:00,ST_UKTK_208(20/2)_St Helens
VOCO_K101,02EB63CF29,100.0,Click and Collect,Callpoint 8910,-40.0,online,2026-08-14 03:17:44.658000+00:00,2026-08-14 03:30:02.997000+00:00,ST_UKTK_209(35/3/9)_Swindon
VOCO_K105,0328E9CD04,85.0,Jewellery 2,Callpoint 8910,-34.0,online,2026-08-13 08:17:07.277000+00:00,2026-08-14 03:30:02.997000+00:00,ST_UKTK_209(35/3/9)_Swindon
VOCO_K101,02EB63D127,44.0,Sales Floor 1,Callpoint 8910,-48.0,online,2026-08-14 04:05:41.154000+00:00,2026-08-14 03:31:12.455000+00:00,ST_UKTK_210(23/03/02)_Epsom
VOCO_K102,02EB63D38B,32.0,Jewellery 1,Callpoint 8910,-66.0,online,2026-08-14 04:03:26.551000+00:00,2026-08-14 03:31:12.455000+00:00,ST_UKTK_210(23/03/02)_Epsom
VOCO_K101,0328D84284,100.0,Sales Floor 1,Callpoint 8910,-26.0,online,2026-08-14 03:19:32.582000+00:00,2026-08-14 03:29:55.867000+00:00,ST_UKTK_213(23/03/04)_Waterlooville
VOCO_K102,0328EA13CE,100.0,Fragrance,Callpoint 8910,-24.0,online,2026-08-14 03:21:34.785000+00:00,2026-08-14 03:29:55.867000+00:00,ST_UKTK_213(23/03/04)_Waterlooville
VOCO_K103,0328DEFE8C,100.0,click and collect,Callpoint 8910,-28.0,online,2026-08-14 03:18:08.707000+00:00,2026-08-14 03:29:55.867000+00:00,ST_UKTK_213(23/03/04)_Waterlooville
VOCO_K104,0328E9CE47,100.0,Jewellery 1,Callpoint 8910,-28.0,online,2026-08-14 03:18:27.273000+00:00,2026-08-14 03:29:55.867000+00:00,ST_UKTK_213(23/03/04)_Waterlooville
VOCO_K102,0328E871E3,32.0,Click and Collect,Callpoint 8910,-42.0,online,2026-08-14 03:20:22.561000+00:00,2026-08-14 03:30:23.020000+00:00,ST_UKTK_214(23/03/02)_Doncaster
VOCO_K101,0328D3380D,0.0,Sales Floor 1,Callpoint 8910,-36.0,online,2026-08-14 03:28:42.964000+00:00,2026-08-14 03:32:17.325000+00:00,ST_UKTK_215(20/1)_Scunthorpe
VOCO_K102,0328E9CEA6,61.0,Fragrance,Callpoint 8910,-36.0,online,2026-08-14 03:30:53.342000+00:00,2026-08-14 03:32:17.325000+00:00,ST_UKTK_215(20/1)_Scunthorpe
VOCO_K101,0328D342D8,8.0,Sales Floor 1,Callpoint 8910,-44.0,online,2026-08-14 03:28:30.830000+00:00,2026-08-14 03:30:55.685000+00:00,ST_UKTK_216(25/02/06)_Huddersfield
VOCO_K102,0328E9CF25,100.0,Fragrance,Callpoint 8910,-46.0,online,2026-08-14 03:18:03.909000+00:00,2026-08-14 03:30:55.685000+00:00,ST_UKTK_216(25/02/06)_Huddersfield
VOCO_K101,0328E0F717,95.0,Click and Collect,Callpoint 8910,-50.0,online,2026-08-14 03:26:26.480000+00:00,2026-08-14 03:32:43.757000+00:00,ST_UKTK_218(25/1)_Chester
VOCO_K102,0328E84297,100.0,Handbags 1,Callpoint 8910,-52.0,online,2026-08-14 03:32:26.762000+00:00,2026-08-14 03:32:43.757000+00:00,ST_UKTK_218(25/1)_Chester
VOCO_K105,0328E843CB,98.0,Handbags 4,Callpoint 8910,-50.0,online,2026-08-14 03:24:42.700000+00:00,2026-08-14 03:32:43.757000+00:00,ST_UKTK_218(25/1)_Chester
VOCO_K106,0328E7BD9E,95.0,Fragrance,Callpoint 8910,-52.0,online,2026-08-14 03:24:46.551000+00:00,2026-08-14 03:32:43.757000+00:00,ST_UKTK_218(25/1)_Chester
VOCO_K107,0328EA1093,94.0,Fragrance,Callpoint 8910,-52.0,offline,2026-08-13 08:08:54.500000+00:00,2026-08-14 03:32:43.757000+00:00,ST_UKTK_218(25/1)_Chester
VOCO_K101,0328E834A1,48.0,Fragrance 1,Callpoint 8910,-54.0,online,2026-08-14 03:24:24.301000+00:00,2026-08-14 03:28:28.937000+00:00,ST_UKTK_219(20/3)_Solihull Sears
VOCO_K101,0328D2FBB6,95.0,Sales Floor 1,Callpoint 8910,-40.0,online,2026-08-14 03:17:11.702000+00:00,2026-08-14 03:28:25.631000+00:00,ST_UKTK_220(20/3)_Mansfield
VOCO_K102,0328E8708B,55.0,Fragrance,Callpoint 8910,-44.0,online,2026-08-14 03:23:05.510000+00:00,2026-08-14 03:28:25.631000+00:00,ST_UKTK_220(20/3)_Mansfield
VOCO_K103,0328D2FAEB,94.0,Click and Collect,Callpoint 8910,-46.0,online,2026-08-14 03:15:19.653000+00:00,2026-08-14 03:28:25.631000+00:00,ST_UKTK_220(20/3)_Mansfield
VOCO_K106,0328E87069,30.0,Sales Floor,Callpoint 8910,-40.0,online,2026-08-14 03:23:22.054000+00:00,2026-08-14 03:28:25.631000+00:00,ST_UKTK_220(20/3)_Mansfield
VOCO_K101,0328E406C7,100.0,Sales Floor 1,Callpoint 8910,-36.0,online,2026-08-14 03:18:26.441000+00:00,2026-08-14 03:28:27.787000+00:00,ST_UKTK_221(25/04/04)_Straiton
VOCO_K102,0328E407B0,68.0,Jewellery 1,Callpoint 8910,-38.0,online,2026-08-14 03:23:47.106000+00:00,2026-08-14 03:28:27.787000+00:00,ST_UKTK_221(25/04/04)_Straiton
VOCO_K103,0328EA138D,95.0,Fragrance,Callpoint 8910,-36.0,online,2026-08-14 03:18:49.423000+00:00,2026-08-14 03:28:27.787000+00:00,ST_UKTK_221(25/04/04)_Straiton
VOCO_K101,0328E7B79A,100.0,Sales Floor 1,Callpoint 8910,-32.0,online,2026-08-14 03:18:36.089000+00:00,2026-08-14 03:29:32.633000+00:00,ST_UKTK_223(20/1)_Rotherham (NEW)
VOCO_K102,0328EA13AF,5.0,Fragrance,Callpoint 8910,-28.0,online,2026-08-14 03:16:19.087000+00:00,2026-08-14 03:29:32.633000+00:00,ST_UKTK_223(20/1)_Rotherham (NEW)
VOCO_K101,0328E87016,100.0,Click and Collect 1,Callpoint 8910,-60.0,online,2026-08-14 03:27:57.564000+00:00,2026-08-14 03:31:11.393000+00:00,ST_UKTK_225(20/2)_Truro
VOCO_K102,0328E871C6,100.0,Click and Collect 2,Callpoint 8910,-60.0,online,2026-08-14 03:28:09.104000+00:00,2026-08-14 03:31:11.393000+00:00,ST_UKTK_225(20/2)_Truro
VOCO_K103,0328E86FC7,100.0,Jewellery 1,Callpoint 8910,-54.0,online,2026-08-14 03:23:45.344000+00:00,2026-08-14 03:31:11.393000+00:00,ST_UKTK_225(20/2)_Truro
VOCO_K104,0328E9CD06,5.0,Fragrance,Callpoint 8910,-54.0,online,2026-08-14 03:17:45.699000+00:00,2026-08-14 03:31:11.393000+00:00,ST_UKTK_225(20/2)_Truro
VOCO_K101,0328D339AC,9.0,Sales Floor 1,Callpoint 8910,-34.0,offline,2026-08-13 17:31:31.328000+00:00,2026-08-14 03:28:36.399000+00:00,ST_UKTK_228(20/1)_Dumfries
VOCO_K102,0328E9CEBF,40.0,Fragrance,Callpoint 8910,-42.0,online,2026-08-14 03:22:31.046000+00:00,2026-08-14 03:28:36.399000+00:00,ST_UKTK_228(20/1)_Dumfries
VOCO_K101,0328E89249,95.0,fitting rooms,Callpoint 8910,-42.0,online,2026-08-14 03:16:57.415000+00:00,2026-08-14 03:29:39.358000+00:00,ST_UKTK_229(20/2)_Bangor
VOCO_K102,0328E89242,100.0,Click and Collect,Callpoint 8910,-46.0,online,2026-08-14 03:19:05.378000+00:00,2026-08-14 03:29:39.358000+00:00,ST_UKTK_229(20/2)_Bangor
VOCO_K102,0328E9CD21,95.0,Click and Collect,Callpoint 8910,-42.0,online,2026-08-14 03:17:53.324000+00:00,2026-08-14 03:31:43.869000+00:00,ST_UKTK_230(30/02/03)_Exeter
VOCO_K103,0328E9CD15,84.0, Fragrance 1,Callpoint 8910,-40.0,online,2026-08-14 03:17:51.610000+00:00,2026-08-14 03:31:43.869000+00:00,ST_UKTK_230(30/02/03)_Exeter
VOCO_K105,0328E9CEEC,3.0,Click and Collect,Callpoint 8910,-36.0,offline,2026-08-13 13:59:19.681000+00:00,2026-08-14 03:28:19.718000+00:00,ST_UKTK_231(23/03/04)_Rugby
VOCO_K106,0328E9CEFD,14.0,Jewellery,Callpoint 8910,-38.0,online,2026-08-14 03:13:32.285000+00:00,2026-08-14 03:28:19.718000+00:00,ST_UKTK_231(23/03/04)_Rugby
VOCO_K101,0328E32555,60.0,Sales Floor 1,Callpoint 8910,-38.0,online,2026-08-14 03:29:27.570000+00:00,2026-08-14 03:32:17.954000+00:00,ST_UKTK_233(20/1)_Canterbury
VOCO_K105,0328E9CE14,89.0,Click and Collect,Callpoint 8910,-44.0,online,2026-08-14 03:28:02.846000+00:00,2026-08-14 03:32:38.448000+00:00,ST_UKTK_235(20/3)_East Kilbride
VOCO_K102,0328E86F99,100.0,Click and Collect 1,Callpoint 8910,-50.0,online,2026-08-14 03:22:12.879000+00:00,2026-08-14 03:32:36.403000+00:00,ST_UKTK_236(20/3)_Trafford Park
VOCO_K105,0328E86CD4,100.0,Fragrance 2,Callpoint 8910,-44.0,online,2026-08-14 03:22:49.215000+00:00,2026-08-14 03:32:36.403000+00:00,ST_UKTK_236(20/3)_Trafford Park
VOCO_K102,0328EA10EA,100.0,Fragrance,Callpoint 8910,-46.0,online,2026-08-14 03:27:37.745000+00:00,2026-08-14 03:32:18.428000+00:00,ST_UKTK_237(20/2/2)_Newport
VOCO_K104,0328EA11EB,83.0,Click and Collect,Callpoint 8910,-38.0,online,2026-08-14 03:24:40.978000+00:00,2026-08-14 03:28:09.482000+00:00,ST_UKTK_240(20/2)_Ashford
VOCO_K101,0328EA76B2,20.0,Fragrance,Callpoint 8910,-30.0,online,2026-08-14 03:17:14.728000+00:00,2026-08-14 03:29:49.464000+00:00,ST_UKTK_241(23/03/04)_Boucher Rd
VOCO_K102,0328EA7413,24.0,Click and collect,Callpoint 8910,-34.0,online,2026-08-14 03:27:04.254000+00:00,2026-08-14 03:29:49.464000+00:00,ST_UKTK_241(23/03/04)_Boucher Rd
VOCO_K103,02EB63D37B,100.0,Click and Collect,Callpoint 8910,-42.0,offline,2026-08-13 09:22:18.282000+00:00,2026-08-14 03:29:49.464000+00:00,ST_UKTK_241(23/03/04)_Boucher Rd
VOCO_K102,0328E9CE38,1.0,Click and Collect 1,Callpoint 8910,-42.0,online,2026-08-14 03:20:31.120000+00:00,2026-08-14 03:29:30.775000+00:00,ST_UKTK_242(25/2)_Bristol Cribbs Causeway
VOCO_K104,0328E7436C,67.0,Fragrance 1,Callpoint 8910,-24.0,online,2026-08-14 03:28:00.338000+00:00,2026-08-14 03:29:30.775000+00:00,ST_UKTK_242(25/2)_Bristol Cribbs Causeway
VOCO_K101,0328E86DBE,88.0,Click and Collect,Callpoint 8910,-50.0,online,2026-08-14 03:24:29.152000+00:00,2026-08-14 03:29:43.543000+00:00,ST_UKTK_243(25/2)_Chelmsford
VOCO_K101,0328EA13B3,45.0,Fragrance,Callpoint 8910,-52.0,online,2026-08-14 03:30:48.981000+00:00,2026-08-14 03:31:28.573000+00:00,ST_UKTK_245(20/1)_Loughborough
VOCO_K102,0328E32559,0.0,Jewellery 1,Callpoint 8910,-46.0,offline,2026-08-13 17:57:53.147000+00:00,2026-08-14 03:31:28.573000+00:00,ST_UKTK_245(20/1)_Loughborough
VOCO_K101,0328E7B6D5,95.0,Fragrance 1,Callpoint 8910,-38.0,offline,2026-08-13 19:52:04.075000+00:00,2026-08-14 03:29:03.711000+00:00,ST_UKTK_246(28/03/02)_Northampton_2
VOCO_K102,0328E9CDD5,100.0,Fragrance 2,Callpoint 8910,-40.0,online,2026-08-14 03:27:47.280000+00:00,2026-08-14 03:29:03.711000+00:00,ST_UKTK_246(28/03/02)_Northampton_2
VOCO_K105,0328E84047,100.0,Jewellery,Callpoint 8910,-48.0,online,2026-08-14 03:24:41.674000+00:00,2026-08-14 03:29:03.711000+00:00,ST_UKTK_246(28/03/02)_Northampton_2
VOCO_K101,0328E9CEA7,100.0,Click & Collect,Callpoint 8910,-30.0,online,2026-08-14 03:25:44.004000+00:00,2026-08-14 03:30:53.933000+00:00,ST_UKTK_247(20/02/03)_Scarborough
VOCO_K103,0328EA7447,100.0,Fragrance 1,Callpoint 8910,-24.0,online,2026-08-14 03:22:31.372000+00:00,2026-08-14 03:30:53.933000+00:00,ST_UKTK_247(20/02/03)_Scarborough
VOCO_K101,0328E9CCE2,100.0,Click and collect 1,Callpoint 8910,-34.0,online,2026-08-14 03:28:54.206000+00:00,2026-08-14 03:30:43.516000+00:00,ST_UKTK_250(20/3)_Norwich
VOCO_K102,0328E9CD99,100.0,Click and collect 2,Callpoint 8910,-24.0,online,2026-08-14 03:16:28.608000+00:00,2026-08-14 03:30:43.516000+00:00,ST_UKTK_250(20/3)_Norwich
VOCO_K103,0328E9CC3E,100.0,jewellery,Callpoint 8910,-24.0,online,2026-08-14 03:25:31.942000+00:00,2026-08-14 03:30:43.516000+00:00,ST_UKTK_250(20/3)_Norwich
VOCO_K104,0328E9CCE0,77.0,Jewellery 2,Callpoint 8910,-40.0,online,2026-08-14 03:29:49.908000+00:00,2026-08-14 03:30:43.516000+00:00,ST_UKTK_250(20/3)_Norwich
VOCO_K101,0328D337C7,9.0,Sales Floor 1,Callpoint 8910,-32.0,online,2026-08-14 03:27:33.809000+00:00,2026-08-14 03:28:45.155000+00:00,ST_UKTK_251(20/1)_Craigleith
VOCO_K103,0328E8411E,100.0,Click & Collect,Callpoint 8910,-48.0,online,2026-08-14 03:29:31.552000+00:00,2026-08-14 03:31:17.557000+00:00,ST_UKTK_252(20/2)_Sutton Coldfield
VOCO_K104,0328E8410A,100.0,Assistance Required,Callpoint 8910,-50.0,online,2026-08-14 03:19:19.110000+00:00,2026-08-14 03:31:17.557000+00:00,ST_UKTK_252(20/2)_Sutton Coldfield
VOCO_K105,0328D3392B,100.0,Assistance Required,Callpoint 8910,-48.0,online,2026-08-14 03:25:15.581000+00:00,2026-08-14 03:31:17.557000+00:00,ST_UKTK_252(20/2)_Sutton Coldfield
VOCO_K106,0328E9CEB4,85.0,Fragrance,Callpoint 8910,-46.0,online,2026-08-14 03:29:14.929000+00:00,2026-08-14 03:31:17.557000+00:00,ST_UKTK_252(20/2)_Sutton Coldfield
VOCO_K101,0328E0F79D,0.0,Sales Floor 1,Callpoint 8910,-30.0,online,2026-08-14 03:26:47.259000+00:00,2026-08-14 03:31:33.956000+00:00,ST_UKTK_254(23/3)_Harlow
VOCO_K102,02EB63D1CA,100.0,Mens Outerwear 2 ,Callpoint 8910,-26.0,online,2026-08-14 03:17:39.916000+00:00,2026-08-14 03:31:33.956000+00:00,ST_UKTK_254(23/3)_Harlow
VOCO_K103,0328E7BB16,100.0,Mens Outerwear,Callpoint 8910,-28.0,offline,2026-08-13 18:41:05.564000+00:00,2026-08-14 03:31:33.956000+00:00,ST_UKTK_254(23/3)_Harlow
VOCO_K104,02EB63D1DB,95.0,Jewellery 2,Callpoint 8910,-30.0,offline,2026-08-14 03:29:12.689000+00:00,2026-08-14 03:31:33.956000+00:00,ST_UKTK_254(23/3)_Harlow
VOCO_K105,0328E7B6A3,1.0,Jewellery,Callpoint 8910,-32.0,online,2026-08-14 03:27:53.765000+00:00,2026-08-14 03:31:33.956000+00:00,ST_UKTK_254(23/3)_Harlow
VOCO_K106,0328E7B920,81.0,Sales Floor 2,Callpoint 8910,-46.0,online,2026-08-14 03:30:26.046000+00:00,2026-08-14 03:31:33.956000+00:00,ST_UKTK_254(23/3)_Harlow
VOCO_K101,0328E8707E,100.0,Jewellery,Callpoint 8910,-64.0,online,2026-08-14 03:22:49.021000+00:00,2026-08-14 03:29:49.982000+00:00,ST_UKTK_255(25/03/04)_Sutton
VOCO_K103,0328E87132,62.0,Click and Collect,Callpoint 8910,-26.0,online,2026-08-14 03:16:03.734000+00:00,2026-08-14 03:29:49.982000+00:00,ST_UKTK_255(25/03/04)_Sutton
VOCO_K101,0328E74324,78.0,Fragrance 1,Callpoint 8910,-42.0,online,2026-08-14 03:17:25.461000+00:00,2026-08-14 03:29:38.194000+00:00,ST_UKTK_257(23/03/04)_Denton
VOCO_K102,0328E86F95,100.0,Jewellery,Callpoint 8910,-40.0,online,2026-08-14 03:19:04.062000+00:00,2026-08-14 03:29:38.194000+00:00,ST_UKTK_257(23/03/04)_Denton
VOCO_K103,0328E742A3,94.0,click and collect,Callpoint 8910,-28.0,online,2026-08-14 03:18:01.949000+00:00,2026-08-14 03:29:38.194000+00:00,ST_UKTK_257(23/03/04)_Denton
VOCO_K105,0328E74313,97.0,Fragrance 2,Callpoint 8910,-26.0,online,2026-08-14 03:18:41.584000+00:00,2026-08-14 03:29:38.194000+00:00,ST_UKTK_257(23/03/04)_Denton
VOCO_K106,0328E893C7,100.0,Click and Collect 2,Callpoint 8910,-48.0,online,2026-08-14 03:19:52.675000+00:00,2026-08-14 03:29:38.194000+00:00,ST_UKTK_257(23/03/04)_Denton
VOCO_K101,0328E7B840,0.0,Click & Collect ,Callpoint 8910,-34.0,online,2026-08-14 03:17:26.363000+00:00,2026-08-14 03:28:14.593000+00:00,ST_UKTK_258(20/1)_Ballymena
VOCO_K102,0328E9CE1E,99.0,Fragrance,Callpoint 8910,-38.0,online,2026-08-14 03:19:18.434000+00:00,2026-08-14 03:28:14.593000+00:00,ST_UKTK_258(20/1)_Ballymena
VOCO_K101,0328D343E9,94.0,Fragrance,Callpoint 8910,-36.0,offline,2026-08-13 06:30:41.307000+00:00,2026-08-14 03:27:51.786000+00:00,ST_UKTK_260(25/1)_Bedford Interchange Retail Park
VOCO_K102,0328E8429A,95.0,Handbags 1,Callpoint 8910,-38.0,offline,2026-08-13 15:16:03.454000+00:00,2026-08-14 03:27:51.786000+00:00,ST_UKTK_260(25/1)_Bedford Interchange Retail Park
VOCO_K104,0328E843B3,6.0,Handbags 2,Callpoint 8910,-42.0,online,2026-08-14 03:19:14.001000+00:00,2026-08-14 03:27:51.786000+00:00,ST_UKTK_260(25/1)_Bedford Interchange Retail Park
VOCO_K105,0328E843CF,100.0,Handbags,Callpoint 8910,-36.0,online,2026-08-14 03:15:41.445000+00:00,2026-08-14 03:27:51.786000+00:00,ST_UKTK_260(25/1)_Bedford Interchange Retail Park
VOCO_K102,0328E7B6C2,69.0,sales_floor 1,Callpoint 8910,-44.0,online,2026-08-14 03:24:46.888000+00:00,2026-08-14 03:27:58.035000+00:00,ST_UKTK_261(23/3)_Aylesbury_old
VOCO_K104,0328E320EE,10.0,Knife Cabinet,Callpoint 8910,-48.0,online,2026-08-14 03:24:41.233000+00:00,2026-08-14 03:27:58.035000+00:00,ST_UKTK_261(23/3)_Aylesbury_old
VOCO_K105,0328E9CE1A,4.0,Fragrance,Callpoint 8910,-46.0,online,2026-08-14 03:22:12.662000+00:00,2026-08-14 03:27:58.035000+00:00,ST_UKTK_261(23/3)_Aylesbury_old
VOCO_K101,0328EA65D5,39.0,click and collect ,Callpoint 8910,-42.0,online,2026-08-14 03:28:23.960000+00:00,2026-08-14 03:32:28.968000+00:00,ST_UKTK_263(30/02/04)_Glasgow Fort
VOCO_K102,0328E7BB36,89.0,Jewellery 1,Callpoint 8910,-42.0,online,2026-08-14 03:32:17.271000+00:00,2026-08-14 03:32:28.968000+00:00,ST_UKTK_263(30/02/04)_Glasgow Fort
VOCO_K103,0328E405B0,75.0,Fragrance,Callpoint 8910,-46.0,online,2026-08-14 03:27:54.731000+00:00,2026-08-14 03:32:28.968000+00:00,ST_UKTK_263(30/02/04)_Glasgow Fort
VOCO_K103,0328EA645D,98.0,Click and Collect ,Callpoint 8910,-44.0,online,2026-08-14 03:29:02.234000+00:00,2026-08-14 03:32:46.188000+00:00,ST_UKTK_264(20/1)_Crystal Peaks
VOCO_K102,0328E742B0,68.0,Click and Collect,Callpoint 8910,-42.0,online,2026-08-14 03:27:55.170000+00:00,2026-08-14 03:32:20.397000+00:00,ST_UKTK_267(25/02/03)_Swansea Morfa
VOCO_K101,0328E74321,95.0,Sales Floor 1,Callpoint 8910,-56.0,online,2026-08-14 03:22:15.348000+00:00,2026-08-14 03:32:07.677000+00:00,ST_UKTK_269(20/01/03)_Elgin
VOCO_K102,0328E7BB43,0.0,Fragrance,Callpoint 8910,-42.0,online,2026-08-14 03:31:01.613000+00:00,2026-08-14 03:32:07.677000+00:00,ST_UKTK_269(20/01/03)_Elgin
VOCO_K101,0328E4077D,100.0,sales floor 2,Callpoint 8910,-36.0,online,2026-08-14 03:16:47.704000+00:00,2026-08-14 03:28:11.032000+00:00,ST_UKTK_271(23/03/04)_Manchester The Fort
VOCO_K102,0328DABB8B,100.0,Jewellery,Callpoint 8910,-38.0,online,2026-08-14 03:28:04.208000+00:00,2026-08-14 03:28:11.032000+00:00,ST_UKTK_271(23/03/04)_Manchester The Fort
VOCO_K103,0328E86CA5,100.0,Fragrance,Callpoint 8910,-34.0,online,2026-08-14 03:23:53.371000+00:00,2026-08-14 03:28:11.032000+00:00,ST_UKTK_271(23/03/04)_Manchester The Fort
VOCO_K104,0328E9CDA6,0.0,Handbags,Callpoint 8910,-40.0,offline,2026-08-13 08:35:08.685000+00:00,2026-08-14 03:28:11.032000+00:00,ST_UKTK_271(23/03/04)_Manchester The Fort
VOCO_K105,0328E4077C,100.0,Click and Collect,Callpoint 8910,-32.0,online,2026-08-14 03:17:42.867000+00:00,2026-08-14 03:28:11.032000+00:00,ST_UKTK_271(23/03/04)_Manchester The Fort
VOCO_K106,0328E9CC05,100.0,Handbags 2,Callpoint 8910,-36.0,online,2026-08-14 03:23:12.996000+00:00,2026-08-14 03:28:11.032000+00:00,ST_UKTK_271(23/03/04)_Manchester The Fort
VOCO_K101,0328E86CCE,100.0,Fragrance,Callpoint 8910,-66.0,online,2026-08-14 03:26:49.611000+00:00,2026-08-14 03:32:01.102000+00:00,ST_UKTK_272(20/3)_Dartford
VOCO_K102,0328E8701E,100.0,Click and Collect,Callpoint 8910,-60.0,online,2026-08-14 03:17:31.491000+00:00,2026-08-14 03:32:01.102000+00:00,ST_UKTK_272(20/3)_Dartford
VOCO_K101,0328E9CC7E,90.0,Fragrance 2,Callpoint 8910,-36.0,online,2026-08-14 03:26:09.639000+00:00,2026-08-14 03:32:03.021000+00:00,ST_UKTK_274(35/06/04)_Brent Cross -2
VOCO_K102,0328D2FBCC,43.0,Fragrance,Callpoint 8910,-38.0,online,2026-08-13 20:10:52.237000+00:00,2026-08-14 03:32:03.021000+00:00,ST_UKTK_274(35/06/04)_Brent Cross -2
VOCO_K103,0328E7B83D,100.0,Click and Collect,Callpoint 8910,-38.0,online,2026-08-14 03:26:16.173000+00:00,2026-08-14 03:32:03.021000+00:00,ST_UKTK_274(35/06/04)_Brent Cross -2
VOCO_K104,0328E84324,100.0,Jewellery,Callpoint 8910,-36.0,online,2026-08-14 03:30:20.507000+00:00,2026-08-14 03:32:03.021000+00:00,ST_UKTK_274(35/06/04)_Brent Cross -2
VOCO_K105,0328E9CD14,100.0,Gold Label,Callpoint 8910,-36.0,online,2026-08-14 03:30:08.345000+00:00,2026-08-14 03:32:03.021000+00:00,ST_UKTK_274(35/06/04)_Brent Cross -2
VOCO_K106,0328E9CEC6,100.0,Mens gold label,Callpoint 8910,-44.0,online,2026-08-14 03:22:16.143000+00:00,2026-08-14 03:32:03.021000+00:00,ST_UKTK_274(35/06/04)_Brent Cross -2
VOCO_K107,0328EA1168,100.0,Womens Outerwear,Callpoint 8910,-42.0,offline,2026-08-13 22:52:05.448000+00:00,2026-08-14 03:32:03.021000+00:00,ST_UKTK_274(35/06/04)_Brent Cross -2
VOCO_K110,0328EA119D,98.0,mens jackets ,Callpoint 8910,-38.0,online,2026-08-14 03:23:18.165000+00:00,2026-08-14 03:32:03.021000+00:00,ST_UKTK_274(35/06/04)_Brent Cross -2
VOCO_K104,0328E8707B,6.0,Sales Floor 1,Callpoint 8910,-40.0,offline,2026-08-13 13:04:32.324000+00:00,2026-08-14 03:30:44.090000+00:00,ST_UKTK_280(20/01/03)_Halifax -1
VOCO_K105,0328E9CE6E,27.0,Fragrance,Callpoint 8910,-52.0,online,2026-08-14 03:18:17.228000+00:00,2026-08-14 03:30:44.090000+00:00,ST_UKTK_280(20/01/03)_Halifax -1
VOCO_K102,0328E9CF15,14.0,Fragrance 1,Callpoint 8910,-46.0,online,2026-08-14 03:15:00.394000+00:00,2026-08-14 03:28:26.994000+00:00,ST_UKTK_281(15/1)_Prestatyn
VOCO_K101,0328EA742C,100.0,Click and Collect,Callpoint 8910,-34.0,online,2026-08-14 03:16:10.102000+00:00,2026-08-14 03:30:01.887000+00:00,ST_UKTK_282(20/02/03)_Oldham
VOCO_K104,0328EA74C3,100.0,Handbags,Callpoint 8910,-28.0,online,2026-08-14 03:22:02.188000+00:00,2026-08-14 03:30:01.887000+00:00,ST_UKTK_282(20/02/03)_Oldham
VOCO_K106,0328EA74FA,95.0,Fragrance,Callpoint 8910,-24.0,offline,2026-08-13 07:40:47.037000+00:00,2026-08-14 03:30:01.887000+00:00,ST_UKTK_282(20/02/03)_Oldham
VOCO_K102,0328E8712E,71.0,Gold Label Handbags,Callpoint 8910,-30.0,online,2026-08-14 03:19:42.237000+00:00,2026-08-14 03:31:58.767000+00:00,ST_UKTK_284(30/02/03)_Beckton
VOCO_K104,0328E9CBC6,65.0,Handbags 3,Callpoint 8910,-46.0,online,2026-08-14 03:22:59.913000+00:00,2026-08-14 03:31:58.767000+00:00,ST_UKTK_284(30/02/03)_Beckton
VOCO_K105,0328E8403C,70.0,Handbags 1,Callpoint 8910,-38.0,online,2026-08-14 03:30:28.007000+00:00,2026-08-14 03:31:58.767000+00:00,ST_UKTK_284(30/02/03)_Beckton
VOCO_K108,0328E891B9,21.0,Fragrance 3,Callpoint 8910,-34.0,online,2026-08-14 03:21:23.978000+00:00,2026-08-14 03:31:58.767000+00:00,ST_UKTK_284(30/02/03)_Beckton
VOCO_K109,0328E9CE21,51.0,Handbags 4,Callpoint 8910,-42.0,online,2026-08-14 03:20:29.555000+00:00,2026-08-14 03:31:58.767000+00:00,ST_UKTK_284(30/02/03)_Beckton
VOCO_K111,0328E86FFA,34.0,Mens jackets,Callpoint 8910,-34.0,online,2026-08-14 03:19:52.426000+00:00,2026-08-14 03:31:58.767000+00:00,ST_UKTK_284(30/02/03)_Beckton
VOCO_K112,0328E7435D,73.0,Handbags 2,Callpoint 8910,-38.0,online,2026-08-14 03:17:06.609000+00:00,2026-08-14 03:31:58.767000+00:00,ST_UKTK_284(30/02/03)_Beckton
VOCO_K101,0328EA7524,98.0,Jewellery,Callpoint 8910,-46.0,online,2026-08-14 03:19:37.016000+00:00,2026-08-14 03:28:14.574000+00:00,ST_UKTK_286(23/03/04)_Staines
VOCO_K102,0328EA7580,100.0,Fragrance,Callpoint 8910,-44.0,online,2026-08-14 03:23:43.494000+00:00,2026-08-14 03:28:14.574000+00:00,ST_UKTK_286(23/03/04)_Staines
VOCO_K103,0328EA7525,100.0,Sales Floor ,Callpoint 8910,-42.0,online,2026-08-14 03:19:16.582000+00:00,2026-08-14 03:28:14.574000+00:00,ST_UKTK_286(23/03/04)_Staines
VOCO_K104,0328EA74EA,100.0,Click and Collect,Callpoint 8910,-44.0,online,2026-08-14 03:18:16.029000+00:00,2026-08-14 03:28:14.574000+00:00,ST_UKTK_286(23/03/04)_Staines
VOCO_K101,0328D33811,100.0,Sales Floor 1,Callpoint 8910,-48.0,online,2026-08-13 10:48:14.034000+00:00,2026-08-13 10:48:53.359000+00:00,ST_UKTK_287/654(20/03/05)_Lisnagelvin
VOCO_K102,0328D33B0B,0.0,Jewellery 1,Callpoint 8910,-50.0,online,2026-08-13 10:13:11.503000+00:00,2026-08-13 10:15:16.121000+00:00,ST_UKTK_287/654(20/03/05)_Lisnagelvin
VOCO_K103,0328E86CA9,100.0,Fragrance 1,Callpoint 8910,-52.0,online,2026-08-13 09:56:59.619000+00:00,2026-08-13 09:58:34.239000+00:00,ST_UKTK_287/654(20/03/05)_Lisnagelvin
VOCO_K104,0328EA12BC,100.0,Fragrance Cabinet,Callpoint 8910,-48.0,online,2026-08-13 09:56:53.564000+00:00,2026-08-13 09:58:34.239000+00:00,ST_UKTK_287/654(20/03/05)_Lisnagelvin
VOCO_K102,0328E7B919,100.0,Click and collect,Callpoint 8910,-30.0,online,2026-08-14 03:23:16.746000+00:00,2026-08-14 03:30:26.024000+00:00,ST_UKTK_288(30/02/05)_Leeds Crown Point
VOCO_K102,0328E88D15,33.0,Click and collect ,Callpoint 8910,-46.0,online,2026-08-14 03:26:55.621000+00:00,2026-08-14 03:31:15.813000+00:00,ST_UKTK_294(20/2)_Byker
VOCO_K103,0328EA11A4,0.0,Fragrance 2,Callpoint 8910,-48.0,online,2026-08-14 03:26:38.190000+00:00,2026-08-14 03:31:15.813000+00:00,ST_UKTK_294(20/2)_Byker
VOCO_K105,0328E8724F,27.0,Fragrance,Callpoint 8910,-32.0,online,2026-08-14 03:20:24.569000+00:00,2026-08-14 03:29:38.339000+00:00,ST_UKTK_295(18/3)_Crawley
VOCO_K101,0328D33874,100.0,Sales Floor 1,Callpoint 8910,-38.0,online,2026-08-14 03:26:19.419000+00:00,2026-08-14 03:30:17.642000+00:00,ST_UKTK_297(20/01/03)_Nuneaton
VOCO_K101,0328E9CE90,32.0,Fragrance,Callpoint 8910,-44.0,online,2026-08-14 03:25:05.826000+00:00,2026-08-14 03:30:19.986000+00:00,ST_UKTK_298(20/2/3)_Kings Lynn
VOCO_K101,0328E89200,30.0,Fragrance,Callpoint 8910,-50.0,online,2026-08-14 03:16:52.562000+00:00,2026-08-14 03:31:22.037000+00:00,ST_UKTK_299(41/03/05)_Nottingham Trinity Square
VOCO_K101,0328E9CE61,95.0,Fragrance,Callpoint 8910,-40.0,offline,2026-08-13 07:51:11.549000+00:00,2026-08-14 03:28:24.106000+00:00,ST_UKTK_300(20/1)_Blackburn
VOCO_K102,0328EA743D,87.0,Click and collect,Callpoint 8910,-46.0,online,2026-08-14 03:16:10.426000+00:00,2026-08-14 03:28:24.106000+00:00,ST_UKTK_300(20/1)_Blackburn
VOCO_K101,0328E9CE49,100.0,Fragrance 1,Callpoint 8910,-44.0,online,2026-08-14 03:18:03.713000+00:00,2026-08-14 03:31:01.226000+00:00,ST_UKTK_303(20/1)_Great Yarmouth
VOCO_K101,0328E86BB8,100.0,Fragrance,Callpoint 8910,-30.0,online,2026-08-14 03:26:08.748000+00:00,2026-08-14 03:32:41.388000+00:00,ST_UKTK_306(30/01/03)_Stockton
VOCO_K102,0328E7BE1A,84.0,Fragrance 2,Callpoint 8910,-38.0,offline,2026-08-13 15:47:54.708000+00:00,2026-08-14 03:32:41.388000+00:00,ST_UKTK_306(30/01/03)_Stockton
VOCO_K104,0328E9CF71,100.0,Handbags 1,Callpoint 8910,-26.0,online,2026-08-14 03:27:25.659000+00:00,2026-08-14 03:32:41.388000+00:00,ST_UKTK_306(30/01/03)_Stockton
VOCO_K105,0328E9CC29,100.0,Click and Collect,Callpoint 8910,-30.0,online,2026-08-14 03:20:12.893000+00:00,2026-08-14 03:32:41.388000+00:00,ST_UKTK_306(30/01/03)_Stockton
VOCO_K101,0328E86BB4,36.0,Click and collect,Callpoint 8910,-70.0,online,2026-08-14 03:15:59.640000+00:00,2026-08-14 03:29:39.625000+00:00,ST_UKTK_307(20/2)_Newmarket
VOCO_K102,0328E97625,100.0,Click and collect,Callpoint 8910,-56.0,online,2026-08-14 03:29:21.566000+00:00,2026-08-14 03:29:39.625000+00:00,ST_UKTK_307(20/2)_Newmarket
VOCO_K103,0328E8711E,100.0,Fragrance,Callpoint 8910,-58.0,online,2026-08-14 03:28:09.942000+00:00,2026-08-14 03:29:39.625000+00:00,ST_UKTK_307(20/2)_Newmarket
VOCO_K101,0328DF03C5,28.0,Click and Collect,Callpoint 8910,-46.0,online,2026-08-14 03:19:41.203000+00:00,2026-08-14 03:32:45.332000+00:00,ST_UKTK_308(23/03/04)_Norwich Castle Mall
VOCO_K103,0328E870E2,100.0,Fragrance,Callpoint 8910,-36.0,online,2026-08-14 03:24:17.047000+00:00,2026-08-14 03:32:45.332000+00:00,ST_UKTK_308(23/03/04)_Norwich Castle Mall
VOCO_K104,0328E9CF1F,9.0,Fragrance 2,Callpoint 8910,-60.0,offline,2026-08-13 18:59:37.209000+00:00,2026-08-14 03:32:45.332000+00:00,ST_UKTK_308(23/03/04)_Norwich Castle Mall
VOCO_K101,0328E834D5,100.0,Fragrance ,Callpoint 8910,-30.0,online,2026-08-14 03:23:40.556000+00:00,2026-08-14 03:32:45.598000+00:00,ST_UKTK_309(20/1)_Darlington
VOCO_K101,0328E9CBE6,100.0,Handbags 1,Callpoint 8910,-60.0,online,2026-08-14 03:20:15.564000+00:00,2026-08-14 03:31:56.780000+00:00,ST_UKTK_314(30/03/03)_Enfield
VOCO_K102,0328E870A6,97.0,Jewellery,Callpoint 8910,-58.0,online,2026-08-14 03:22:49.115000+00:00,2026-08-14 03:31:56.780000+00:00,ST_UKTK_314(30/03/03)_Enfield
VOCO_K103,0328E87055,8.0,Fragrance 1,Callpoint 8910,-58.0,online,2026-08-14 03:30:39.546000+00:00,2026-08-14 03:31:56.780000+00:00,ST_UKTK_314(30/03/03)_Enfield
VOCO_K105,0328E8937A,100.0,Click & Collect,Callpoint 8910,-64.0,online,2026-08-14 03:21:28.476000+00:00,2026-08-14 03:31:56.780000+00:00,ST_UKTK_314(30/03/03)_Enfield
VOCO_K107,0328E9CBE7,95.0,CLICK&COLLECT,Callpoint 8910,-58.0,online,2026-08-14 03:27:35.198000+00:00,2026-08-14 03:31:56.780000+00:00,ST_UKTK_314(30/03/03)_Enfield
VOCO_K101,0328E4064C,3.0,Click and Collect,Callpoint 8910,-46.0,online,2026-08-14 03:28:04.212000+00:00,2026-08-14 03:28:19.393000+00:00,ST_UKTK_315(20/1)_Boston
VOCO_K102,0328E9CF20,27.0,Fragrance,Callpoint 8910,-54.0,online,2026-08-14 03:18:42.280000+00:00,2026-08-14 03:28:19.393000+00:00,ST_UKTK_315(20/1)_Boston
VOCO_K101,0328E9CF16,92.0,Fragrance,Callpoint 8910,-40.0,online,2026-08-14 03:21:33.040000+00:00,2026-08-14 03:28:38.226000+00:00,ST_UKTK_318(20/01/03)_Eastleigh
VOCO_K102,0328E405C5,82.0,Jewellery 1,Callpoint 8910,-48.0,online,2026-08-14 03:21:50.774000+00:00,2026-08-14 03:28:38.226000+00:00,ST_UKTK_318(20/01/03)_Eastleigh
VOCO_K101,0328E8700D,100.0,Click & Collect,Callpoint 8910,-24.0,online,2026-08-14 03:30:36.591000+00:00,2026-08-14 03:31:50.157000+00:00,ST_UKTK_322(30/2)_Hounslow
VOCO_K102,0328E84073,96.0,Fragrance 2,Callpoint 8910,-44.0,online,2026-08-14 03:23:43.179000+00:00,2026-08-14 03:31:50.157000+00:00,ST_UKTK_322(30/2)_Hounslow
VOCO_K103,0328E7B9B7,94.0,Fragrance 2,Callpoint 8910,-24.0,online,2026-08-14 03:30:43.379000+00:00,2026-08-14 03:31:50.157000+00:00,ST_UKTK_322(30/2)_Hounslow
VOCO_K105,0328EA1198,49.0,Sales Floor 1,Callpoint 8910,-24.0,online,2026-08-14 03:27:57.428000+00:00,2026-08-14 03:31:50.157000+00:00,ST_UKTK_322(30/2)_Hounslow
VOCO_K106,0328EA1173,100.0,Sales Floor 2,Callpoint 8910,-24.0,online,2026-08-14 03:28:01.971000+00:00,2026-08-14 03:31:50.157000+00:00,ST_UKTK_322(30/2)_Hounslow
VOCO_K101,0328E89321,3.0,click and collect,Callpoint 8910,-42.0,online,2026-08-14 03:16:43.938000+00:00,2026-08-14 03:31:42.879000+00:00,ST_UKTK_326(20/2)_Brislington
VOCO_K102,0328E88C61,100.0,click and collect,Callpoint 8910,-48.0,online,2026-08-14 03:30:18.679000+00:00,2026-08-14 03:31:42.879000+00:00,ST_UKTK_326(20/2)_Brislington
VOCO_K103,0328E9CF88,60.0,Fragrance 1,Callpoint 8910,-42.0,online,2026-08-14 03:30:09.652000+00:00,2026-08-14 03:31:42.879000+00:00,ST_UKTK_326(20/2)_Brislington
VOCO_K101,0328E7B7EA,100.0,Click and Collect,Callpoint 8910,-42.0,online,2026-08-14 03:19:34.744000+00:00,2026-08-14 03:32:21.492000+00:00,ST_UKTK_328/620(35/07/03)_Llanelli
VOCO_K102,0328E7B8D0,100.0,Knife Cabinet,Callpoint 8910,-36.0,online,2026-08-14 03:26:58.296000+00:00,2026-08-14 03:32:21.492000+00:00,ST_UKTK_328/620(35/07/03)_Llanelli
VOCO_K103,0328E7B928,100.0,Fragrance,Callpoint 8910,-50.0,online,2026-08-14 03:26:01.307000+00:00,2026-08-14 03:32:21.492000+00:00,ST_UKTK_328/620(35/07/03)_Llanelli
VOCO_K102,0328E7BA14,100.0,click and collect,Callpoint 8910,-34.0,online,2026-08-13 20:49:28.511000+00:00,2026-08-14 03:31:41.332000+00:00,ST_UKTK_331(20/1)_Cwmbran
VOCO_K101,0328E9CEBB,93.0,Fragrance 1,Callpoint 8910,-38.0,online,2026-08-14 03:19:05.987000+00:00,2026-08-14 03:30:05.054000+00:00,ST_UKTK_332(20/02/03)_Speke
VOCO_K102,0328D2FAC6,2.0,Jewellery 1,Callpoint 8910,-38.0,online,2026-08-14 03:16:33.681000+00:00,2026-08-14 03:30:05.054000+00:00,ST_UKTK_332(20/02/03)_Speke
VOCO_K103,02EB63CB02,0.0,Click and Collect,Callpoint 8910,-46.0,online,2026-08-14 03:20:36.277000+00:00,2026-08-14 03:30:05.054000+00:00,ST_UKTK_332(20/02/03)_Speke
VOCO_K101,02EB63D2A9,59.0,Click and Collect,Callpoint 8910,-36.0,online,2026-08-14 03:29:37.965000+00:00,2026-08-14 03:31:04.435000+00:00,ST_UKTK_335(35/02/04)_Silverburn
VOCO_K102,0328E8403E,35.0,,Callpoint 8910,-30.0,online,2026-08-14 03:27:56.542000+00:00,2026-08-14 03:31:04.435000+00:00,ST_UKTK_335(35/02/04)_Silverburn
VOCO_K103,02EB63CB45,5.0,Click and Collect,Callpoint 8910,-62.0,online,2026-08-14 03:29:56.928000+00:00,2026-08-14 03:31:04.435000+00:00,ST_UKTK_335(35/02/04)_Silverburn
VOCO_K101,0328E9CEC0,100.0,Fragrance,Callpoint 8910,-56.0,online,2026-08-14 03:21:28.108000+00:00,2026-08-14 03:28:59.690000+00:00,ST_UKTK_336(23/4/4)_Tunbridge Wells
VOCO_K101,0328E9CF89,95.0,Fragrance,Callpoint 8910,-32.0,offline,2026-08-13 09:30:00.208000+00:00,2026-08-14 03:32:30.593000+00:00,ST_UKTK_337(20/1)_Chatham
VOCO_K102,0328E9CD4C,96.0,Click and Collect,Callpoint 8910,-44.0,online,2026-08-14 03:28:55.924000+00:00,2026-08-14 03:32:30.593000+00:00,ST_UKTK_337(20/1)_Chatham
VOCO_K101,0328EA119C,100.0,Mens outerwear,Callpoint 8910,-50.0,online,2026-08-14 03:16:37.670000+00:00,2026-08-14 03:31:35.964000+00:00,ST_UKTK_339(67/04/05)_Kensington
VOCO_K102,0328E3285A,82.0,Handbags 5,Callpoint 8910,-50.0,offline,2026-08-13 21:12:19.264000+00:00,2026-08-14 03:31:35.964000+00:00,ST_UKTK_339(67/04/05)_Kensington
VOCO_K103,0328E7B9EB,92.0,Click and Collect,Callpoint 8910,-56.0,online,2026-08-14 03:22:04.118000+00:00,2026-08-14 03:31:35.964000+00:00,ST_UKTK_339(67/04/05)_Kensington
VOCO_K104,02EB63D10C,95.0,Handbags 1,Callpoint 8910,-52.0,offline,2026-08-14 00:52:26.502000+00:00,2026-08-14 03:31:35.964000+00:00,ST_UKTK_339(67/04/05)_Kensington
VOCO_K105,0328E8432D,95.0,Sales floor 3,Callpoint 8910,-66.0,online,2026-08-14 03:32:01.325000+00:00,2026-08-14 03:32:42.169000+00:00,ST_UKTK_339(67/04/05)_Kensington
VOCO_K107,0328E843CE,72.0,Handbags 4,Callpoint 8910,-44.0,online,2026-08-14 03:17:50.640000+00:00,2026-08-14 03:31:35.964000+00:00,ST_UKTK_339(67/04/05)_Kensington
VOCO_K108,0328EA1117,93.0,Mens Gold Label,Callpoint 8910,-50.0,offline,2026-08-14 00:55:19.039000+00:00,2026-08-14 03:31:35.964000+00:00,ST_UKTK_339(67/04/05)_Kensington
VOCO_K109,0328E84054,5.0,Fragrance 1,Callpoint 8910,-52.0,offline,2026-08-13 21:20:34.551000+00:00,2026-08-14 03:31:35.964000+00:00,ST_UKTK_339(67/04/05)_Kensington
VOCO_K110,0328EA116E,100.0,Womens outerwear,Callpoint 8910,-48.0,offline,2026-08-13 18:12:35.938000+00:00,2026-08-14 03:31:35.964000+00:00,ST_UKTK_339(67/04/05)_Kensington
VOCO_K111,0328E84257,99.0,Sales Floor 4,Callpoint 8910,-50.0,online,2026-08-14 03:27:24.599000+00:00,2026-08-14 03:31:35.964000+00:00,ST_UKTK_339(67/04/05)_Kensington
VOCO_K112,0328E408EB,100.0,Handbags 2,Callpoint 8910,-48.0,online,2026-08-14 03:19:10.563000+00:00,2026-08-14 03:31:35.964000+00:00,ST_UKTK_339(67/04/05)_Kensington
VOCO_K114,0328E7B895,94.0,Fragrance 2,Callpoint 8910,-48.0,offline,2026-08-13 21:12:45.955000+00:00,2026-08-14 03:31:35.964000+00:00,ST_UKTK_339(67/04/05)_Kensington
VOCO_K115,0328E840F8,72.0,Gold Label Handbags 1,Callpoint 8910,-52.0,online,2026-08-14 03:19:01.063000+00:00,2026-08-14 03:31:35.964000+00:00,ST_UKTK_339(67/04/05)_Kensington
VOCO_K116,0328E843EA,72.0,Gold Label Handbags 2,Callpoint 8910,-44.0,online,2026-08-14 03:17:50.576000+00:00,2026-08-14 03:31:35.964000+00:00,ST_UKTK_339(67/04/05)_Kensington
VOCO_K118,0328E84084,33.0,Jewellery 1,Callpoint 8910,-54.0,online,2026-08-14 03:23:34.242000+00:00,2026-08-14 03:31:35.964000+00:00,ST_UKTK_339(67/04/05)_Kensington
VOCO_K119,0328E8713F,4.0,Sales floor 2,Callpoint 8910,-60.0,offline,2026-08-13 18:10:54.707000+00:00,2026-08-14 03:31:35.964000+00:00,ST_UKTK_339(67/04/05)_Kensington
VOCO_K120,02EB63D151,95.0,Gold Label Handbag,Callpoint 8910,-40.0,offline,2026-08-14 02:51:29.992000+00:00,2026-08-14 03:31:35.964000+00:00,ST_UKTK_339(67/04/05)_Kensington
VOCO_K101,0328EA10F2,100.0,Handbags 2,Callpoint 8910,-46.0,online,2026-08-14 03:26:48.743000+00:00,2026-08-14 03:31:37.233000+00:00,ST_UKTK_342(25/1)_Worcester
VOCO_K102,0328E9CBFB,96.0,Handbags,Callpoint 8910,-44.0,online,2026-08-14 03:27:04.182000+00:00,2026-08-14 03:31:37.233000+00:00,ST_UKTK_342(25/1)_Worcester
VOCO_K101,0328E7B8BB,90.0,Sales Floor 1,Callpoint 8910,-42.0,offline,2026-08-13 20:30:12.197000+00:00,2026-08-14 03:31:51.735000+00:00,ST_UKTK_343(30/02/02)_Tooting
VOCO_K103,0328E7B85B,90.0,Click and Collect,Callpoint 8910,-62.0,online,2026-08-14 03:30:17.466000+00:00,2026-08-14 03:31:51.735000+00:00,ST_UKTK_343(30/02/02)_Tooting
VOCO_K104,0328E8404D,95.0,Fragrance,Callpoint 8910,-42.0,offline,2026-08-13 20:47:49.740000+00:00,2026-08-14 03:31:51.735000+00:00,ST_UKTK_343(30/02/02)_Tooting
VOCO_K106,0328E9CBED,27.0,Handbags 2,Callpoint 8910,-48.0,online,2026-08-14 03:17:49.562000+00:00,2026-08-14 03:31:51.735000+00:00,ST_UKTK_343(30/02/02)_Tooting
VOCO_K101,0328E9CD66,100.0,Click & Collect ,Callpoint 8910,-56.0,online,2026-08-14 03:19:01.914000+00:00,2026-08-14 03:28:28.346000+00:00,ST_UKTK_345(25/3)_Preston
VOCO_K102,0328E9CDAF,0.0,Fragrance,Callpoint 8910,-60.0,online,2026-08-14 03:26:19.100000+00:00,2026-08-14 03:28:28.346000+00:00,ST_UKTK_345(25/3)_Preston
VOCO_K103,0328E9CF80,1.0,Fragrance 1,Callpoint 8910,-48.0,online,2026-08-14 03:19:47.817000+00:00,2026-08-14 03:28:46.091000+00:00,ST_UKTK_347(25/02/05)_Lancaster
VOCO_K101,0328E9CD72,0.0,fragrance,Callpoint 8910,-58.0,online,2026-08-14 03:24:54.534000+00:00,2026-08-14 03:29:03.552000+00:00,ST_UKTK_349(20/02/02)_Taunton
VOCO_K102,0328E8707A,74.0,jewellery 1 ,Callpoint 8910,-50.0,online,2026-08-14 03:20:44.842000+00:00,2026-08-14 03:29:03.552000+00:00,ST_UKTK_349(20/02/02)_Taunton
VOCO_K103,0328E8706A,100.0,click and collect,Callpoint 8910,-50.0,online,2026-08-13 10:49:31.457000+00:00,2026-08-13 10:51:19.262000+00:00,ST_UKTK_349(20/02/02)_Taunton
VOCO_K101,0328E89513,95.0,Click and Collect,Callpoint 8910,-38.0,offline,2026-08-13 19:54:47.345000+00:00,2026-08-14 03:28:41.066000+00:00,ST_UKTK_351(30/01/05)_Aberdeen Union Square
VOCO_K102,0328E894D7,0.0,Jewellery,Callpoint 8910,-42.0,online,2026-08-14 03:22:26.825000+00:00,2026-08-14 03:28:41.066000+00:00,ST_UKTK_351(30/01/05)_Aberdeen Union Square
VOCO_K103,0328E7BB3E,41.0,Fragrance 1,Callpoint 8910,-38.0,online,2026-08-14 03:19:00.761000+00:00,2026-08-14 03:28:41.066000+00:00,ST_UKTK_351(30/01/05)_Aberdeen Union Square
VOCO_K102,0328E325A7,95.0,Jewellery 1,Callpoint 8910,-40.0,online,2026-08-14 03:18:04.627000+00:00,2026-08-14 03:31:27.805000+00:00,ST_UKTK_352(25/04/03)_Putney
VOCO_K104,0328E3292C,95.0,Click and Collect,Callpoint 8910,-34.0,online,2026-08-14 03:18:19.385000+00:00,2026-08-14 03:31:27.805000+00:00,ST_UKTK_352(25/04/03)_Putney
VOCO_K105,0328E86F9B,94.0,Fragrance,Callpoint 8910,-32.0,online,2026-08-14 03:18:17.346000+00:00,2026-08-14 03:31:27.805000+00:00,ST_UKTK_352(25/04/03)_Putney
VOCO_K102,0328E8406C,84.0,Fragance,Callpoint 8910,-40.0,online,2026-08-14 03:12:52.681000+00:00,2026-08-14 03:27:52.140000+00:00,ST_UKTK_355(30/2/6)_Guildford
VOCO_K104,0328E88C31,88.0,Handbags,Callpoint 8910,-30.0,online,2026-08-14 03:26:06.300000+00:00,2026-08-14 03:27:52.140000+00:00,ST_UKTK_355(30/2/6)_Guildford
VOCO_K105,0328E88C28,100.0,Click and Collect,Callpoint 8910,-38.0,online,2026-08-14 03:26:41.488000+00:00,2026-08-14 03:27:52.140000+00:00,ST_UKTK_355(30/2/6)_Guildford
VOCO_K102,0328E7453D,70.0,Fragrance,Callpoint 8910,-54.0,online,2026-08-14 03:24:57.528000+00:00,2026-08-14 03:32:17.392000+00:00,ST_UKTK_356(23/03/02)_Cardiff Valegate
VOCO_K101,0328E842E4,100.0,Handbags 1,Callpoint 8910,-44.0,online,2026-08-14 03:23:26.576000+00:00,2026-08-14 03:29:56.653000+00:00,ST_UKTK_357(40/01/06)_Cambridge Market Street
VOCO_K102,0328E87020,100.0,Fragrance 1,Callpoint 8910,-46.0,online,2026-08-14 03:28:10.015000+00:00,2026-08-14 03:29:56.653000+00:00,ST_UKTK_357(40/01/06)_Cambridge Market Street
VOCO_K105,0328E843CC,96.0,Handbags 3,Callpoint 8910,-52.0,online,2026-08-14 03:23:50.723000+00:00,2026-08-14 03:29:56.653000+00:00,ST_UKTK_357(40/01/06)_Cambridge Market Street
VOCO_K101,0328E84104,100.0,Fragrance 2,Callpoint 8910,-62.0,online,2026-08-14 03:24:29.688000+00:00,2026-08-14 03:32:13.572000+00:00,ST_UKTK_359(89/06/08)_CharingCross
VOCO_K102,0328E7B95F,84.0,Handbags 1,Callpoint 8910,-62.0,online,2026-08-14 03:19:27.655000+00:00,2026-08-14 03:32:13.572000+00:00,ST_UKTK_359(89/06/08)_CharingCross
VOCO_K103,0328E842C6,92.0,Handbag 2,Callpoint 8910,-62.0,online,2026-08-14 03:31:31.526000+00:00,2026-08-14 03:32:13.572000+00:00,ST_UKTK_359(89/06/08)_CharingCross
VOCO_K104,0328E840C7,0.0,Womens Outerwear,Callpoint 8910,-64.0,offline,2026-08-13 06:58:05.532000+00:00,2026-08-14 03:32:13.572000+00:00,ST_UKTK_359(89/06/08)_CharingCross
VOCO_K105,0328E88C2D,100.0,Fragrance 1,Callpoint 8910,-58.0,online,2026-08-14 03:21:01.777000+00:00,2026-08-14 03:32:13.572000+00:00,ST_UKTK_359(89/06/08)_CharingCross
VOCO_K109,0328E871D1,83.0,Click and Collect 1,Callpoint 8910,-60.0,online,2026-08-14 03:29:56.763000+00:00,2026-08-14 03:32:13.572000+00:00,ST_UKTK_359(89/06/08)_CharingCross
VOCO_K111,0328E84098,94.0,Gold Label Handbags,Callpoint 8910,-60.0,online,2026-08-14 03:21:40.165000+00:00,2026-08-14 03:32:13.572000+00:00,ST_UKTK_359(89/06/08)_CharingCross
VOCO_K113,0328E7B9CC,77.0,Handbag 5,Callpoint 8910,-60.0,online,2026-08-14 03:28:12.516000+00:00,2026-08-14 03:32:13.572000+00:00,ST_UKTK_359(89/06/08)_CharingCross
VOCO_K114,0328E7B9CB,95.0,handbag 6,Callpoint 8910,-62.0,online,2026-08-14 03:21:08.187000+00:00,2026-08-14 03:32:13.572000+00:00,ST_UKTK_359(89/06/08)_CharingCross
VOCO_K115,0328E7B9D0,100.0,Handbags 7,Callpoint 8910,-64.0,online,2026-08-14 03:29:33.104000+00:00,2026-08-14 03:32:13.572000+00:00,ST_UKTK_359(89/06/08)_CharingCross
VOCO_K116,0328E7B848,89.0,handbag 8,Callpoint 8910,-58.0,online,2026-08-14 03:30:56.964000+00:00,2026-08-14 03:32:13.572000+00:00,ST_UKTK_359(89/06/08)_CharingCross
VOCO_K117,0328E7B84E,95.0,Gold Label Handbags 2,Callpoint 8910,-62.0,online,2026-08-14 03:22:15.362000+00:00,2026-08-14 03:32:13.572000+00:00,ST_UKTK_359(89/06/08)_CharingCross
VOCO_K101,0328D342E2,95.0,Sales Floor 1,Callpoint 8910,-42.0,online,2026-08-14 03:18:20.756000+00:00,2026-08-14 03:32:11.586000+00:00,ST_UKTK_360(20/2)_Bangor Menai
VOCO_K103,0328E7BD99,59.0,Fragrance 1,Callpoint 8910,-40.0,online,2026-08-14 03:24:56.182000+00:00,2026-08-14 03:32:11.586000+00:00,ST_UKTK_360(20/2)_Bangor Menai
VOCO_K102,0328E871C1,90.0,Fragrance,Callpoint 8910,-52.0,online,2026-08-14 03:25:25.857000+00:00,2026-08-14 03:29:00.767000+00:00,ST_UKTK_361(20/1)_St Austell
VOCO_K104,0328E84255,89.0,Click and Collect 1,Callpoint 8910,-46.0,online,2026-08-14 03:15:56.111000+00:00,2026-08-14 03:29:00.767000+00:00,ST_UKTK_361(20/1)_St Austell
VOCO_K102,0328E89202,100.0,Click and Collect 1,Callpoint 8910,-36.0,online,2026-08-14 03:18:12.154000+00:00,2026-08-14 03:27:57.343000+00:00,ST_UKTK_362(25/01/02)_Altrincham
VOCO_K103,0328E870ED,100.0,Fragrance,Callpoint 8910,-40.0,online,2026-08-14 03:26:52.363000+00:00,2026-08-14 03:27:57.343000+00:00,ST_UKTK_362(25/01/02)_Altrincham
VOCO_K101,0328E8930A,100.0,Click and Collect,Callpoint 8910,-44.0,online,2026-08-14 03:26:47.336000+00:00,2026-08-14 03:29:47.621000+00:00,ST_UKTK_363(29/04/04)_Wandsworth
VOCO_K102,0328E9CEF1,100.0,Fragrance 3,Callpoint 8910,-34.0,online,2026-08-14 03:19:43.725000+00:00,2026-08-14 03:29:47.621000+00:00,ST_UKTK_363(29/04/04)_Wandsworth
VOCO_K104,0328E892A1,100.0,Fragrance,Callpoint 8910,-44.0,online,2026-08-14 03:19:44.901000+00:00,2026-08-14 03:29:47.621000+00:00,ST_UKTK_363(29/04/04)_Wandsworth
VOCO_K105,0328E9CECE,100.0,Click and Collect 1,Callpoint 8910,-42.0,online,2026-08-14 03:28:40.753000+00:00,2026-08-14 03:29:47.621000+00:00,ST_UKTK_363(29/04/04)_Wandsworth
VOCO_K102,0328EA752A,51.0,Fragrance,Callpoint 8910,-44.0,online,2026-08-14 03:21:22.764000+00:00,2026-08-14 03:32:23.658000+00:00,ST_UKTK_364(20/02/02)_Hastings
VOCO_K103,0328EA6514,27.0,Click and collect 3,Callpoint 8910,-40.0,online,2026-08-14 03:24:38.025000+00:00,2026-08-14 03:32:23.658000+00:00,ST_UKTK_364(20/02/02)_Hastings
VOCO_K109,0328DABA64,98.0,Click and Collect,Callpoint 8910,-46.0,online,2026-08-14 03:23:05.260000+00:00,2026-08-14 03:32:23.658000+00:00,ST_UKTK_364(20/02/02)_Hastings
VOCO_K101,0328E87316,15.0,Gold Label Handbags 1,Callpoint 8910,-54.0,online,2026-08-14 03:19:01.177000+00:00,2026-08-14 03:27:51.927000+00:00,ST_UKTK_366(51/03/06)_Glasgow Argyle Street
VOCO_K102,0328E88C2B,100.0,Mens Gold label,Callpoint 8910,-24.0,online,2026-08-14 03:15:03.749000+00:00,2026-08-14 03:27:51.927000+00:00,ST_UKTK_366(51/03/06)_Glasgow Argyle Street
VOCO_K108,0328E8732A,84.0,Click and Collect 2,Callpoint 8910,-50.0,online,2026-08-14 03:18:09.893000+00:00,2026-08-14 03:27:51.927000+00:00,ST_UKTK_366(51/03/06)_Glasgow Argyle Street
VOCO_K101,0328E840F1,31.0,Handbags 1,Callpoint 8910,-38.0,online,2026-08-14 03:18:22.308000+00:00,2026-08-14 03:27:59.911000+00:00,ST_UKTK_368(23/03/03)_Luton
VOCO_K102,0328E841AC,94.0,Handbags 2,Callpoint 8910,-50.0,online,2026-08-14 03:27:31.390000+00:00,2026-08-14 03:27:59.911000+00:00,ST_UKTK_368(23/03/03)_Luton
VOCO_K103,0328E9CDD7,87.0,Fragrance,Callpoint 8910,-54.0,online,2026-08-14 03:23:29.468000+00:00,2026-08-14 03:27:59.911000+00:00,ST_UKTK_368(23/03/03)_Luton
VOCO_K104,0328E842CE,28.0,Handbags 5,Callpoint 8910,-42.0,online,2026-08-14 03:16:14.841000+00:00,2026-08-14 03:27:59.911000+00:00,ST_UKTK_368(23/03/03)_Luton
VOCO_K105,0328E84166,100.0,Handbags 4,Callpoint 8910,-40.0,online,2026-08-14 03:27:29.554000+00:00,2026-08-14 03:27:59.911000+00:00,ST_UKTK_368(23/03/03)_Luton
VOCO_K106,0328E842B7,95.0,Handbags 6,Callpoint 8910,-52.0,online,2026-08-14 03:20:11.043000+00:00,2026-08-14 03:27:59.911000+00:00,ST_UKTK_368(23/03/03)_Luton
VOCO_K107,0328E7BE00,86.0,Fragrance,Callpoint 8910,-34.0,online,2026-08-14 03:23:28.174000+00:00,2026-08-14 03:27:59.911000+00:00,ST_UKTK_368(23/03/03)_Luton
VOCO_K108,0328DDFEB2,81.0,Click and Collect,Callpoint 8910,-38.0,online,2026-08-14 03:17:28.568000+00:00,2026-08-14 03:27:59.911000+00:00,ST_UKTK_368(23/03/03)_Luton
VOCO_K109,0328E40816,95.0,Handbags,Callpoint 8910,-70.0,offline,2026-08-13 13:41:42.608000+00:00,2026-08-14 03:27:59.911000+00:00,ST_UKTK_368(23/03/03)_Luton
VOCO_K101,0328E9CD9B,100.0,Fragrance,Callpoint 8910,-28.0,online,2026-08-14 03:20:43.060000+00:00,2026-08-14 03:29:18.638000+00:00,ST_UKTK_369(25/03/03)_Wednesbury
VOCO_K102,0328E7B8AA,2.0,Fragrance 2,Callpoint 8910,-30.0,online,2026-08-14 03:25:28.459000+00:00,2026-08-14 03:29:18.638000+00:00,ST_UKTK_369(25/03/03)_Wednesbury
VOCO_K103,0328E7B87D,0.0,Fragrance3,Callpoint 8910,-50.0,online,2026-08-14 03:20:37.223000+00:00,2026-08-14 03:29:18.638000+00:00,ST_UKTK_369(25/03/03)_Wednesbury
VOCO_K104,0328E328AC,95.0,fragrance4,Callpoint 8910,-24.0,offline,2026-08-13 17:27:16.781000+00:00,2026-08-14 03:29:18.638000+00:00,ST_UKTK_369(25/03/03)_Wednesbury
VOCO_K105,0328D33949,57.0,fragrance5,Callpoint 8910,-44.0,online,2026-08-14 03:27:12.783000+00:00,2026-08-14 03:29:18.638000+00:00,ST_UKTK_369(25/03/03)_Wednesbury
VOCO_K101,0328D2FA27,94.0,Handbags 1,Callpoint 8910,-54.0,online,2026-08-14 03:19:21.959000+00:00,2026-08-14 03:30:08.687000+00:00,ST_UKTK_370(35/04/04)_Gracechurch Street- 1
VOCO_K105,0328E32809,82.0,Men gold label,Callpoint 8910,-50.0,online,2026-08-14 03:15:43.625000+00:00,2026-08-14 03:30:08.687000+00:00,ST_UKTK_370(35/04/04)_Gracechurch Street- 1
VOCO_K107,0328EA118E,0.0,Click & Collect 2,Callpoint 8910,-50.0,online,2026-08-14 03:24:24.792000+00:00,2026-08-14 03:30:08.687000+00:00,ST_UKTK_370(35/04/04)_Gracechurch Street- 1
VOCO_K108,0328EA10FA,0.0,Womens Outerwear 1 ,Callpoint 8910,-52.0,online,2026-08-14 03:20:23.408000+00:00,2026-08-14 03:30:08.687000+00:00,ST_UKTK_370(35/04/04)_Gracechurch Street- 1
VOCO_K109,0328EA116B,87.0,Womens Gold Label,Callpoint 8910,-40.0,online,2026-08-14 03:22:35.920000+00:00,2026-08-14 03:30:08.687000+00:00,ST_UKTK_370(35/04/04)_Gracechurch Street- 1
VOCO_K110,0328EA136E,93.0,Fragrance 1,Callpoint 8910,-58.0,online,2026-08-14 03:19:50.280000+00:00,2026-08-14 03:30:08.687000+00:00,ST_UKTK_370(35/04/04)_Gracechurch Street- 1
VOCO_K111,0328E840E9,1.0,Mens Outerwear,Callpoint 8910,-44.0,online,2026-08-14 03:19:36.747000+00:00,2026-08-14 03:30:08.687000+00:00,ST_UKTK_370(35/04/04)_Gracechurch Street- 1
VOCO_K112,0328EA1179,100.0,Click and Collect 3,Callpoint 8910,-54.0,online,2026-08-14 03:19:18.120000+00:00,2026-08-14 03:30:08.687000+00:00,ST_UKTK_370(35/04/04)_Gracechurch Street- 1
VOCO_K113,0328E9CDE5,100.0,Womens Outerwear 2,Callpoint 8910,-52.0,online,2026-08-14 03:23:57.885000+00:00,2026-08-14 03:30:08.687000+00:00,ST_UKTK_370(35/04/04)_Gracechurch Street- 1
VOCO_K101,0328E7B869,100.0,Sales Floor 1,Callpoint 8910,-60.0,online,2026-08-14 03:25:07.703000+00:00,2026-08-14 03:31:10.377000+00:00,ST_UKTK_374(20/1)_Kendal
VOCO_K102,0328E86DCB,0.0,Fragrance,Callpoint 8910,-54.0,online,2026-08-14 03:16:33.806000+00:00,2026-08-14 03:31:10.377000+00:00,ST_UKTK_374(20/1)_Kendal
VOCO_K104,0328E9CE5E,100.0,Fragrance,Callpoint 8910,-34.0,online,2026-08-14 03:21:46.517000+00:00,2026-08-14 03:28:04.659000+00:00,ST_UKTK_375(23/02/04)_Crewe
VOCO_K103,0328E9CD64,14.0,Fragrance,Callpoint 8910,-40.0,online,2026-08-14 03:28:20.649000+00:00,2026-08-14 03:31:28.863000+00:00,ST_UKTK_378(20/1)_Folkestone
VOCO_K104,0328D33A35,100.0,jewellery,Callpoint 8910,-32.0,online,2026-08-14 03:23:49.117000+00:00,2026-08-14 03:28:05.886000+00:00,ST_UKTK_379(23/3)_New Cross
VOCO_K101,0328D2FA9A,51.0,Fragrance 3,Callpoint 8910,-56.0,online,2026-08-14 03:25:30.533000+00:00,2026-08-14 03:29:17.677000+00:00,ST_UKTK_380(20/2)_Newport Isle Of Wight
VOCO_K102,0328E7BB3F,100.0,Fragrance,Callpoint 8910,-52.0,online,2026-08-14 03:27:57.076000+00:00,2026-08-14 03:29:17.677000+00:00,ST_UKTK_380(20/2)_Newport Isle Of Wight
VOCO_K103,0328D3438F,100.0,Fragrance,Callpoint 8910,-56.0,online,2026-08-14 03:25:56.831000+00:00,2026-08-14 03:29:17.677000+00:00,ST_UKTK_380(20/2)_Newport Isle Of Wight
VOCO_K101,0328E74518,93.0,Click and Collect,Callpoint 8910,-48.0,online,2026-08-14 03:16:52.627000+00:00,2026-08-14 03:31:53.066000+00:00,ST_UKTK_381(41/02/06)_Brighton North Street
VOCO_K102,0328E8939E,70.0,Mens gold label,Callpoint 8910,-54.0,online,2026-08-14 03:19:37.073000+00:00,2026-08-14 03:31:53.066000+00:00,ST_UKTK_381(41/02/06)_Brighton North Street
VOCO_K103,0328E9CEAB,100.0,Handbags,Callpoint 8910,-60.0,online,2026-08-14 03:18:52.314000+00:00,2026-08-14 03:31:53.066000+00:00,ST_UKTK_381(41/02/06)_Brighton North Street
VOCO_K105,0328E842F6,100.0,Fragrance,Callpoint 8910,-62.0,online,2026-08-14 03:29:39.443000+00:00,2026-08-14 03:31:53.066000+00:00,ST_UKTK_381(41/02/06)_Brighton North Street
VOCO_K106,0328E842BD,100.0,Handbags 3,Callpoint 8910,-64.0,online,2026-08-14 03:28:48.882000+00:00,2026-08-14 03:31:53.066000+00:00,ST_UKTK_381(41/02/06)_Brighton North Street
VOCO_K107,0328E87315,100.0,Gold Label Handbags ,Callpoint 8910,-54.0,online,2026-08-14 03:19:01.359000+00:00,2026-08-14 03:31:53.066000+00:00,ST_UKTK_381(41/02/06)_Brighton North Street
VOCO_K110,0328E88C7F,100.0,Handbags 7,Callpoint 8910,-60.0,online,2026-08-14 03:18:32.509000+00:00,2026-08-14 03:31:53.066000+00:00,ST_UKTK_381(41/02/06)_Brighton North Street
VOCO_K111,0328E88C8C,100.0,Handbag 8,Callpoint 8910,-58.0,online,2026-08-14 03:20:24.554000+00:00,2026-08-14 03:31:53.066000+00:00,ST_UKTK_381(41/02/06)_Brighton North Street
VOCO_K102,0328E843DD,95.0,Fragrance,Callpoint 8910,-34.0,online,2026-08-14 03:24:11.872000+00:00,2026-08-14 03:30:44.156000+00:00,ST_UKTK_382(35/04/06)_Brixton
VOCO_K103,0328E7B843,100.0,Click and Collect,Callpoint 8910,-40.0,online,2026-08-14 03:24:12.008000+00:00,2026-08-14 03:30:44.156000+00:00,ST_UKTK_382(35/04/06)_Brixton
VOCO_K104,0328E88CD1,100.0,Handbags 4,Callpoint 8910,-34.0,online,2026-08-14 03:24:11.933000+00:00,2026-08-14 03:30:44.156000+00:00,ST_UKTK_382(35/04/06)_Brixton
VOCO_K105,0328E7B72B,100.0,Handbags 6,Callpoint 8910,-34.0,online,2026-08-14 03:24:12.349000+00:00,2026-08-14 03:30:44.156000+00:00,ST_UKTK_382(35/04/06)_Brixton
VOCO_K106,0328E842C0,95.0,Sales Floor 2,Callpoint 8910,-38.0,offline,2026-08-13 09:09:10.529000+00:00,2026-08-14 03:30:44.156000+00:00,ST_UKTK_382(35/04/06)_Brixton
VOCO_K109,0328E840AE,100.0,Handbags 3,Callpoint 8910,-38.0,online,2026-08-14 03:24:11.665000+00:00,2026-08-14 03:30:44.156000+00:00,ST_UKTK_382(35/04/06)_Brixton
VOCO_K111,0328EA1124,100.0,Sales Floor 3,Callpoint 8910,-36.0,online,2026-08-14 03:24:12.633000+00:00,2026-08-14 03:30:44.156000+00:00,ST_UKTK_382(35/04/06)_Brixton
VOCO_K101,0328E87152,0.0,Click and Collect 1,Callpoint 8910,-46.0,online,2026-08-14 03:28:07.612000+00:00,2026-08-14 03:31:55.806000+00:00,ST_UKTK_384(25/3)_Woolwich
VOCO_K102,0328E871E5,87.0,Jewellery 1,Callpoint 8910,-30.0,online,2026-08-14 03:26:35.071000+00:00,2026-08-14 03:31:55.806000+00:00,ST_UKTK_384(25/3)_Woolwich
VOCO_K103,0328E87047,72.0,Click and Collect 3,Callpoint 8910,-50.0,online,2026-08-14 03:28:26.047000+00:00,2026-08-14 03:31:55.806000+00:00,ST_UKTK_384(25/3)_Woolwich
VOCO_K104,0328E7BB1B,0.0,Click and collect 2,Callpoint 8910,-44.0,online,2026-08-14 03:23:54.450000+00:00,2026-08-14 03:31:55.806000+00:00,ST_UKTK_384(25/3)_Woolwich
VOCO_K106,0328EA74E3,9.0,Fragrance 3,Callpoint 8910,-56.0,online,2026-08-14 03:29:52.872000+00:00,2026-08-14 03:31:55.806000+00:00,ST_UKTK_384(25/3)_Woolwich
VOCO_K107,0328EA1118,95.0,Fragrance 2,Callpoint 8910,-84.0,online,2026-08-14 03:32:36.430000+00:00,2026-08-14 03:32:41.886000+00:00,ST_UKTK_384(25/3)_Woolwich
VOCO_K101,0328E87028,100.0,Handbags,Callpoint 8910,-40.0,online,2026-08-14 03:24:24.354000+00:00,2026-08-14 03:28:31.658000+00:00,ST_UKTK_385(24/3)_London Colney
VOCO_K102,0328E7B830,100.0,Fragrance 2,Callpoint 8910,-48.0,online,2026-08-14 03:27:31.824000+00:00,2026-08-14 03:28:31.658000+00:00,ST_UKTK_385(24/3)_London Colney
VOCO_K103,0328E8700C,80.0,Click and Collect 2,Callpoint 8910,-34.0,online,2026-08-14 03:26:26.445000+00:00,2026-08-14 03:28:31.658000+00:00,ST_UKTK_385(24/3)_London Colney
VOCO_K101,0328D3396D,95.0,Sales Floor 1,Callpoint 8910,-44.0,offline,2026-08-14 03:28:52.919000+00:00,2026-08-14 03:32:18.836000+00:00,ST_UKTK_386(25/2/4)_Guiseley
VOCO_K102,0328D3395A,95.0,Jewellery 1,Callpoint 8910,-46.0,online,2026-08-14 03:20:51.429000+00:00,2026-08-14 03:32:18.836000+00:00,ST_UKTK_386(25/2/4)_Guiseley
VOCO_K103,0328D33964,82.0,Click and Collect,Callpoint 8910,-30.0,online,2026-08-14 03:31:08.041000+00:00,2026-08-14 03:32:18.836000+00:00,ST_UKTK_386(25/2/4)_Guiseley
VOCO_K105,0328E870F2,100.0,Fragrance,Callpoint 8910,-42.0,online,2026-08-14 03:24:28.392000+00:00,2026-08-14 03:32:18.836000+00:00,ST_UKTK_386(25/2/4)_Guiseley
VOCO_K102,0328E7BB56,1.0,Fragrance,Callpoint 8910,-48.0,offline,2026-08-13 07:47:41.284000+00:00,2026-08-14 03:32:34.859000+00:00,ST_UKTK_387(20/02/02)_Waltham Abbey
VOCO_K104,0328E405CC,95.0,Till,Callpoint 8910,-46.0,online,2026-08-14 03:29:09.274000+00:00,2026-08-14 03:32:34.859000+00:00,ST_UKTK_387(20/02/02)_Waltham Abbey
VOCO_K105,0328E7B7C4,100.0,Click and Collect,Callpoint 8910,-54.0,online,2026-08-14 03:28:45.138000+00:00,2026-08-14 03:32:34.859000+00:00,ST_UKTK_387(20/02/02)_Waltham Abbey
VOCO_K101,0328E7B9FE,95.0,Jewellery ,Callpoint 8910,-54.0,offline,2026-08-14 02:23:39.037000+00:00,2026-08-14 03:32:11.510000+00:00,ST_UKTK_391(23/03/02)_Balham
VOCO_K102,0328E87070,72.0,Fragrance 1,Callpoint 8910,-58.0,online,2026-08-14 03:17:21.913000+00:00,2026-08-14 03:32:11.510000+00:00,ST_UKTK_391(23/03/02)_Balham
VOCO_K103,0328D842F3,68.0,Click and Collect,Callpoint 8910,-54.0,online,2026-08-14 03:27:37.910000+00:00,2026-08-14 03:32:11.510000+00:00,ST_UKTK_391(23/03/02)_Balham
VOCO_K101,0328D2FAE4,95.0,Click & Collect 2,Callpoint 8910,-30.0,online,2026-08-14 03:24:15.106000+00:00,2026-08-14 03:27:51.012000+00:00,ST_UKTK_392(25/3)_Twickenham
VOCO_K104,0328EA136F,95.0,Click & Collect,Callpoint 8910,-34.0,online,2026-08-14 03:13:46.652000+00:00,2026-08-14 03:27:51.012000+00:00,ST_UKTK_392(25/3)_Twickenham
VOCO_K102,0328E9CCA5,90.0,Fragrance 1,Callpoint 8910,-52.0,online,2026-08-14 03:23:46.384000+00:00,2026-08-14 03:28:46.654000+00:00,ST_UKTK_393(20/2)_Stirling
VOCO_K103,0328EA7567,90.0,Click and collect,Callpoint 8910,-42.0,online,2026-08-14 03:27:14.476000+00:00,2026-08-14 03:28:46.654000+00:00,ST_UKTK_393(20/2)_Stirling
VOCO_K101,0328DF03BB,91.0,Jewellery,Callpoint 8910,-40.0,online,2026-08-14 03:24:56.054000+00:00,2026-08-14 03:31:31.405000+00:00,ST_UKTK_394(20/2)_Chesterfield
VOCO_K102,0328E9CC32,95.0,Jewellery,Callpoint 8910,-58.0,online,2026-08-14 03:19:30.293000+00:00,2026-08-14 03:31:31.405000+00:00,ST_UKTK_394(20/2)_Chesterfield
VOCO_K108,0328DF03D4,94.0,Sales Floor 4,Callpoint 8910,-50.0,online,2026-08-14 03:25:12.804000+00:00,2026-08-14 03:31:31.405000+00:00,ST_UKTK_394(20/2)_Chesterfield
VOCO_K101,0328DAC09B,93.0,Fragrance 1,Callpoint 8910,-42.0,online,2026-08-14 03:20:43.005000+00:00,2026-08-14 03:32:17.653000+00:00,ST_UKTK_395(25/03/04)_Stratford Upon Avon
VOCO_K102,0328E8943A,0.0,Jewellery,Callpoint 8910,-46.0,offline,2026-08-13 16:43:25.285000+00:00,2026-08-14 03:32:17.653000+00:00,ST_UKTK_395(25/03/04)_Stratford Upon Avon
VOCO_K103,0328DAC098,8.0,Click and Collect,Callpoint 8910,-44.0,online,2026-08-14 03:28:52.858000+00:00,2026-08-14 03:32:17.653000+00:00,ST_UKTK_395(25/03/04)_Stratford Upon Avon
VOCO_K104,0328E7BB0C,11.0,Fragrance 2,Callpoint 8910,-28.0,online,2026-08-14 03:31:02.523000+00:00,2026-08-14 03:32:17.653000+00:00,ST_UKTK_395(25/03/04)_Stratford Upon Avon
VOCO_K101,0328E7BAA8,65.0,Fragrance,Callpoint 8910,-40.0,online,2026-08-14 03:29:19.628000+00:00,2026-08-14 03:31:00.439000+00:00,ST_UKTK_398(23/02/04)_Reading Gate
VOCO_K102,02EB63D280,100.0,Jewellery 1,Callpoint 8910,-44.0,online,2026-08-14 03:18:26.710000+00:00,2026-08-14 03:31:00.439000+00:00,ST_UKTK_398(23/02/04)_Reading Gate
VOCO_K103,0328E7B924,0.0,Click and Collect,Callpoint 8910,-36.0,online,2026-08-14 03:29:40.853000+00:00,2026-08-14 03:31:00.439000+00:00,ST_UKTK_398(23/02/04)_Reading Gate
VOCO_K104,0328D2FA18,0.0,Jewellery 2,Callpoint 8910,-28.0,offline,2026-08-13 19:59:41.963000+00:00,2026-08-14 03:31:00.439000+00:00,ST_UKTK_398(23/02/04)_Reading Gate
VOCO_K105,0328E9CED0,0.0,Handbags 1,Callpoint 8910,-34.0,online,2026-08-14 03:28:18.027000+00:00,2026-08-14 03:31:00.439000+00:00,ST_UKTK_398(23/02/04)_Reading Gate
VOCO_K106,0328E9CCBA,100.0,Handbags 2,Callpoint 8910,-48.0,online,2026-08-14 03:30:17.174000+00:00,2026-08-14 03:31:00.439000+00:00,ST_UKTK_398(23/02/04)_Reading Gate
VOCO_K107,0328E9CF11,95.0,Fragrance 2,Callpoint 8910,-46.0,online,2026-08-14 03:21:51.489000+00:00,2026-08-14 03:31:00.439000+00:00,ST_UKTK_398(23/02/04)_Reading Gate
VOCO_K101,0328E872AD,100.0,Click and Collect,Callpoint 8910,-70.0,online,2026-08-14 03:30:02.646000+00:00,2026-08-14 03:32:39.565000+00:00,ST_UKTK_399(24/5/4)_Bath
VOCO_K102,02EB63CF32,32.0,Jewellery 1,Callpoint 8910,-32.0,online,2026-08-14 03:30:48.458000+00:00,2026-08-14 03:32:39.565000+00:00,ST_UKTK_399(24/5/4)_Bath
VOCO_K103,0328E88BD1,34.0,Click and Collect 2,Callpoint 8910,-50.0,online,2026-08-14 03:29:58.352000+00:00,2026-08-14 03:32:39.565000+00:00,ST_UKTK_399(24/5/4)_Bath
VOCO_K104,0328E87018,100.0,Jewellery 2,Callpoint 8910,-70.0,online,2026-08-14 03:30:37.513000+00:00,2026-08-14 03:32:39.565000+00:00,ST_UKTK_399(24/5/4)_Bath
VOCO_K105,0328E872AA,100.0,Fragrance,Callpoint 8910,-64.0,online,2026-08-14 03:30:06.607000+00:00,2026-08-14 03:32:39.565000+00:00,ST_UKTK_399(24/5/4)_Bath
VOCO_K106,0328E7BDC0,0.0,Fragrance,Callpoint 8910,-76.0,offline,2026-08-14 03:24:53.631000+00:00,2026-08-14 03:32:39.565000+00:00,ST_UKTK_399(24/5/4)_Bath
VOCO_K101,0328D2FAF9,0.0,Sales Floor 1,Callpoint 8910,-60.0,online,2026-08-14 03:32:40.852000+00:00,2026-08-14 03:32:46.771000+00:00,ST_UKTK_400(20/1)_Camberley
VOCO_K102,0328E9CD6D,100.0,Fragrance,Callpoint 8910,-52.0,online,2026-08-14 03:26:16.354000+00:00,2026-08-14 03:31:16.446000+00:00,ST_UKTK_400(20/1)_Camberley
VOCO_K101,0328E7BE07,92.0,Handbags 3,Callpoint 8910,-52.0,online,2026-08-14 03:24:07.101000+00:00,2026-08-14 03:31:36.289000+00:00,ST_UKTK_401(23/03/04)_Hayes
VOCO_K102,02EB63CE66,0.0,Fragrance,Callpoint 8910,-44.0,online,2026-08-14 03:20:40.292000+00:00,2026-08-14 03:31:36.289000+00:00,ST_UKTK_401(23/03/04)_Hayes
VOCO_K104,0328EA115E,100.0,Handbags 4,Callpoint 8910,-46.0,online,2026-08-14 03:23:49.722000+00:00,2026-08-14 03:31:36.289000+00:00,ST_UKTK_401(23/03/04)_Hayes
VOCO_K108,0328E893C8,100.0,Click and COLLECT,Callpoint 8910,-38.0,online,2026-08-14 03:29:39.221000+00:00,2026-08-14 03:31:36.289000+00:00,ST_UKTK_401(23/03/04)_Hayes
VOCO_K109,0328E8942A,100.0,Click and Collect,Callpoint 8910,-44.0,online,2026-08-14 03:29:57.021000+00:00,2026-08-14 03:31:36.289000+00:00,ST_UKTK_401(23/03/04)_Hayes
VOCO_K101,03603563F6,47.0,Click & Collect,Callpoint 8910,-30.0,offline,2026-08-13 06:31:15.032000+00:00,2026-08-14 03:30:49.590000+00:00,ST_UKTK_402(30/02/04)_Harringay
VOCO_K102,0328EA1166,98.0,Mens Outerwear,Callpoint 8910,-32.0,online,2026-08-14 03:24:11.613000+00:00,2026-08-14 03:30:49.590000+00:00,ST_UKTK_402(30/02/04)_Harringay
VOCO_K103,0328EA1153,98.0,Womens gold label,Callpoint 8910,-36.0,online,2026-08-14 03:22:23.535000+00:00,2026-08-14 03:30:49.590000+00:00,ST_UKTK_402(30/02/04)_Harringay
VOCO_K104,0328E9CDC2,100.0,Click and Collect 1,Callpoint 8910,-26.0,online,2026-08-14 03:24:32.145000+00:00,2026-08-14 03:30:49.590000+00:00,ST_UKTK_402(30/02/04)_Harringay
VOCO_K105,0328EA119A,80.0,,Callpoint 8910,-30.0,online,2026-08-14 03:18:14.514000+00:00,2026-08-14 03:30:49.590000+00:00,ST_UKTK_402(30/02/04)_Harringay
VOCO_K106,0328E9CD05,93.0,click&collect,Callpoint 8910,-48.0,online,2026-08-14 03:30:27.925000+00:00,2026-08-14 03:30:49.590000+00:00,ST_UKTK_402(30/02/04)_Harringay
VOCO_K107,0328E8712A,58.0,Fragrance,Callpoint 8910,-28.0,online,2026-08-14 03:19:38.990000+00:00,2026-08-14 03:30:49.590000+00:00,ST_UKTK_402(30/02/04)_Harringay
VOCO_K101,0328EB767C,72.0,Fragrance,Callpoint 8910,-38.0,online,2026-08-14 03:21:03.950000+00:00,2026-08-14 03:29:52.797000+00:00,ST_UKTK_404(20/2)_Edinburgh Hermiston
VOCO_K102,0328EA7406,0.0,Click and collect,Callpoint 8910,-38.0,offline,2026-08-13 13:51:36.664000+00:00,2026-08-14 03:29:52.797000+00:00,ST_UKTK_404(20/2)_Edinburgh Hermiston
VOCO_K104,0328EA73F3,93.0,Fragrance ,Callpoint 8910,-28.0,offline,2026-08-13 13:50:53.414000+00:00,2026-08-14 03:29:52.797000+00:00,ST_UKTK_404(20/2)_Edinburgh Hermiston
VOCO_K101,0328E32818,100.0,Click and Collect 1,Callpoint 8910,-44.0,online,2026-08-14 03:27:23.385000+00:00,2026-08-14 03:29:59.375000+00:00,ST_UKTK_409(23/03/04)_Hove
VOCO_K103,0328EA740A,100.0,Fragrance,Callpoint 8910,-46.0,online,2026-08-14 03:24:36.321000+00:00,2026-08-14 03:29:59.375000+00:00,ST_UKTK_409(23/03/04)_Hove
VOCO_K104,0328E89339,35.0,click and collect,Callpoint 8910,-32.0,online,2026-08-14 03:20:51.523000+00:00,2026-08-14 03:30:30.602000+00:00,ST_UKTK_410(25/2)_Giltbrook
VOCO_K105,0328E89374,25.0,Frangrance,Callpoint 8910,-50.0,online,2026-08-14 03:16:23.976000+00:00,2026-08-14 03:30:30.602000+00:00,ST_UKTK_410(25/2)_Giltbrook
VOCO_K101,0328E7BCE8,100.0,Fragrance,Callpoint 8910,-36.0,online,2026-08-14 03:27:11.321000+00:00,2026-08-14 03:32:13.893000+00:00,ST_UKTK_413(20/01/04)_Leigh
VOCO_K103,0328EA1200,100.0,Click & Collect,Callpoint 8910,-30.0,online,2026-08-14 03:26:43.278000+00:00,2026-08-14 03:32:13.893000+00:00,ST_UKTK_413(20/01/04)_Leigh
VOCO_K101,0328E87095,81.0,Handbags 4,Callpoint 8910,-26.0,offline,2026-08-13 20:54:36.105000+00:00,2026-08-14 03:31:43.615000+00:00,ST_UKTK_414(66/03/04)_Stratford Westfield
VOCO_K103,0328E843B5,100.0,Handbags 3,Callpoint 8910,-34.0,online,2026-08-14 03:27:49.725000+00:00,2026-08-14 03:31:43.615000+00:00,ST_UKTK_414(66/03/04)_Stratford Westfield
VOCO_K104,0328E87040,83.0,Gold Label Handbags 1,Callpoint 8910,-36.0,online,2026-08-14 03:18:41.196000+00:00,2026-08-14 03:31:43.615000+00:00,ST_UKTK_414(66/03/04)_Stratford Westfield
VOCO_K105,0328E86FF6,85.0,Mens gold label,Callpoint 8910,-38.0,offline,2026-08-13 12:55:20.670000+00:00,2026-08-14 03:31:43.615000+00:00,ST_UKTK_414(66/03/04)_Stratford Westfield
VOCO_K107,0328E87078,100.0,Fragrance 2,Callpoint 8910,-34.0,online,2026-08-14 03:30:05.648000+00:00,2026-08-14 03:31:43.615000+00:00,ST_UKTK_414(66/03/04)_Stratford Westfield
VOCO_K108,0328E8408A,100.0,Handbags 5,Callpoint 8910,-38.0,online,2026-08-14 03:26:42.438000+00:00,2026-08-14 03:31:43.615000+00:00,ST_UKTK_414(66/03/04)_Stratford Westfield
VOCO_K109,0328E843E7,90.0,Handbags 6,Callpoint 8910,-40.0,offline,2026-08-13 20:55:13.860000+00:00,2026-08-14 03:31:43.615000+00:00,ST_UKTK_414(66/03/04)_Stratford Westfield
VOCO_K110,0328E9CCE6,100.0,Handbags 5,Callpoint 8910,-34.0,online,2026-08-14 03:24:04.966000+00:00,2026-08-14 03:31:43.615000+00:00,ST_UKTK_414(66/03/04)_Stratford Westfield
VOCO_K111,0328E86FFC,98.0,Click and Collect 1,Callpoint 8910,-28.0,online,2026-08-14 03:27:22.839000+00:00,2026-08-14 03:31:43.615000+00:00,ST_UKTK_414(66/03/04)_Stratford Westfield
VOCO_K112,0328E87126,97.0,Fragrance,Callpoint 8910,-36.0,offline,2026-08-14 00:18:37.453000+00:00,2026-08-14 03:31:43.615000+00:00,ST_UKTK_414(66/03/04)_Stratford Westfield
VOCO_K113,0328E87086,95.0,Handbags 1,Callpoint 8910,-38.0,online,2026-08-14 03:20:56.971000+00:00,2026-08-14 03:31:43.615000+00:00,ST_UKTK_414(66/03/04)_Stratford Westfield
VOCO_K114,0328EA11C3,5.0,Womens Outerwear,Callpoint 8910,-32.0,online,2026-08-14 03:29:10.286000+00:00,2026-08-14 03:31:43.615000+00:00,ST_UKTK_414(66/03/04)_Stratford Westfield
VOCO_K115,0328EA11B0,0.0,Mens Outerwear,Callpoint 8910,-40.0,offline,2026-08-13 14:23:19.086000+00:00,2026-08-14 03:31:43.615000+00:00,ST_UKTK_414(66/03/04)_Stratford Westfield
VOCO_K116,0328EA1413,100.0,Gold Label Handbags 3,Callpoint 8910,-42.0,online,2026-08-14 03:22:14.958000+00:00,2026-08-14 03:31:43.615000+00:00,ST_UKTK_414(66/03/04)_Stratford Westfield
VOCO_K117,0328E9CECD,95.0,Fragrance 3,Callpoint 8910,-32.0,offline,2026-08-13 20:54:24.631000+00:00,2026-08-14 03:31:43.615000+00:00,ST_UKTK_414(66/03/04)_Stratford Westfield
VOCO_K118,0328E86FF2,89.0,Fragrance,Callpoint 8910,-32.0,online,2026-08-14 03:29:18.025000+00:00,2026-08-14 03:31:43.615000+00:00,ST_UKTK_414(66/03/04)_Stratford Westfield
VOCO_K103,0328E74522,32.0,Click and Collect,Callpoint 8910,-42.0,online,2026-08-14 03:27:33.047000+00:00,2026-08-14 03:28:44.931000+00:00,ST_UKTK_415(20/02/04)_Bishop Auckland
VOCO_K104,0328E9CCFE,95.0,Fragrance 1,Callpoint 8910,-38.0,online,2026-08-14 03:14:55.218000+00:00,2026-08-14 03:28:44.931000+00:00,ST_UKTK_415(20/02/04)_Bishop Auckland
VOCO_K101,0328E86F8F,100.0,Sales Floor 1,Callpoint 8910,-42.0,online,2026-08-14 03:24:45.564000+00:00,2026-08-14 03:29:09.638000+00:00,ST_UKTK_416(20/2)_Hull Kingswood
VOCO_K103,0328E87268,90.0,Click and Collect,Callpoint 8910,-38.0,online,2026-08-14 03:25:08.180000+00:00,2026-08-14 03:29:09.638000+00:00,ST_UKTK_416(20/2)_Hull Kingswood
VOCO_K104,0328E86BCF,71.0,Fragrance,Callpoint 8910,-46.0,online,2026-08-14 03:20:40.314000+00:00,2026-08-14 03:29:09.638000+00:00,ST_UKTK_416(20/2)_Hull Kingswood
VOCO_K101,0328E9CF12,0.0,Handbags,Callpoint 8910,-34.0,online,2026-08-14 03:27:35.687000+00:00,2026-08-14 03:31:56.763000+00:00,ST_UKTK_418(28/03/04)_Basildon
VOCO_K104,0328E86B94,100.0,Fragrance,Callpoint 8910,-34.0,online,2026-08-14 03:30:23.556000+00:00,2026-08-14 03:31:56.763000+00:00,ST_UKTK_418(28/03/04)_Basildon
VOCO_K105,0328E86BB2,100.0,Click and Collect,Callpoint 8910,-30.0,online,2026-08-14 03:30:00.206000+00:00,2026-08-14 03:31:56.763000+00:00,ST_UKTK_418(28/03/04)_Basildon
VOCO_K101,02EB63D526,82.0,Sales Floor 1,Callpoint 8910,-30.0,online,2026-08-14 03:27:11.950000+00:00,2026-08-14 03:31:08.970000+00:00,ST_UKTK_419(23/03/04)_Taplow
VOCO_K102,02EB63D122,100.0,Jewellery 1,Callpoint 8910,-36.0,online,2026-08-14 03:17:34.158000+00:00,2026-08-14 03:31:08.970000+00:00,ST_UKTK_419(23/03/04)_Taplow
VOCO_K103,02EB63D1C6,0.0,Click and Collect,Callpoint 8910,-24.0,online,2026-08-14 03:21:28.044000+00:00,2026-08-14 03:31:08.970000+00:00,ST_UKTK_419(23/03/04)_Taplow
VOCO_K101,0328D2FB8B,44.0,Sales Floor 1,Callpoint 8910,-36.0,online,2026-08-14 03:28:34.734000+00:00,2026-08-14 03:32:13.259000+00:00,ST_UKTK_420(20/01/04)_Barnsley Cortonwood
VOCO_K102,0328E9CE8A,97.0,Fragrance,Callpoint 8910,-36.0,online,2026-08-14 03:24:26.244000+00:00,2026-08-14 03:32:13.259000+00:00,ST_UKTK_420(20/01/04)_Barnsley Cortonwood
VOCO_K101,0328EA744A,100.0,Fragrance,Callpoint 8910,-42.0,online,2026-08-14 03:27:22.935000+00:00,2026-08-14 03:31:20.837000+00:00,ST_UKTK_421(20/1)_Haverfordwest
VOCO_K109,0328DEFE88,4.0,Home Dept,Callpoint 8910,-38.0,online,2026-08-14 03:29:58.309000+00:00,2026-08-14 03:31:20.837000+00:00,ST_UKTK_421(20/1)_Haverfordwest
VOCO_K102,0328E9CCFF,35.0,Fragrance,Callpoint 8910,-50.0,online,2026-08-14 03:21:01.190000+00:00,2026-08-14 03:32:42.798000+00:00,ST_UKTK_422(15/1)_Barrow-In-Furness
VOCO_K103,0328EA12DE,34.0,Click and Collect,Callpoint 8910,-24.0,online,2026-08-14 03:17:55.848000+00:00,2026-08-14 03:31:07.975000+00:00,ST_UKTK_423(20/1)_Trowbridge
VOCO_K102,0328E405F2,40.0,Click & Collect,Callpoint 8910,-38.0,online,2026-08-14 03:17:27.919000+00:00,2026-08-14 03:31:43.389000+00:00,ST_UKTK_424(25/02/03)_Peterborough Brotherhood
VOCO_K103,0328E8405A,44.0,Fragrance,Callpoint 8910,-54.0,online,2026-08-14 03:30:09.450000+00:00,2026-08-14 03:31:43.389000+00:00,ST_UKTK_424(25/02/03)_Peterborough Brotherhood
VOCO_K101,0328EA744F,45.0,Fragrance,Callpoint 8910,-34.0,online,2026-08-14 03:29:45.091000+00:00,2026-08-14 03:31:46.927000+00:00,ST_UKTK_427(25/02/04)_Walthamstow
VOCO_K102,0328EA7519,100.0,click and collect 2,Callpoint 8910,-34.0,online,2026-08-14 03:23:34.513000+00:00,2026-08-14 03:31:46.927000+00:00,ST_UKTK_427(25/02/04)_Walthamstow
VOCO_K103,0328E892C3,0.0,Click and Collect,Callpoint 8910,-32.0,offline,2026-08-13 07:21:16.463000+00:00,2026-08-14 03:31:46.927000+00:00,ST_UKTK_427(25/02/04)_Walthamstow
VOCO_K101,0328E9CEBE,0.0,Fragrance,Callpoint 8910,-28.0,offline,2026-08-14 02:52:13.847000+00:00,2026-08-14 03:28:19.027000+00:00,ST_UKTK_428(20/01/03)_Hinckley
VOCO_K101,0328E89437,83.0,Fragrance,Callpoint 8910,-52.0,online,2026-08-14 03:15:39.994000+00:00,2026-08-14 03:30:04.550000+00:00,ST_UKTK_429(25/01/03)_Chichester
VOCO_K102,0328E89425,34.0,Click and Collect,Callpoint 8910,-40.0,online,2026-08-14 03:22:12.262000+00:00,2026-08-14 03:30:04.550000+00:00,ST_UKTK_429(25/01/03)_Chichester
VOCO_K103,0328E89439,81.0,Sales Floor 1,Callpoint 8910,-72.0,online,2026-08-14 03:17:16.050000+00:00,2026-08-14 03:30:04.550000+00:00,ST_UKTK_429(25/01/03)_Chichester
VOCO_K101,0328E9CD7A,100.0,Fragrance,Callpoint 8910,-34.0,online,2026-08-14 03:17:27.801000+00:00,2026-08-14 03:31:28.502000+00:00,ST_UKTK_430(20/02/03)_Hartlepool
VOCO_K101,0328E40641,100.0,Click and Click,Callpoint 8910,-36.0,online,2026-08-14 03:18:35.923000+00:00,2026-08-14 03:28:15.413000+00:00,ST_UKTK_431(20/01/03)_Rawtenstall
VOCO_K103,0328E7BCE6,60.0,Fragrance,Callpoint 8910,-30.0,online,2026-08-14 03:14:22.529000+00:00,2026-08-14 03:28:15.413000+00:00,ST_UKTK_431(20/01/03)_Rawtenstall
VOCO_K101,0328DABAE8,96.0,Click & Collect,Callpoint 8910,-42.0,online,2026-08-14 03:23:20.206000+00:00,2026-08-14 03:32:18.244000+00:00,ST_UKTK_432(25/03/04)_Blackpool Squires Gate
VOCO_K102,0328E9CD84,0.0,Fragrance ,Callpoint 8910,-56.0,online,2026-08-14 03:26:50.773000+00:00,2026-08-14 03:32:18.244000+00:00,ST_UKTK_432(25/03/04)_Blackpool Squires Gate
VOCO_K103,02EB63CB04,0.0,jewellery,Callpoint 8910,-40.0,online,2026-08-14 03:30:09.172000+00:00,2026-08-14 03:32:18.244000+00:00,ST_UKTK_432(25/03/04)_Blackpool Squires Gate
VOCO_K101,0328E870DC,0.0,Click and Collect,Callpoint 8910,-34.0,offline,2026-08-13 10:20:32.705000+00:00,2026-08-14 03:32:11.992000+00:00,ST_UKTK_437(23/03/02)_South Ruislip
VOCO_K103,0328EA136D,64.0,Jewellery,Callpoint 8910,-34.0,offline,2026-08-13 19:10:09.022000+00:00,2026-08-14 03:32:11.992000+00:00,ST_UKTK_437(23/03/02)_South Ruislip
VOCO_K105,0328EA11FA,41.0,Fragrance,Callpoint 8910,-32.0,online,2026-08-14 03:25:56.722000+00:00,2026-08-14 03:32:11.992000+00:00,ST_UKTK_437(23/03/02)_South Ruislip
VOCO_K106,0328EA11F9,48.0,Jewellery,Callpoint 8910,-42.0,online,2026-08-14 03:26:00.041000+00:00,2026-08-14 03:32:11.992000+00:00,ST_UKTK_437(23/03/02)_South Ruislip
VOCO_K102,0328EA76BD,74.0,Fragrance 1,Callpoint 8910,-42.0,online,2026-08-14 03:19:56.918000+00:00,2026-08-14 03:32:19.789000+00:00,ST_UKTK_439(20/2/3)_Chippenham
VOCO_K103,0328EA76C6,0.0,Click and Collect 1,Callpoint 8910,-34.0,offline,2026-08-13 15:40:06.145000+00:00,2026-08-14 03:32:19.789000+00:00,ST_UKTK_439(20/2/3)_Chippenham
VOCO_K101,0328E7BD20,36.0,Fragrance,Callpoint 8910,-30.0,online,2026-08-14 03:14:19.008000+00:00,2026-08-14 03:28:54.664000+00:00,ST_UKTK_440(20/1)_Nottingham Victoria
VOCO_K101,0328E32574,5.0,Sales Floor 1,Callpoint 8910,-78.0,offline,2026-08-13 12:20:38.373000+00:00,2026-08-14 03:31:21.069000+00:00,ST_UKTK_441(20/1)_Barnstaple
VOCO_K102,0328E7B9EC,80.0,Jewellery 1,Callpoint 8910,-32.0,online,2026-08-14 03:28:40.635000+00:00,2026-08-14 03:28:46.643000+00:00,ST_UKTK_442(20/01/03)_Cramlington
VOCO_K101,0328E9CE23,95.0,Click and Collect,Callpoint 8910,-36.0,online,2026-08-14 03:19:36.146000+00:00,2026-08-14 03:30:45.553000+00:00,ST_UKTK_443(20/01/03)_Llandudno
VOCO_K103,0328E9CDAB,100.0,Fragrance,Callpoint 8910,-32.0,online,2026-08-14 03:29:07.069000+00:00,2026-08-14 03:30:45.553000+00:00,ST_UKTK_443(20/01/03)_Llandudno
VOCO_K101,0328E9CE35,95.0,Mens Outerwear,Callpoint 8910,-34.0,offline,2026-08-13 19:28:48.208000+00:00,2026-08-14 03:28:40.923000+00:00,ST_UKTK_444(29/02/02)_Tottenham Hale
VOCO_K102,0328E9CDB7,95.0,Womens Outerwear,Callpoint 8910,-48.0,offline,2026-08-14 02:59:06.011000+00:00,2026-08-14 03:28:40.923000+00:00,ST_UKTK_444(29/02/02)_Tottenham Hale
VOCO_K103,0328E87008,100.0,Fragrance,Callpoint 8910,-46.0,online,2026-08-14 03:28:12.251000+00:00,2026-08-14 03:28:40.923000+00:00,ST_UKTK_444(29/02/02)_Tottenham Hale
VOCO_K104,0328E7B6A1,95.0,Fragrance 2,Callpoint 8910,-46.0,online,2026-08-14 03:28:36.637000+00:00,2026-08-14 03:28:40.923000+00:00,ST_UKTK_444(29/02/02)_Tottenham Hale
VOCO_K105,0328E9CBE8,100.0,Handbags 1,Callpoint 8910,-38.0,online,2026-08-14 03:24:04.589000+00:00,2026-08-14 03:28:40.923000+00:00,ST_UKTK_444(29/02/02)_Tottenham Hale
VOCO_K106,0328E9CF38,100.0,Click and Collect,Callpoint 8910,-40.0,online,2026-08-14 03:24:30.919000+00:00,2026-08-14 03:28:40.923000+00:00,ST_UKTK_444(29/02/02)_Tottenham Hale
VOCO_K107,0328E871BD,0.0,Mens outerwear 1,Callpoint 8910,-40.0,offline,2026-08-13 19:42:52.813000+00:00,2026-08-14 03:28:40.923000+00:00,ST_UKTK_444(29/02/02)_Tottenham Hale
VOCO_K108,0328E9CBD3,100.0,jewellery,Callpoint 8910,-46.0,online,2026-08-14 03:24:41.143000+00:00,2026-08-14 03:28:40.923000+00:00,ST_UKTK_444(29/02/02)_Tottenham Hale
VOCO_K109,0328EA1108,79.0,jewellery,Callpoint 8910,-40.0,online,2026-08-14 03:18:44.677000+00:00,2026-08-14 03:28:40.923000+00:00,ST_UKTK_444(29/02/02)_Tottenham Hale
VOCO_K101,0328D2FABD,32.0,Sales Floor 1,Callpoint 8910,-38.0,online,2026-08-14 03:27:44.705000+00:00,2026-08-14 03:29:49.095000+00:00,ST_UKTK_446(20/3)_Biggleswade
VOCO_K102,0328E9CD35,43.0,Jewellery 1,Callpoint 8910,-46.0,online,2026-08-14 03:26:37.378000+00:00,2026-08-14 03:29:49.095000+00:00,ST_UKTK_446(20/3)_Biggleswade
VOCO_K103,0328E9CD00,34.0,Fragrance,Callpoint 8910,-56.0,online,2026-08-14 03:26:20.920000+00:00,2026-08-14 03:29:49.095000+00:00,ST_UKTK_446(20/3)_Biggleswade
VOCO_K101,0328E7BE16,88.0,Fragrance,Callpoint 8910,-48.0,online,2026-08-14 03:25:54.550000+00:00,2026-08-14 03:31:20.988000+00:00,ST_UKTK_448(20/01/03)_Cannock
VOCO_K102,0328D339B7,0.0,Click and Collect 1,Callpoint 8910,-46.0,online,2026-08-14 03:30:27.797000+00:00,2026-08-14 03:31:20.988000+00:00,ST_UKTK_448(20/01/03)_Cannock
VOCO_K103,0328E89376,96.0,Click and Collect 2,Callpoint 8910,-30.0,online,2026-08-14 03:23:03.669000+00:00,2026-08-14 03:31:20.988000+00:00,ST_UKTK_448(20/01/03)_Cannock
VOCO_K104,0328E9CCD8,100.0,Fragrance 2,Callpoint 8910,-50.0,online,2026-08-14 03:25:39.036000+00:00,2026-08-14 03:31:20.988000+00:00,ST_UKTK_448(20/01/03)_Cannock
VOCO_K105,0328EA74D0,91.0,Fragrance 3,Callpoint 8910,-38.0,online,2026-08-14 03:25:57.595000+00:00,2026-08-14 03:31:20.988000+00:00,ST_UKTK_448(20/01/03)_Cannock
VOCO_K101,0328E9CD39,80.0,Sales,Callpoint 8910,-32.0,online,2026-08-14 03:24:48.601000+00:00,2026-08-14 03:30:24.421000+00:00,ST_UKTK_449(15/2)_Hamilton (new)
VOCO_K103,0328E9CED7,100.0,Click and Collect,Callpoint 8910,-28.0,online,2026-08-14 03:19:31.138000+00:00,2026-08-14 03:30:24.421000+00:00,ST_UKTK_449(15/2)_Hamilton (new)
VOCO_K104,0328E9CE71,0.0,Fragrance,Callpoint 8910,-44.0,offline,2026-08-13 07:40:58.757000+00:00,2026-08-14 03:30:24.421000+00:00,ST_UKTK_449(15/2)_Hamilton (new)
VOCO_K101,0328E3261D,100.0,Click and Collect,Callpoint 8910,-64.0,online,2026-08-14 03:20:38.183000+00:00,2026-08-14 03:27:47.673000+00:00,ST_UKTK_667(25/02/04)_High Wycombe
VOCO_K102,0328E892E4,100.0,Fragrance,Callpoint 8910,-64.0,online,2026-08-14 03:26:47.539000+00:00,2026-08-14 03:27:47.673000+00:00,ST_UKTK_667(25/02/04)_High Wycombe
VOCO_K104,0328E9CF6A,22.0,Handbags 2,Callpoint 8910,-54.0,online,2026-08-14 03:23:04.751000+00:00,2026-08-14 03:27:47.673000+00:00,ST_UKTK_667(25/02/04)_High Wycombe
VOCO_K105,0328EA7494,75.0,handbags 1,Callpoint 8910,-58.0,online,2026-08-14 03:24:49.057000+00:00,2026-08-14 03:27:47.673000+00:00,ST_UKTK_667(25/02/04)_High Wycombe
VOCO_K101,0328E8407A,3.0,Fragrance 2,Callpoint 8910,-40.0,online,2026-08-14 03:28:02.709000+00:00,2026-08-14 03:32:02.667000+00:00,ST_UKTK_669(20/1/4)_Dunstable
VOCO_K102,0328E9CD60,100.0,Fragrance,Callpoint 8910,-38.0,online,2026-08-14 03:17:11.186000+00:00,2026-08-14 03:32:02.667000+00:00,ST_UKTK_669(20/1/4)_Dunstable
VOCO_K101,0328E87015,100.0,Click and Collect,Callpoint 8910,-44.0,online,2026-08-14 03:23:27.395000+00:00,2026-08-14 03:31:26.621000+00:00,ST_UKTK_670(20/2)_Hempstead Valley
VOCO_K103,0328E9CD7F,100.0,Fragrance,Callpoint 8910,-38.0,online,2026-08-14 03:31:12.116000+00:00,2026-08-14 03:31:26.621000+00:00,ST_UKTK_670(20/2)_Hempstead Valley
VOCO_K101,0328E9CD2F,94.0,Fragrance,Callpoint 8910,-26.0,online,2026-08-14 03:24:28.807000+00:00,2026-08-14 03:29:32.109000+00:00,ST_UKTK_672(20/01/04)_Yate
VOCO_K102,0328E7B71D,68.0,Jewellery 1,Callpoint 8910,-32.0,online,2026-08-14 03:25:43.773000+00:00,2026-08-14 03:29:32.109000+00:00,ST_UKTK_672(20/01/04)_Yate
VOCO_K103,0328E9CC5C,100.0,Click & Collect 2,Callpoint 8910,-32.0,online,2026-08-14 03:18:52.999000+00:00,2026-08-14 03:31:15.575000+00:00,ST_UKTK_673(20/02/04)_Huddersfield Great Northern
VOCO_K104,0328E9CCF9,100.0,Fragrance 2,Callpoint 8910,-36.0,online,2026-08-14 03:26:19.190000+00:00,2026-08-14 03:31:15.575000+00:00,ST_UKTK_673(20/02/04)_Huddersfield Great Northern
VOCO_K101,0328E87128,60.0,Sales Floor,Callpoint 8910,-44.0,online,2026-08-14 03:19:53.580000+00:00,2026-08-14 03:31:26.835000+00:00,ST_UKTK_674(20/02/03)_Prescot
VOCO_K103,0328E88BEB,21.0,click and collect,Callpoint 8910,-28.0,online,2026-08-14 03:25:14.890000+00:00,2026-08-14 03:31:26.835000+00:00,ST_UKTK_674(20/02/03)_Prescot
VOCO_K105,0328E9CEB3,68.0,Fragrance 1,Callpoint 8910,-42.0,online,2026-08-14 03:29:22.425000+00:00,2026-08-14 03:31:26.835000+00:00,ST_UKTK_674(20/02/03)_Prescot
VOCO_K101,0328E74406,82.0,Click and collect,Callpoint 8910,-30.0,online,2026-08-14 03:16:47.293000+00:00,2026-08-14 03:29:50.015000+00:00,ST_UKTK_675(20/01/03)_Colne -1
VOCO_K102,0328E9CCC0,46.0,Fragrance,Callpoint 8910,-44.0,online,2026-08-14 03:21:24.612000+00:00,2026-08-14 03:29:04.647000+00:00,ST_UKTK_676(20/02/03)_Newtownards
VOCO_K102,0328E9CC6D,100.0,Handbags 2,Callpoint 8910,-34.0,online,2026-08-14 03:19:23.827000+00:00,2026-08-14 03:30:32.537000+00:00,ST_UKTK_677(25/01/04)_Birstall
VOCO_K104,0328E9CCF8,100.0,Fragrance 1,Callpoint 8910,-34.0,online,2026-08-14 03:29:33.094000+00:00,2026-08-14 03:30:32.537000+00:00,ST_UKTK_677(25/01/04)_Birstall
VOCO_K101,0328E86CBA,100.0,Fragrance 1,Callpoint 8910,-50.0,online,2026-08-14 03:16:33.566000+00:00,2026-08-14 03:28:46.961000+00:00,ST_UKTK_678(20/01/02)_Stoke Longton
VOCO_K103,0328D33905,95.0,Click and Collect,Callpoint 8910,-48.0,offline,2026-08-13 19:07:48.925000+00:00,2026-08-14 03:28:46.961000+00:00,ST_UKTK_678(20/01/02)_Stoke Longton
VOCO_K101,0328E834E4,100.0,Fragrance,Callpoint 8910,-56.0,online,2026-08-14 03:22:00.574000+00:00,2026-08-14 03:28:01.086000+00:00,ST_UKTK_745(20/01/02)_Gloucester
VOCO_K102,0328E9CEC2,99.0,Fragrance,Callpoint 8910,-42.0,offline,2026-08-13 13:55:06.519000+00:00,2026-08-14 03:31:16.527000+00:00,ST_UKTK_747(15/1)_Lowestoft
VOCO_K101,0328E325B3,0.0,Sales Floor 1,Callpoint 8910,-32.0,online,2026-08-14 03:29:14.551000+00:00,2026-08-14 03:31:03.047000+00:00,ST_UKTK_748(15/1)_Galashiels
VOCO_K102,0328E9CE79,34.0,Fragrance 1,Callpoint 8910,-46.0,online,2026-08-14 03:26:38.716000+00:00,2026-08-14 03:31:03.047000+00:00,ST_UKTK_748(15/1)_Galashiels
VOCO_K101,0328E3295A,100.0,Click and Collect,Callpoint 8910,-46.0,online,2026-08-14 03:22:41.618000+00:00,2026-08-14 03:29:35.186000+00:00,ST_UKTK_749(20/01/02)_Cardiff City Link
VOCO_K102,0328E9CD3A,95.0,fragrance,Callpoint 8910,-46.0,online,2026-08-14 03:22:44.096000+00:00,2026-08-14 03:29:35.186000+00:00,ST_UKTK_749(20/01/02)_Cardiff City Link
VOCO_K102,0328E7BD94,100.0,Fragrance,Callpoint 8910,-42.0,online,2026-08-14 03:26:45.199000+00:00,2026-08-14 03:31:31.930000+00:00,ST_UKTK_750(20/01/02)_Dagenham
VOCO_K103,0328E9CDE0,100.0,Fragrance 2,Callpoint 8910,-42.0,online,2026-08-14 03:19:48.025000+00:00,2026-08-14 03:31:31.930000+00:00,ST_UKTK_750(20/01/02)_Dagenham
VOCO_K104,0328E9CDF5,100.0,click and collect ,Callpoint 8910,-40.0,online,2026-08-14 03:29:05.407000+00:00,2026-08-14 03:31:31.930000+00:00,ST_UKTK_750(20/01/02)_Dagenham
VOCO_K101,0328E86CAF,89.0,Fragrance,Callpoint 8910,-54.0,offline,2026-08-13 20:04:24.349000+00:00,2026-08-14 03:30:13.311000+00:00,ST_UKTK_751(25/01/02)_Crawley County Oak
VOCO_K102,0328EA1375,97.0,Fragrance 2,Callpoint 8910,-62.0,online,2026-08-14 03:26:35.414000+00:00,2026-08-14 03:30:13.311000+00:00,ST_UKTK_751(25/01/02)_Crawley County Oak
VOCO_K103,0328E407AB,32.0,Click and Collect,Callpoint 8910,-38.0,online,2026-08-14 03:24:02.025000+00:00,2026-08-14 03:30:13.311000+00:00,ST_UKTK_751(25/01/02)_Crawley County Oak
VOCO_K101,0328E7B89F,100.0,Click and Collcet,Callpoint 8910,-40.0,online,2026-08-14 03:19:03.902000+00:00,2026-08-14 03:29:03.219000+00:00,ST_UKTK_752(25/02/02)_Braintree
VOCO_K102,0328E7B6CD,91.0,Fragrance 1,Callpoint 8910,-44.0,online,2026-08-14 03:27:30.157000+00:00,2026-08-14 03:29:03.219000+00:00,ST_UKTK_752(25/02/02)_Braintree
VOCO_K101,0328E9CC46,11.0,Fragrance,Callpoint 8910,-50.0,online,2026-08-14 03:28:19.602000+00:00,2026-08-14 03:30:39.032000+00:00,ST_UKTK_753(20/02/02)_Leamington Spa
VOCO_K103,0328E3288E,0.0,Click and Collect,Callpoint 8910,-26.0,online,2026-08-14 03:29:43.231000+00:00,2026-08-14 03:30:39.032000+00:00,ST_UKTK_753(20/02/02)_Leamington Spa
VOCO_K101,0328E32642,93.0,Sales Floor 1,Callpoint 8910,-56.0,online,2026-08-14 03:22:48.201000+00:00,2026-08-14 03:29:12.797000+00:00,ST_UKTK_754(20/01/02)_Doncaster Frenchgate
VOCO_K102,0328E9CE7A,0.0,Fragrance,Callpoint 8910,-48.0,offline,2026-08-13 23:41:02.312000+00:00,2026-08-14 03:29:12.797000+00:00,ST_UKTK_754(20/01/02)_Doncaster Frenchgate
VOCO_K103,0328D343BC,99.0,Click & Collect 2,Callpoint 8910,-40.0,online,2026-08-14 03:26:20.256000+00:00,2026-08-14 03:30:25.980000+00:00,ST_UKTK_755(20/02/02)_Loughton
VOCO_K101,0328E89295,100.0,Click and Collect,Callpoint 8910,-42.0,online,2026-08-14 03:24:33.900000+00:00,2026-08-14 03:28:57.766000+00:00,ST_UKTK_756(20/01/02)_Huntington
VOCO_K103,0328E9CD02,0.0,Click and Collect 2,Callpoint 8910,-44.0,online,2026-08-14 03:26:54.715000+00:00,2026-08-14 03:28:57.766000+00:00,ST_UKTK_756(20/01/02)_Huntington
VOCO_K102,0328E74537,100.0,Jewellery 1,Callpoint 8910,-30.0,online,2026-08-14 03:17:34.318000+00:00,2026-08-14 03:30:40.960000+00:00,ST_UKTK_758(20/02/04)_Liverpool Edge Lane
VOCO_K104,0328E745B0,100.0,Jewellery 2,Callpoint 8910,-30.0,online,2026-08-14 03:30:12.617000+00:00,2026-08-14 03:30:40.960000+00:00,ST_UKTK_758(20/02/04)_Liverpool Edge Lane
VOCO_K101,0328D2FB71,8.0,Sales Floor 1,Callpoint 8910,-64.0,online,2026-08-14 03:29:19.942000+00:00,2026-08-14 03:30:16.777000+00:00,ST_UKTK_759(20/1)_Winchester
VOCO_K102,0328E9CEE4,0.0,Fragrance,Callpoint 8910,-46.0,offline,2026-08-13 12:43:42.523000+00:00,2026-08-14 03:29:01.484000+00:00,ST_UKTK_760(20/1)_Didcot
VOCO_K101,0328E9CF69,0.0,Click & collect,Callpoint 8910,-32.0,offline,2026-08-13 23:39:19.854000+00:00,2026-08-14 03:29:57.253000+00:00,ST_UKTK_761(20/1)_Macclesfield
VOCO_K102,0328E74569,0.0,Jewellery 1,Callpoint 8910,-50.0,offline,2026-08-14 03:15:55.467000+00:00,2026-08-14 03:30:33.264000+00:00,ST_UKTK_763(20/1)_Eltham
VOCO_K101,0328E87053,4.0,Click and Collect,Callpoint 8910,-44.0,offline,2026-08-13 15:07:45.452000+00:00,2026-08-14 03:29:45.397000+00:00,ST_UKTK_785(20/1)_Leeds Colton
VOCO_K102,0328E86FD1,0.0,Fragrance,Callpoint 8910,-34.0,offline,2026-08-13 19:59:04.018000+00:00,2026-08-14 03:29:45.397000+00:00,ST_UKTK_785(20/1)_Leeds Colton
VOCO_K101,0328D33960,0.0,Sales Floor 1,Callpoint 8910,-44.0,online,2026-08-14 03:18:07.228000+00:00,2026-08-14 03:28:46.427000+00:00,ST_UKTK_789(20/2)_Kingsley Village
VOCO_K102,0328D33A18,100.0,Jewellery 1,Callpoint 8910,-40.0,online,2026-08-14 03:24:08.767000+00:00,2026-08-14 03:28:46.427000+00:00,ST_UKTK_789(20/2)_Kingsley Village
VOCO_K103,0328D33A56,0.0,Click and Collect,Callpoint 8910,-44.0,offline,2026-08-13 17:31:18.363000+00:00,2026-08-14 03:28:46.427000+00:00,ST_UKTK_789(20/2)_Kingsley Village
VOCO_K104,0328E86DD2,100.0,Fragrance,Callpoint 8910,-40.0,online,2026-08-14 03:27:33.023000+00:00,2026-08-14 03:28:46.427000+00:00,ST_UKTK_789(20/2)_Kingsley Village
VOCO_K105,0328EA12F5,0.0,Fragrance 2,Callpoint 8910,-36.0,offline,2026-08-13 21:26:24.468000+00:00,2026-08-14 03:28:46.427000+00:00,ST_UKTK_789(20/2)_Kingsley Village
VOCO_K101,0328E40878,100.0,Fragrance,Callpoint 8910,-34.0,online,2026-08-14 03:14:33.493000+00:00,2026-08-14 03:28:31.918000+00:00,ST_UKTK_790(15/2/3)_Evesham
VOCO_K102,0328E328ED,82.0,Jewellery 1,Callpoint 8910,-30.0,online,2026-08-14 03:24:54.360000+00:00,2026-08-14 03:28:31.918000+00:00,ST_UKTK_790(15/2/3)_Evesham
VOCO_K102,0328E9CEFC,8.0,Click and Collect,Callpoint 8910,-60.0,online,2026-08-14 03:16:48.169000+00:00,2026-08-14 03:29:32.573000+00:00,ST_UKTK_791(25/02/04)_Edgware
VOCO_K101,0328DEFEDA,1.0,Sales Floor 1,Callpoint 8910,-34.0,online,2026-08-14 03:23:55.317000+00:00,2026-08-14 03:28:55.948000+00:00,ST_UKTK_793(30/02/05)_Leicester Fosse Park
VOCO_K102,0328DF0522,51.0,Fragrance 1,Callpoint 8910,-34.0,online,2026-08-14 03:27:04.270000+00:00,2026-08-14 03:28:55.948000+00:00,ST_UKTK_793(30/02/05)_Leicester Fosse Park
VOCO_K103,0328E840C3,90.0,Click and Collect,Callpoint 8910,-42.0,online,2026-08-14 03:25:33.825000+00:00,2026-08-14 03:28:55.948000+00:00,ST_UKTK_793(30/02/05)_Leicester Fosse Park
VOCO_K105,0328E842CC,8.0,Handbag 2,Callpoint 8910,-34.0,offline,2026-08-13 20:13:44.727000+00:00,2026-08-14 03:28:55.948000+00:00,ST_UKTK_793(30/02/05)_Leicester Fosse Park
VOCO_K107,0328E840E2,0.0,Handbags 4,Callpoint 8910,-42.0,offline,2026-08-14 03:21:49.774000+00:00,2026-08-14 03:28:55.948000+00:00,ST_UKTK_793(30/02/05)_Leicester Fosse Park
VOCO_K108,0328E8412C,0.0,Handbags 5,Callpoint 8910,-32.0,online,2026-08-14 03:32:21.375000+00:00,2026-08-14 03:32:26.792000+00:00,ST_UKTK_793(30/02/05)_Leicester Fosse Park
VOCO_K111,0328E86FF3,7.0,Fragrance 2,Callpoint 8910,-48.0,offline,2026-08-14 03:15:25.409000+00:00,2026-08-14 03:28:55.948000+00:00,ST_UKTK_793(30/02/05)_Leicester Fosse Park
VOCO_K101,0328EA73C0,100.0,Fragrance,Callpoint 8910,-24.0,online,2026-08-14 03:23:29.242000+00:00,2026-08-14 03:28:14.537000+00:00,ST_UKTK_794(25/06/05)_Camden
VOCO_K104,0328E328FB,100.0,Jewellery 2,Callpoint 8910,-24.0,online,2026-08-14 03:20:24.235000+00:00,2026-08-14 03:28:14.537000+00:00,ST_UKTK_794(25/06/05)_Camden
VOCO_K105,0328E9CE80,8.0,Click and Collect,Callpoint 8910,-24.0,online,2026-08-14 03:19:32.975000+00:00,2026-08-14 03:28:14.537000+00:00,ST_UKTK_794(25/06/05)_Camden
VOCO_K101,0328DF0600,0.0,Sales Floor 1,Callpoint 8910,-72.0,offline,2026-08-14 03:25:42.827000+00:00,2026-08-14 03:28:59.815000+00:00,ST_UKTK_795(30/02/05)_Watford
VOCO_K102,0328E84095,95.0,Fragrance 1,Callpoint 8910,-32.0,online,2026-08-14 03:24:47.400000+00:00,2026-08-14 03:28:59.815000+00:00,ST_UKTK_795(30/02/05)_Watford
VOCO_K103,0328E7433C,100.0,Click and Collect,Callpoint 8910,-34.0,online,2026-08-14 03:24:18.301000+00:00,2026-08-14 03:28:59.815000+00:00,ST_UKTK_795(30/02/05)_Watford
VOCO_K104,0328E9CF65,95.0,Fragrance 2,Callpoint 8910,-32.0,online,2026-08-14 03:26:27.503000+00:00,2026-08-14 03:28:59.815000+00:00,ST_UKTK_795(30/02/05)_Watford
VOCO_K105,0328E843DB,100.0,Fragrance 3,Callpoint 8910,-42.0,online,2026-08-14 03:24:10.951000+00:00,2026-08-14 03:28:59.815000+00:00,ST_UKTK_795(30/02/05)_Watford
VOCO_K101,0328E9CD01,95.0,Fragrance,Callpoint 8910,-36.0,online,2026-08-14 03:17:00.429000+00:00,2026-08-14 03:32:01.218000+00:00,ST_UKTK_796_(20/2/4)_Bromborough
VOCO_K101,0328E7B918,82.0,Sales Floor 1,Callpoint 8910,-44.0,online,2026-08-14 03:26:12.148000+00:00,2026-08-14 03:30:13.070000+00:00,ST_UKTK_877(20/02/03)_Dunfermline
VOCO_K102,0328E7BA0B,9.0,Jewellery 1,Callpoint 8910,-28.0,online,2026-08-14 03:30:14.833000+00:00,2026-08-14 03:30:19.178000+00:00,ST_UKTK_877(20/02/03)_Dunfermline
VOCO_K103,0328E9CE87,100.0,Fragrance,Callpoint 8910,-32.0,online,2026-08-14 03:22:27.059000+00:00,2026-08-14 03:30:13.070000+00:00,ST_UKTK_877(20/02/03)_Dunfermline
VOCO_K103,0328E7BA46,0.0,Click and Collect,Callpoint 8910,-36.0,online,2026-08-14 03:24:22.466000+00:00,2026-08-14 03:31:42.298000+00:00,ST_UKTK_880(80/06/06)_Westfield White City
VOCO_K104,0328E7BA58,0.0,Jewellery 2,Callpoint 8910,-42.0,online,2026-08-14 03:30:21.640000+00:00,2026-08-14 03:31:42.298000+00:00,ST_UKTK_880(80/06/06)_Westfield White City
VOCO_K109,0328E7B8C6,75.0,Handbags 2,Callpoint 8910,-38.0,online,2026-08-14 03:22:26.198000+00:00,2026-08-14 03:31:42.298000+00:00,ST_UKTK_880(80/06/06)_Westfield White City
VOCO_K110,0328E8438F,0.0,Handbags 3,Callpoint 8910,-52.0,online,2026-08-14 03:29:41.852000+00:00,2026-08-14 03:31:42.298000+00:00,ST_UKTK_880(80/06/06)_Westfield White City
VOCO_K111,0328E8414D,0.0,Gold Label Handbag 1,Callpoint 8910,-48.0,online,2026-08-14 03:19:12.219000+00:00,2026-08-14 03:31:42.298000+00:00,ST_UKTK_880(80/06/06)_Westfield White City
VOCO_K112,0328E84151,0.0,Handbags 5,Callpoint 8910,-46.0,online,2026-08-14 03:25:33.615000+00:00,2026-08-14 03:31:42.298000+00:00,ST_UKTK_880(80/06/06)_Westfield White City
VOCO_K113,0328E8413C,100.0,Mens Gold Label,Callpoint 8910,-40.0,online,2026-08-14 03:27:40.846000+00:00,2026-08-14 03:31:42.298000+00:00,ST_UKTK_880(80/06/06)_Westfield White City
VOCO_K114,0328E8414E,100.0,Handbags 7,Callpoint 8910,-30.0,online,2026-08-14 03:29:29.184000+00:00,2026-08-14 03:31:42.298000+00:00,ST_UKTK_880(80/06/06)_Westfield White City
VOCO_K116,0328E840FE,100.0,Fragrance 2,Callpoint 8910,-34.0,online,2026-08-14 03:22:21.555000+00:00,2026-08-14 03:31:42.298000+00:00,ST_UKTK_880(80/06/06)_Westfield White City
VOCO_K117,0328E84124,58.0,Fragrance 1,Callpoint 8910,-44.0,online,2026-08-14 03:19:05.114000+00:00,2026-08-14 03:31:42.298000+00:00,ST_UKTK_880(80/06/06)_Westfield White City
VOCO_K118,0328E840BF,0.0,Handbags 1,Callpoint 8910,-38.0,online,2026-08-14 03:25:32.966000+00:00,2026-08-14 03:31:42.298000+00:00,ST_UKTK_880(80/06/06)_Westfield White City
VOCO_K122,0328EA1176,0.0,Womens outerwear,Callpoint 8910,-34.0,online,2026-08-14 03:28:44.960000+00:00,2026-08-14 03:31:42.298000+00:00,ST_UKTK_880(80/06/06)_Westfield White City
VOCO_K101,0328E7428C,35.0,Click and collect,Callpoint 8910,-50.0,online,2026-08-14 03:16:28.029000+00:00,2026-08-14 03:30:23.272000+00:00,ST_UK_0797_Weybridge (25/04/04)
VOCO_K103,0328E7BD52,37.0,Fragrance,Callpoint 8910,-44.0,online,2026-08-14 03:25:31.432000+00:00,2026-08-14 03:30:23.272000+00:00,ST_UK_0797_Weybridge (25/04/04)
